,completion_code,job_id,q1,q10,q11,q12,q13,q14,q15,q16,q17,q18,q19,q2,q20,q21,q22,q23,q24,q25,q26,q27,q28,q29,q3,q30,q4,q5,q6,q7,q8,q9,ras_assertiveness,ras_q1,ras_q10,ras_q11,ras_q12,ras_q13,ras_q14,ras_q15,ras_q16,ras_q17,ras_q18,ras_q19,ras_q2,ras_q20,ras_q21,ras_q22,ras_q23,ras_q24,ras_q25,ras_q26,ras_q27,ras_q28,ras_q29,ras_q3,ras_q30,ras_q4,ras_q5,ras_q6,ras_q7,ras_q8,ras_q9,ras_time_spent,time_spent,time_start,time_stop,timestamp,worker_bonus,worker_id
0,ras:1UqrJ,3PA41K45WQA509QNVQVW5D7U1XU7P9,-2,-2,-1,-2,1,-3,-2,-1,-2,-1,-1,-2,1,2,2,-2,-2,3,-1,1,2,2,3,-2,-3,-3,2,2,3,-3,51,-2,-2,-1,-2,1,-3,-2,-1,-2,-1,-1,-2,1,2,2,-2,-2,3,-1,1,2,2,3,-2,-3,-3,2,2,3,-3,161,161,1575597051.866979,1575597213.0076709,2019-12-06 02:53:33.241563,0,AQV46#####8WI
1,ras:ReOoO,3PA41K45WQA509QNVQVW5D7U1XU7P9,-2,1,2,1,-1,2,-1,-1,2,1,-1,1,1,-1,2,-2,1,2,2,1,2,2,-2,-2,-2,-2,1,-2,2,-2,15,-2,1,2,1,-1,2,-1,-1,2,1,-1,1,1,-1,2,-2,1,2,2,1,2,2,-2,-2,-2,-2,1,-2,2,-2,196,196,1575599013.1356063,1575599208.7771907,2019-12-06 03:26:48.952083,0,A1OZR#####OZY5
2,ras:BBwpE,3PA41K45WQA509QNVQVW5D7U1XU7P9,2,3,3,3,2,-2,-1,1,1,-2,2,1,-1,1,2,-1,2,-1,3,-3,-3,-1,1,1,1,2,2,-3,-2,1,-28,2,3,3,3,2,-2,-1,1,1,-2,2,1,-1,1,2,-1,2,-1,3,-3,-3,-1,1,1,1,2,2,-3,-2,1,106,106,1575599275.9116166,1575599382.0195305,2019-12-06 03:29:42.231960,0,A1OSE#####3NFB
3,ras:9u4fs,3PA41K45WQA509QNVQVW5D7U1XU7P9,2,-3,-1,3,3,3,3,2,-1,-3,3,2,-2,2,1,1,1,-2,2,-3,1,-1,-2,-1,2,1,2,-3,-1,2,-41,2,-3,-1,3,3,3,3,2,-1,-3,3,2,-2,2,1,1,1,-2,2,-3,1,-1,-2,-1,2,1,2,-3,-1,2,169,169,1575599398.7542574,1575599567.419179,2019-12-06 03:32:47.662678,0,A2S0M#####8DF
4,ras:Oqun7,3PA41K45WQA509QNVQVW5D7U1XU7P9,-3,3,-3,-3,-3,-3,-3,-3,-3,3,3,-3,-2,3,3,-3,-3,3,-3,3,3,-1,3,-3,3,-3,3,1,3,-3,67,-3,3,-3,-3,-3,-3,-3,-3,-3,3,3,-3,-2,3,3,-3,-3,3,-3,3,3,-1,3,-3,3,-3,3,1,3,-3,96,96,1575600968.478592,1575601064.7709656,2019-12-06 03:57:44.928124,0,AV5FC#####SKR
5,ras:4If4l,3PA41K45WQA509QNVQVW5D7U1XU7P9,1,-3,3,3,3,-3,-2,3,1,-1,2,3,1,1,-1,1,1,-2,3,-1,2,1,-1,3,-1,-1,2,-2,1,1,-24,1,-3,3,3,3,-3,-2,3,1,-1,2,3,1,1,-1,1,1,-2,3,-1,2,1,-1,3,-1,-1,2,-2,1,1,214,214,1575601072.2314954,1575601285.7379315,2019-12-06 04:01:25.974558,0,A2T1J#####QHH9
6,ras:uMZKl,3PA41K45WQA509QNVQVW5D7U1XU7P9,-3,1,-3,-3,1,-3,-3,-3,-3,3,-1,-3,-3,3,1,-3,-3,3,-3,3,3,3,3,-3,-3,-3,2,2,3,-3,72,-3,1,-3,-3,1,-3,-3,-3,-3,3,-1,-3,-3,3,1,-3,-3,3,-3,3,3,3,3,-3,-3,-3,2,2,3,-3,64,64,1575601439.8408122,1575601504.2588153,2019-12-06 04:05:04.533120,0,A2E3T#####Q9XU
7,ras:tKFg2,3PA41K45WQA509QNVQVW5D7U1XU7P9,-3,2,-3,-3,-3,-3,-3,-3,-3,2,2,-3,2,3,3,-3,-3,2,-3,3,2,3,2,-3,-3,-3,2,2,2,-3,76,-3,2,-3,-3,-3,-3,-3,-3,-3,2,2,-3,2,3,3,-3,-3,2,-3,3,2,3,2,-3,-3,-3,2,2,2,-3,79,79,1575601488.0390782,1575601567.246794,2019-12-06 04:06:07.508859,0,A3QCK#####AAVE
8,ras:So9uH,3PA41K45WQA509QNVQVW5D7U1XU7P9,-1,-2,2,3,3,2,2,1,1,-1,1,2,1,1,1,2,2,-1,3,-1,-1,2,-2,2,1,1,2,-2,1,-1,-28,-1,-2,2,3,3,2,2,1,1,-1,1,2,1,1,1,2,2,-1,3,-1,-1,2,-2,2,1,1,2,-2,1,-1,110,110,1575601476.8498063,1575601586.7105632,2019-12-06 04:06:26.880644,0,A31J3#####PIMW
9,ras:WHsCS,3PA41K45WQA509QNVQVW5D7U1XU7P9,-2,-2,1,-2,2,-2,-2,3,-3,2,2,2,2,-2,1,-1,2,1,-2,1,1,3,2,-2,-2,-3,1,2,3,-2,26,-2,-2,1,-2,2,-2,-2,3,-3,2,2,2,2,-2,1,-1,2,1,-2,1,1,3,2,-2,-2,-3,1,2,3,-2,115,115,1575601494.2701259,1575601609.7292385,2019-12-06 04:06:49.963459,0,A2IMA#####8170
10,ras:g5YpX,3PA41K45WQA509QNVQVW5D7U1XU7P9,-2,1,1,1,2,-3,2,-2,-3,1,1,-1,1,3,3,-1,2,-1,2,1,2,2,-1,-1,2,-1,2,2,1,-3,21,-2,1,1,1,2,-3,2,-2,-3,1,1,-1,1,3,3,-1,2,-1,2,1,2,2,-1,-1,2,-1,2,2,1,-3,120,120,1575601491.9344187,1575601612.0772936,2019-12-06 04:06:52.208624,0,A21XQ#####HL4A
11,ras:L7SBO,3PA41K45WQA509QNVQVW5D7U1XU7P9,2,1,2,3,2,1,2,-2,2,3,2,3,1,2,-1,-2,2,3,-1,2,3,2,2,-1,3,2,1,2,3,2,2,2,1,2,3,2,1,2,-2,2,3,2,3,1,2,-1,-2,2,3,-1,2,3,2,2,-1,3,2,1,2,3,2,87,87,1575601582.785284,1575601669.3205335,2019-12-06 04:07:50.058046,0,A2V68#####OWI1
12,ras:IDzg4,3PA41K45WQA509QNVQVW5D7U1XU7P9,1,-3,2,-1,1,1,-1,1,-2,1,-2,3,-1,1,-1,-3,1,-1,1,-1,-1,-1,1,1,1,-3,1,-3,-1,-2,-8,1,-3,2,-1,1,1,-1,1,-2,1,-2,3,-1,1,-1,-3,1,-1,1,-1,-1,-1,1,1,1,-3,1,-3,-1,-2,69,69,1575601642.0653274,1575601711.0434062,2019-12-06 04:08:31.185121,0,A2YQ3#####COL1
13,ras:16Gn2,3PA41K45WQA509QNVQVW5D7U1XU7P9,3,-2,2,3,3,2,2,2,2,-2,3,3,-1,1,-2,1,2,-2,2,-2,-1,-2,-2,2,2,-1,1,-2,-2,2,-53,3,-2,2,3,3,2,2,2,2,-2,3,3,-1,1,-2,1,2,-2,2,-2,-1,-2,-2,2,2,-1,1,-2,-2,2,119,119,1575601661.0572188,1575601780.289196,2019-12-06 04:09:40.467205,0,AAURS#####SXC
14,ras:RdYG2,3PA41K45WQA509QNVQVW5D7U1XU7P9,1,-2,-2,-2,-2,1,-1,-2,-2,-2,3,1,-2,2,-2,-2,1,-2,-2,-2,-2,1,-1,1,-1,-3,-2,1,2,-2,2,1,-2,-2,-2,-2,1,-1,-2,-2,-2,3,1,-2,2,-2,-2,1,-2,-2,-2,-2,1,-1,1,-1,-3,-2,1,2,-2,168,168,1575601618.716691,1575601786.6009772,2019-12-06 04:09:46.835010,0,ALYR5#####2JC
15,ras:Lfgha,3PA41K45WQA509QNVQVW5D7U1XU7P9,2,3,-3,-3,-2,-3,-2,-2,-3,-1,1,-2,3,3,2,-1,1,2,1,-3,1,3,1,-2,-2,-2,1,1,1,-2,41,2,3,-3,-3,-2,-3,-2,-2,-3,-1,1,-2,3,3,2,-1,1,2,1,-3,1,3,1,-2,-2,-2,1,1,1,-2,165,165,1575601647.7401264,1575601812.631323,2019-12-06 04:10:12.856990,0,A2S5G#####4S7T
16,ras:1JEgB,3PA41K45WQA509QNVQVW5D7U1XU7P9,1,-1,-1,-2,-1,-2,1,-2,-1,2,-1,-1,-2,1,1,-1,2,-3,1,-2,-3,1,-3,1,1,-1,-1,-3,-2,-2,-7,1,-1,-1,-2,-1,-2,1,-2,-1,2,-1,-1,-2,1,1,-1,2,-3,1,-2,-3,1,-3,1,1,-1,-1,-3,-2,-2,78,78,1575601738.898348,1575601816.463047,2019-12-06 04:10:16.664935,0,A265Z#####2TGT
17,ras:XG8cr,3PA41K45WQA509QNVQVW5D7U1XU7P9,1,-3,3,3,3,-1,2,2,-2,-3,-1,2,-2,-2,-2,2,2,-2,1,-3,-1,-2,-2,1,2,2,2,-2,-1,1,-46,1,-3,3,3,3,-1,2,2,-2,-3,-1,2,-2,-2,-2,2,2,-2,1,-3,-1,-2,-2,1,2,2,2,-2,-1,1,153,153,1575601675.6703126,1575601828.279759,2019-12-06 04:10:28.556178,0,A1R8A#####N7RH
18,ras:2pUxU,3PA41K45WQA509QNVQVW5D7U1XU7P9,-2,2,-2,2,-2,-3,-3,-3,-3,-2,-2,-2,-2,2,3,-3,-3,3,-3,3,3,2,3,-2,-2,-3,1,-2,2,3,51,-2,2,-2,2,-2,-3,-3,-3,-3,-2,-2,-2,-2,2,3,-3,-3,3,-3,3,3,2,3,-2,-2,-3,1,-2,2,3,185,185,1575601656.7601948,1575601841.4564776,2019-12-06 04:10:41.704887,0,AJ9I2#####IS8
19,ras:ourXZ,3PA41K45WQA509QNVQVW5D7U1XU7P9,1,-2,2,3,2,-1,2,-1,-2,-2,1,1,-1,-2,-2,1,2,-2,2,-2,-2,-2,-3,2,1,-2,1,2,-2,-1,-32,1,-2,2,3,2,-1,2,-1,-2,-2,1,1,-1,-2,-2,1,2,-2,2,-2,-2,-2,-3,2,1,-2,1,2,-2,-1,174,174,1575601720.3909183,1575601894.3454223,2019-12-06 04:11:34.584954,0,A3JWP#####COBP
20,ras:Lim5Y,3PA41K45WQA509QNVQVW5D7U1XU7P9,-2,-1,1,-1,-1,1,-1,-2,1,-1,-1,-2,-1,1,1,-1,-1,-2,-2,-1,-1,-1,-1,-2,1,-1,-1,1,1,-1,8,-2,-1,1,-1,-1,1,-1,-2,1,-1,-1,-2,-1,1,1,-1,-1,-2,-2,-1,-1,-1,-1,-2,1,-1,-1,1,1,-1,65,65,1575601845.8852537,1575601910.8146992,2019-12-06 04:11:50.962164,0,A182N#####SCZG
21,ras:HFsFA,3PA41K45WQA509QNVQVW5D7U1XU7P9,-3,-1,3,-3,3,-3,-3,3,-3,-3,-3,3,3,3,3,3,-3,3,3,3,3,3,3,-3,-3,-3,3,-3,3,-3,38,-3,-1,3,-3,3,-3,-3,3,-3,-3,-3,3,3,3,3,3,-3,3,3,3,3,3,3,-3,-3,-3,3,-3,3,-3,105,105,1575601807.0562694,1575601911.6035457,2019-12-06 04:11:51.956698,0,A3SCN#####12HR
22,ras:1iVkT,3PA41K45WQA509QNVQVW5D7U1XU7P9,2,3,-3,-3,3,1,-1,-3,-3,1,3,-3,-1,2,-2,-2,2,-3,-2,1,-1,2,-2,-2,2,-1,2,-2,-1,-3,12,2,3,-3,-3,3,1,-1,-3,-3,1,3,-3,-1,2,-2,-2,2,-3,-2,1,-1,2,-2,-2,2,-1,2,-2,-1,-3,200,200,1575601715.899207,1575601915.891889,2019-12-06 04:11:56.218495,0,AV76C#####6U
23,ras:BoIId,3PA41K45WQA509QNVQVW5D7U1XU7P9,3,-3,1,2,3,-2,1,-2,1,-3,1,1,-3,1,3,2,3,-2,-3,2,1,-1,1,1,2,-3,-3,-3,-1,1,-23,3,-3,1,2,3,-2,1,-2,1,-3,1,1,-3,1,3,2,3,-2,-3,2,1,-1,1,1,2,-3,-3,-3,-1,1,198,198,1575601724.873163,1575601923.0275514,2019-12-06 04:12:03.222703,0,A2TI9#####47MZ
24,ras:zjx62,3PA41K45WQA509QNVQVW5D7U1XU7P9,3,2,3,-3,-3,-3,3,3,3,-3,-3,3,-3,-3,-3,3,3,-3,3,3,-1,-3,-3,-3,3,2,3,-3,-3,3,-40,3,2,3,-3,-3,-3,3,3,3,-3,-3,3,-3,-3,-3,3,3,-3,3,3,-1,-3,-3,-3,3,2,3,-3,-3,3,118,118,1575601807.0108078,1575601925.153538,2019-12-06 04:12:05.351558,0,A1NV5#####LC92
25,ras:c5AVn,3PA41K45WQA509QNVQVW5D7U1XU7P9,-1,2,-2,3,-2,1,1,-1,1,-3,1,-1,1,2,1,2,2,1,1,3,2,2,1,-3,2,1,2,1,3,-1,14,-1,2,-2,3,-2,1,1,-1,1,-3,1,-1,1,2,1,2,2,1,1,3,2,2,1,-3,2,1,2,1,3,-1,125,125,1575601804.76994,1575601929.9267461,2019-12-06 04:12:10.082418,0,AV2JA#####AJM
26,ras:21odj,3PA41K45WQA509QNVQVW5D7U1XU7P9,2,-3,3,-2,-2,-1,1,-2,2,-1,3,3,-3,1,-1,-2,-1,-3,1,-3,1,-1,-2,-2,2,-1,2,2,2,1,-14,2,-3,3,-2,-2,-1,1,-2,2,-1,3,3,-3,1,-1,-2,-1,-3,1,-3,1,-1,-2,-2,2,-1,2,2,2,1,175,175,1575601786.5935974,1575601962.0271041,2019-12-06 04:12:42.226331,0,AZ5ZY#####XDL
27,ras:mztJI,3PA41K45WQA509QNVQVW5D7U1XU7P9,-2,2,-1,-1,-2,-1,-1,-1,-1,-1,-2,-2,-1,2,-1,-1,-2,-2,1,-2,-2,1,-2,1,-1,-1,1,-1,2,-1,14,-2,2,-1,-1,-2,-1,-1,-1,-1,-1,-2,-2,-1,2,-1,-1,-2,-2,1,-2,-2,1,-2,1,-1,-1,1,-1,2,-1,146,146,1575601856.3643568,1575602002.230703,2019-12-06 04:13:22.437213,0,A1NLD#####2CX
28,ras:YesYl,3PA41K45WQA509QNVQVW5D7U1XU7P9,-2,-3,3,3,3,3,3,3,3,-3,3,-2,-3,-3,-2,3,3,-3,2,-2,-1,-2,-3,3,3,3,-3,-3,-3,3,-74,-2,-3,3,3,3,3,3,3,3,-3,3,-2,-3,-3,-2,3,3,-3,2,-2,-1,-2,-3,3,3,3,-3,-3,-3,3,149,149,1575601860.9707522,1575602010.0186667,2019-12-06 04:13:30.184748,0,A2WF2#####7OHV
29,ras:3yiIw,3PA41K45WQA509QNVQVW5D7U1XU7P9,2,1,-2,1,3,-2,1,2,-3,-3,2,1,-1,2,-2,1,1,-3,1,-1,1,-1,-2,1,3,1,-2,-3,1,1,-27,2,1,-2,1,3,-2,1,2,-3,-3,2,1,-1,2,-2,1,1,-3,1,-1,1,-1,-2,1,3,1,-2,-3,1,1,162,162,1575601862.8820035,1575602024.4065824,2019-12-06 04:13:44.624161,0,A1NWX#####0M8U
30,ras:fEdaU,3PA41K45WQA509QNVQVW5D7U1XU7P9,2,-2,3,3,3,-1,2,3,2,-3,3,1,1,-3,-1,2,3,-3,3,-3,-3,-3,-3,3,2,1,2,-3,3,-3,-53,2,-2,3,3,3,-1,2,3,2,-3,3,1,1,-3,-1,2,3,-3,3,-3,-3,-3,-3,3,2,1,2,-3,3,-3,169,169,1575601865.1817577,1575602034.4472134,2019-12-06 04:13:54.681372,0,A1P63#####GF5E
31,ras:s3iz2,3PA41K45WQA509QNVQVW5D7U1XU7P9,2,-1,-2,-1,2,1,2,1,-3,-3,1,-2,1,1,-1,3,2,-1,1,-3,-1,1,-2,-1,3,-1,-1,-3,1,1,-21,2,-1,-2,-1,2,1,2,1,-3,-3,1,-2,1,1,-1,3,2,-1,1,-3,-1,1,-2,-1,3,-1,-1,-3,1,1,148,148,1575601889.0704727,1575602037.2889366,2019-12-06 04:13:57.842701,0,A3DNY#####1FQF
32,ras:o8Ep0,3PA41K45WQA509QNVQVW5D7U1XU7P9,1,1,2,3,2,-1,-1,1,-1,-2,2,-3,-2,2,2,1,-1,-2,1,-3,-1,-1,-2,2,3,-1,1,1,1,-2,-13,1,1,2,3,2,-1,-1,1,-1,-2,2,-3,-2,2,2,1,-1,-2,1,-3,-1,-1,-2,2,3,-1,1,1,1,-2,120,120,1575601923.977258,1575602044.078595,2019-12-06 04:14:04.238539,0,A38C2#####2LTS
33,ras:oOZwK,3PA41K45WQA509QNVQVW5D7U1XU7P9,-1,1,-2,-3,-3,-1,-2,-2,-3,-3,-1,-2,-1,-1,-1,-2,-2,-1,-2,1,-1,-1,2,-2,-2,-2,-2,-1,-1,-1,24,-1,1,-2,-3,-3,-1,-2,-2,-3,-3,-1,-2,-1,-1,-1,-2,-2,-1,-2,1,-1,-1,2,-2,-2,-2,-2,-1,-1,-1,57,57,1575602013.974246,1575602071.1709733,2019-12-06 04:14:31.343291,0,AO2A1#####0KB
34,ras:WgSXV,3PA41K45WQA509QNVQVW5D7U1XU7P9,3,-1,3,3,3,2,3,2,3,-3,3,2,2,-2,-3,3,-3,-2,3,-3,-2,-1,-2,3,2,3,-1,1,2,2,-55,3,-1,3,3,3,2,3,2,3,-3,3,2,2,-2,-3,3,-3,-2,3,-3,-2,-1,-2,3,2,3,-1,1,2,2,164,164,1575601911.7749457,1575602076.0843298,2019-12-06 04:14:36.418251,0,A1618#####5OJV
35,ras:BDlLk,3PA41K45WQA509QNVQVW5D7U1XU7P9,1,1,2,1,2,1,1,1,1,2,2,2,2,2,1,-2,1,-1,-1,-1,1,-1,1,-1,1,1,2,2,1,2,-3,1,1,2,1,2,1,1,1,1,2,2,2,2,2,1,-2,1,-1,-1,-1,1,-1,1,-1,1,1,2,2,1,2,71,71,1575602031.9364016,1575602102.9625485,2019-12-06 04:15:03.144332,0,A1N53#####CR7Q
36,ras:lXHfc,3PA41K45WQA509QNVQVW5D7U1XU7P9,-1,2,-2,-2,-2,-2,2,-2,-2,-2,2,-3,1,1,1,1,2,2,-2,1,1,1,1,1,2,1,1,-3,-2,-2,14,-1,2,-2,-2,-2,-2,2,-2,-2,-2,2,-3,1,1,1,1,2,2,-2,1,1,1,1,1,2,1,1,-3,-2,-2,179,179,1575601927.5393977,1575602106.7769227,2019-12-06 04:15:07.024851,0,A233H#####FSNY
37,ras:BLL9u,3PA41K45WQA509QNVQVW5D7U1XU7P9,-2,2,-1,-2,-1,-1,-1,-2,-1,-1,1,-3,-1,1,1,-1,-1,-1,1,1,1,-1,-1,1,-1,1,-1,1,-1,-2,15,-2,2,-1,-2,-1,-1,-1,-2,-1,-1,1,-3,-1,1,1,-1,-1,-1,1,1,1,-1,-1,1,-1,1,-1,1,-1,-2,126,126,1575601981.967599,1575602107.7034018,2019-12-06 04:15:07.894776,0,A1N8T#####92QR
38,ras:Cd1vd,3PA41K45WQA509QNVQVW5D7U1XU7P9,-2,3,2,-3,-3,-2,2,-2,-2,-1,-1,-2,-3,3,2,3,-1,-3,2,-3,-3,2,-3,-3,3,1,-3,-1,-1,2,-5,-2,3,2,-3,-3,-2,2,-2,-2,-1,-1,-2,-3,3,2,3,-1,-3,2,-3,-3,2,-3,-3,3,1,-3,-1,-1,2,158,158,1575601965.1806753,1575602122.7784455,2019-12-06 04:15:23.012202,0,A1XAF#####H6S5
39,ras:2Mogo,3PA41K45WQA509QNVQVW5D7U1XU7P9,1,1,-2,1,1,-1,1,1,-2,-3,2,1,-2,1,2,-2,1,1,1,2,1,1,-2,-1,2,-2,2,-1,2,-2,5,1,1,-2,1,1,-1,1,1,-2,-3,2,1,-2,1,2,-2,1,1,1,2,1,1,-2,-1,2,-2,2,-1,2,-2,165,165,1575601962.0798783,1575602126.6579046,2019-12-06 04:15:26.854328,0,A3AD8#####C20E
40,ras:Y0cIn,3PA41K45WQA509QNVQVW5D7U1XU7P9,2,-1,-1,-1,-1,-1,-1,1,2,2,2,1,1,1,-1,2,1,-1,-1,-1,1,1,2,1,-1,-1,-1,-1,-2,-1,-3,2,-1,-1,-1,-1,-1,-1,1,2,2,2,1,1,1,-1,2,1,-1,-1,-1,1,1,2,1,-1,-1,-1,-1,-2,-1,135,135,1575602005.065843,1575602139.695096,2019-12-06 04:15:40.123294,0,AA116#####DS8
41,ras:SzzL5,3PA41K45WQA509QNVQVW5D7U1XU7P9,1,-1,2,1,2,-1,2,2,-1,-2,-1,2,-1,1,1,-2,2,-2,1,-1,-1,1,-2,1,2,-3,1,-3,2,-3,-14,1,-1,2,1,2,-1,2,2,-1,-2,-1,2,-1,1,1,-2,2,-2,1,-1,-1,1,-2,1,2,-3,1,-3,2,-3,209,209,1575601936.0801513,1575602144.935391,2019-12-06 04:15:45.094019,0,A1UBV#####VDVV
42,ras:Qe4bF,3PA41K45WQA509QNVQVW5D7U1XU7P9,-1,-1,-1,1,-1,-1,1,2,2,2,-2,1,2,2,2,-1,-1,-1,2,2,2,3,2,-1,-1,-1,2,2,-1,1,19,-1,-1,-1,1,-1,-1,1,2,2,2,-2,1,2,2,2,-1,-1,-1,2,2,2,3,2,-1,-1,-1,2,2,-1,1,48,48,1575602099.6674573,1575602147.4067028,2019-12-06 04:15:47.533623,0,A247P#####U86P
43,ras:j7lMe,3PA41K45WQA509QNVQVW5D7U1XU7P9,-3,3,-3,-3,-3,-3,3,-3,-3,3,3,-3,1,1,3,-3,3,-1,-3,3,3,1,1,-1,3,2,3,-3,3,-3,41,-3,3,-3,-3,-3,-3,3,-3,-3,3,3,-3,1,1,3,-3,3,-1,-3,3,3,1,1,-1,3,2,3,-3,3,-3,212,212,1575601945.4769313,1575602157.4141665,2019-12-06 04:15:57.739223,0,A2WJM#####QG3Z
44,ras:9qdCL,3PA41K45WQA509QNVQVW5D7U1XU7P9,2,1,3,3,1,3,3,1,3,-3,2,3,1,-2,-2,3,3,-2,1,-3,-3,-1,-1,3,3,1,1,-3,2,2,-55,2,1,3,3,1,3,3,1,3,-3,2,3,1,-2,-2,3,3,-2,1,-3,-3,-1,-1,3,3,1,1,-3,2,2,131,131,1575602039.6951497,1575602170.9227443,2019-12-06 04:16:11.164975,0,A224B#####MZSN
45,ras:eHIbD,3PA41K45WQA509QNVQVW5D7U1XU7P9,2,1,2,2,3,3,3,-2,3,-3,-1,1,1,2,1,1,1,2,1,2,3,-2,2,1,1,1,3,-2,1,1,-12,2,1,2,2,3,3,3,-2,3,-3,-1,1,1,2,1,1,1,2,1,2,3,-2,2,1,1,1,3,-2,1,1,159,159,1575602039.1923141,1575602198.1950037,2019-12-06 04:16:38.446527,0,A2AUR#####R39J
46,ras:he6Fs,3PA41K45WQA509QNVQVW5D7U1XU7P9,-3,-1,-3,-3,-3,-3,-3,-3,-3,2,-3,-3,-1,1,1,-3,-3,3,-3,3,3,2,3,-3,-3,-3,1,-3,3,-3,68,-3,-1,-3,-3,-3,-3,-3,-3,-3,2,-3,-3,-1,1,1,-3,-3,3,-3,3,3,2,3,-3,-3,-3,1,-3,3,-3,155,155,1575602087.3628953,1575602242.8569899,2019-12-06 04:17:23.091545,0,A2I9P#####ZBO8
47,ras:qZber,3PA41K45WQA509QNVQVW5D7U1XU7P9,1,-1,1,1,1,-1,1,-1,-1,-1,-2,1,-2,-1,-1,1,2,-1,1,1,1,-1,-1,1,1,-1,-1,-2,1,-1,-14,1,-1,1,1,1,-1,1,-1,-1,-1,-2,1,-2,-1,-1,1,2,-1,1,1,1,-1,-1,1,1,-1,-1,-2,1,-1,175,175,1575602105.1788251,1575602279.75795,2019-12-06 04:18:00.135601,0,A1GRL#####2RBJ
48,ras:aeZ6Q,3PA41K45WQA509QNVQVW5D7U1XU7P9,2,-2,-2,2,2,2,2,-2,-2,-2,-2,2,2,2,2,2,-2,-2,-2,2,-2,-2,2,3,2,2,-2,-2,2,2,-13,2,-2,-2,2,2,2,2,-2,-2,-2,-2,2,2,2,2,2,-2,-2,-2,2,-2,-2,2,3,2,2,-2,-2,2,2,150,150,1575602133.6761243,1575602283.4949045,2019-12-06 04:18:03.773390,0,AE2QW#####JAN
49,ras:tqVM0,3PA41K45WQA509QNVQVW5D7U1XU7P9,3,3,-3,-3,-3,-3,-3,-3,2,3,-3,-3,3,3,3,-3,-3,3,-3,3,3,3,3,-3,1,3,3,1,3,-3,67,3,3,-3,-3,-3,-3,-3,-3,2,3,-3,-3,3,3,3,-3,-3,3,-3,3,3,3,3,-3,1,3,3,1,3,-3,373,373,1575601952.601498,1575602326.0671656,2019-12-06 04:18:46.758101,0,A36G4#####F8V8
50,ras:9tPtP,3PA41K45WQA509QNVQVW5D7U1XU7P9,-1,-3,-1,-1,2,-1,1,1,-3,-2,1,-2,-3,-1,-2,-2,1,-1,1,-1,1,1,-1,1,1,-2,1,-1,2,-3,-3,-1,-3,-1,-1,2,-1,1,1,-3,-2,1,-2,-3,-1,-2,-2,1,-1,1,-1,1,1,-1,1,1,-2,1,-1,2,-3,120,120,1575602206.7403016,1575602326.9025078,2019-12-06 04:18:47.382562,0,A1PTK#####Z0QB
51,ras:f65Jq,3PA41K45WQA509QNVQVW5D7U1XU7P9,-1,-3,1,2,-2,-2,1,1,2,-2,2,2,-1,1,2,1,3,-2,3,-3,2,3,-2,-1,3,1,2,2,3,-2,-12,-1,-3,1,2,-2,-2,1,1,2,-2,2,2,-1,1,2,1,3,-2,3,-3,2,3,-2,-1,3,1,2,2,3,-2,159,159,1575602172.6944947,1575602331.7359326,2019-12-06 04:18:52.099239,0,A1UU7#####ILG6
52,ras:D1bqi,3PA41K45WQA509QNVQVW5D7U1XU7P9,1,-1,2,2,1,1,1,1,2,-2,-1,2,-1,-1,-1,-1,2,-3,2,-2,-1,-1,-3,1,2,1,-1,-2,1,-1,-36,1,-1,2,2,1,1,1,1,2,-2,-1,2,-1,-1,-1,-1,2,-3,2,-2,-1,-1,-3,1,2,1,-1,-2,1,-1,165,165,1575602183.5862386,1575602348.3988926,2019-12-06 04:19:08.781675,0,ABGFB#####C23
53,ras:TWjI8,3PA41K45WQA509QNVQVW5D7U1XU7P9,2,2,-2,-2,2,-2,-2,2,-2,-2,1,-2,2,2,2,-2,1,2,2,-3,-2,1,2,2,2,-2,1,2,3,-2,16,2,2,-2,-2,2,-2,-2,2,-2,-2,1,-2,2,2,2,-2,1,2,2,-3,-2,1,2,2,2,-2,1,2,3,-2,87,87,1575602285.0027046,1575602371.67453,2019-12-06 04:19:31.888154,0,A3BXI#####DUHW
54,ras:8HJIJ,3PA41K45WQA509QNVQVW5D7U1XU7P9,1,-1,3,2,-1,-1,1,2,-2,-1,-1,2,1,-1,-2,-1,1,2,3,-2,-1,2,2,2,1,-2,2,2,1,-2,-4,1,-1,3,2,-1,-1,1,2,-2,-1,-1,2,1,-1,-2,-1,1,2,3,-2,-1,2,2,2,1,-2,2,2,1,-2,120,120,1575602287.712589,1575602407.7740726,2019-12-06 04:20:08.075221,0,AHNFZ#####H6B
55,ras:wEq2U,3PA41K45WQA509QNVQVW5D7U1XU7P9,-2,1,-2,-2,-1,-3,-1,-2,-2,-1,-1,-2,1,2,2,-2,-3,1,-2,1,1,2,1,-2,1,-2,1,1,2,-3,46,-2,1,-2,-2,-1,-3,-1,-2,-2,-1,-1,-2,1,2,2,-2,-3,1,-2,1,1,2,1,-2,1,-2,1,1,2,-3,142,142,1575602304.0587285,1575602446.070312,2019-12-06 04:20:46.259580,0,A3RHF#####JC4V
56,ras:gwfoA,3PA41K45WQA509QNVQVW5D7U1XU7P9,1,2,-2,1,-2,-2,-2,-3,-1,2,-3,-3,1,3,-1,1,-2,-2,1,-2,-1,-1,2,-2,-1,-2,2,3,-2,1,26,1,2,-2,1,-2,-2,-2,-3,-1,2,-3,-3,1,3,-1,1,-2,-2,1,-2,-1,-1,2,-2,-1,-2,2,3,-2,1,144,144,1575602309.0660262,1575602452.8210366,2019-12-06 04:20:53.004835,0,A2X3F#####GHJU
57,ras:K68ek,3PA41K45WQA509QNVQVW5D7U1XU7P9,-3,3,-3,-3,-3,-3,-3,-3,-3,3,-3,-3,3,3,3,-3,3,3,-3,3,3,3,3,-3,3,3,3,3,3,-3,72,-3,3,-3,-3,-3,-3,-3,-3,-3,3,-3,-3,3,3,3,-3,3,3,-3,3,3,3,3,-3,3,3,3,3,3,-3,325,325,1575602146.444708,1575602471.3529272,2019-12-06 04:21:11.906689,0,A2DNC#####HCBS
58,ras:lNZWY,3PA41K45WQA509QNVQVW5D7U1XU7P9,2,2,-2,-3,-1,-3,-2,-3,-2,1,-1,-3,2,2,1,-3,1,1,-3,3,1,1,1,-3,1,-3,-1,-2,1,-3,44,2,2,-2,-3,-1,-3,-2,-3,-2,1,-1,-3,2,2,1,-3,1,1,-3,3,1,1,1,-3,1,-3,-1,-2,1,-3,153,153,1575602331.355222,1575602484.494133,2019-12-06 04:21:24.690568,0,A2QXN#####RNL7
59,ras:Bhcqs,3PA41K45WQA509QNVQVW5D7U1XU7P9,2,-1,-1,-3,-2,-3,-1,-1,-3,-2,-1,-3,-1,2,2,-2,-1,-2,-2,-3,-2,-1,-2,-2,1,-2,2,-2,2,-3,19,2,-1,-1,-3,-2,-3,-1,-1,-3,-2,-1,-3,-1,2,2,-2,-1,-2,-2,-3,-2,-1,-2,-2,1,-2,2,-2,2,-3,294,294,1575602200.9030242,1575602494.6131551,2019-12-06 04:21:34.816833,0,A1XRW#####K1J4
60,ras:9ISlW,3PA41K45WQA509QNVQVW5D7U1XU7P9,3,-3,3,3,3,-3,1,2,-1,-3,3,3,-3,-2,-1,2,2,-1,3,-3,-1,-3,1,3,2,-1,-1,-3,-3,1,-55,3,-3,3,3,3,-3,1,2,-1,-3,3,3,-3,-2,-1,2,2,-1,3,-3,-1,-3,1,3,2,-1,-1,-3,-3,1,216,216,1575602302.0192838,1575602518.3515985,2019-12-06 04:21:58.554998,0,A3SFM#####I36J
61,ras:Nv8BL,3PA41K45WQA509QNVQVW5D7U1XU7P9,-2,-1,2,1,1,-3,-2,-2,-2,-1,1,2,-2,3,3,-3,-3,-2,2,1,1,2,-1,-2,-2,-3,-1,-2,-1,-1,15,-2,-1,2,1,1,-3,-2,-2,-2,-1,1,2,-2,3,3,-3,-3,-2,2,1,1,2,-1,-2,-2,-3,-1,-2,-1,-1,211,211,1575602325.3101504,1575602536.6990128,2019-12-06 04:22:16.874256,0,A3P34#####IKQY
62,ras:hpqIJ,3PA41K45WQA509QNVQVW5D7U1XU7P9,1,-2,-2,-2,1,-3,-2,-2,-2,-2,-1,-2,-2,1,1,-3,-1,-1,1,2,2,1,2,-1,-2,-3,2,1,-1,-2,29,1,-2,-2,-2,1,-3,-2,-2,-2,-2,-1,-2,-2,1,1,-3,-1,-1,1,2,2,1,2,-1,-2,-3,2,1,-1,-2,212,212,1575602342.2114916,1575602554.672566,2019-12-06 04:22:35.007575,0,A3B1P#####AM2B
63,ras:Z7aSN,3PA41K45WQA509QNVQVW5D7U1XU7P9,2,1,2,3,3,2,1,3,2,-2,-1,2,-2,-2,-1,3,2,-1,3,-1,-1,1,1,3,1,-1,-1,-2,1,-2,-37,2,1,2,3,3,2,1,3,2,-2,-1,2,-2,-2,-1,3,2,-1,3,-1,-1,1,1,3,1,-1,-1,-2,1,-2,165,165,1575602407.1995049,1575602572.0508113,2019-12-06 04:22:52.197833,0,A2WKX#####LNT9
64,ras:udHcA,3PA41K45WQA509QNVQVW5D7U1XU7P9,-2,1,-2,-3,-1,-3,-2,-2,-3,-3,2,-3,1,2,-1,-3,-3,-2,1,1,-1,2,-3,-3,3,-3,1,-3,2,-3,27,-2,1,-2,-3,-1,-3,-2,-2,-3,-3,2,-3,1,2,-1,-3,-3,-2,1,1,-1,2,-3,-3,3,-3,1,-3,2,-3,301,301,1575602315.9176872,1575602617.2240238,2019-12-06 04:23:37.480533,0,A15VI#####YO50
65,ras:uEp7f,3PA41K45WQA509QNVQVW5D7U1XU7P9,-1,2,-2,-2,-1,-1,2,-2,1,-2,-1,-2,1,2,1,-2,-2,1,1,1,-1,1,1,1,1,-3,1,-2,1,-2,22,-1,2,-2,-2,-1,-1,2,-2,1,-2,-1,-2,1,2,1,-2,-2,1,1,1,-1,1,1,1,1,-3,1,-2,1,-2,320,320,1575602308.8136091,1575602629.2118511,2019-12-06 04:23:49.492684,0,A3TKB#####PXBA
66,ras:CTLl5,3PA41K45WQA509QNVQVW5D7U1XU7P9,-2,-2,1,1,-1,-3,-1,-2,-3,-3,-1,1,-2,-1,-1,-2,1,-1,-1,1,-1,1,1,1,2,-2,1,-2,1,-2,5,-2,-2,1,1,-1,-3,-1,-2,-3,-3,-1,1,-2,-1,-1,-2,1,-1,-1,1,-1,1,1,1,2,-2,1,-2,1,-2,336,336,1575602323.3418212,1575602659.5602176,2019-12-06 04:24:20.549719,0,A15F4#####42BK
67,ras:0JHju,3PA41K45WQA509QNVQVW5D7U1XU7P9,-2,-2,-1,-1,1,-1,-1,1,-1,-1,-1,-1,1,1,-1,1,-1,1,2,-1,1,1,1,2,-1,1,-1,-1,1,-1,4,-2,-2,-1,-1,1,-1,-1,1,-1,-1,-1,-1,1,1,-1,1,-1,1,2,-1,1,1,1,2,-1,1,-1,-1,1,-1,50,50,1575603061.5798018,1575603112.0644677,2019-12-06 04:31:52.254973,0,AWZCV#####PT
68,ras:i5VpR,3PA41K45WQA509QNVQVW5D7U1XU7P9,3,3,-1,-1,2,-1,2,1,-1,-1,-1,1,-1,1,-1,2,1,1,-1,-1,-1,1,-1,-1,2,2,-2,1,1,-2,-7,3,3,-1,-1,2,-1,2,1,-1,-1,-1,1,-1,1,-1,2,1,1,-1,-1,-1,1,-1,-1,2,2,-2,1,1,-2,88,88,1575603100.468856,1575603188.3909278,2019-12-06 04:33:08.583831,0,A3A8P#####0DWQ
69,ras:o1Ler,3PA41K45WQA509QNVQVW5D7U1XU7P9,-3,3,-3,-3,-3,-3,-3,-3,1,3,3,-3,3,3,-3,-3,-3,-2,-3,-3,-3,-1,2,-3,3,-3,2,-3,3,3,33,-3,3,-3,-3,-3,-3,-3,-3,1,3,3,-3,3,3,-3,-3,-3,-2,-3,-3,-3,-1,2,-3,3,-3,2,-3,3,3,103,103,1575603109.5203865,1575603212.6481836,2019-12-06 04:33:33.190776,0,A1V6C#####OSAR
70,ras:j9BMx,3PA41K45WQA509QNVQVW5D7U1XU7P9,-1,1,-1,-3,-2,-2,1,-2,-1,2,2,-2,1,2,2,-2,1,1,-2,2,1,3,1,-2,-2,-3,2,1,2,-3,45,-1,1,-1,-3,-2,-2,1,-2,-1,2,2,-2,1,2,2,-2,1,1,-2,2,1,3,1,-2,-2,-3,2,1,2,-3,150,150,1575603122.3823702,1575603272.761309,2019-12-06 04:34:32.928234,0,A1OZP#####1519
71,ras:jVyo8,3PA41K45WQA509QNVQVW5D7U1XU7P9,1,1,-2,-2,2,-3,1,-3,-1,-1,3,1,1,3,1,-2,2,-2,-1,1,1,1,-3,-2,2,1,1,-3,2,-3,9,1,1,-2,-2,2,-3,1,-3,-1,-1,3,1,1,3,1,-2,2,-2,-1,1,1,1,-3,-2,2,1,1,-3,2,-3,164,164,1575603114.1301727,1575603278.411084,2019-12-06 04:34:38.718368,0,A2090#####WA3F
72,ras:oW4l5,3PA41K45WQA509QNVQVW5D7U1XU7P9,2,2,-1,-2,1,-3,-3,-1,-2,3,-2,2,3,2,3,-2,-3,2,-1,2,-2,2,-1,-2,2,3,2,1,3,-2,36,2,2,-1,-2,1,-3,-3,-1,-2,3,-2,2,3,2,3,-2,-3,2,-1,2,-2,2,-1,-2,2,3,2,1,3,-2,121,121,1575603173.6411207,1575603294.835877,2019-12-06 04:34:55.076525,0,A2H8H#####4A58
73,ras:pioev,3PA41K45WQA509QNVQVW5D7U1XU7P9,-2,1,1,-1,2,2,1,1,1,-1,-1,1,1,-1,1,1,1,2,1,1,-1,1,2,1,-1,-2,1,2,2,-2,7,-2,1,1,-1,2,2,1,1,1,-1,-1,1,1,-1,1,1,1,2,1,1,-1,1,2,1,-1,-2,1,2,2,-2,95,95,1575603211.051165,1575603306.1908703,2019-12-06 04:35:06.333927,0,A345T#####DQ3G
74,ras:0TyBg,3PA41K45WQA509QNVQVW5D7U1XU7P9,2,2,3,1,-1,2,1,-2,1,2,1,1,-1,3,2,1,-1,1,-1,3,2,1,-2,-1,1,-1,2,3,1,-2,14,2,2,3,1,-1,2,1,-2,1,2,1,1,-1,3,2,1,-1,1,-1,3,2,1,-2,-1,1,-1,2,3,1,-2,104,104,1575603205.5560348,1575603309.2144527,2019-12-06 04:35:09.429861,0,A29CQ#####N3DJ
75,ras:SqVjT,3PA41K45WQA509QNVQVW5D7U1XU7P9,-2,-2,2,-2,1,-3,1,2,-3,-2,2,1,2,2,3,-1,-2,-1,-3,1,2,1,-1,-1,-2,-3,-2,-1,3,-3,21,-2,-2,2,-2,1,-3,1,2,-3,-2,2,1,2,2,3,-1,-2,-1,-3,1,2,1,-1,-1,-2,-3,-2,-1,3,-3,117,117,1575603214.3005874,1575603330.9503105,2019-12-06 04:35:31.112438,0,ASIIB#####7J7
76,ras:KGmat,3PA41K45WQA509QNVQVW5D7U1XU7P9,-1,2,-3,2,3,1,2,-1,-3,1,1,-3,2,-1,1,2,3,-2,3,1,1,1,-1,2,2,1,2,-3,2,1,-6,-1,2,-3,2,3,1,2,-1,-3,1,1,-3,2,-1,1,2,3,-2,3,1,1,1,-1,2,2,1,2,-3,2,1,182,182,1575603150.1095953,1575603332.4731228,2019-12-06 04:35:32.656579,0,A2RMR#####75XZ
77,ras:kjt9L,3PA41K45WQA509QNVQVW5D7U1XU7P9,2,2,2,2,2,2,1,2,2,2,1,-2,1,1,2,-2,1,1,1,2,1,1,-1,1,-1,2,2,2,1,2,-1,2,2,2,2,2,2,1,2,2,2,1,-2,1,1,2,-2,1,1,1,2,1,1,-1,1,-1,2,2,2,1,2,165,165,1575603188.1316175,1575603353.530747,2019-12-06 04:35:53.937188,0,A3JW2#####7ZTU
78,ras:lKjOJ,3PA41K45WQA509QNVQVW5D7U1XU7P9,2,-3,2,1,-2,-2,2,-1,-1,-1,2,1,-2,-3,1,1,3,-2,2,-1,-2,-1,1,1,-1,-2,-1,-2,-1,-1,-24,2,-3,2,1,-2,-2,2,-1,-1,-1,2,1,-2,-3,1,1,3,-2,2,-1,-2,-1,1,1,-1,-2,-1,-2,-1,-1,155,155,1575603332.3645296,1575603487.216611,2019-12-06 04:38:07.515443,0,A12HW#####ITHD
79,ras:Ymkzq,3PA41K45WQA509QNVQVW5D7U1XU7P9,-1,1,-1,-1,1,-1,-1,1,2,-3,2,-1,1,1,-1,1,2,-1,1,1,1,2,1,1,-1,1,1,-3,2,-2,0,-1,1,-1,-1,1,-1,-1,1,2,-3,2,-1,1,1,-1,1,2,-1,1,1,1,2,1,1,-1,1,1,-3,2,-2,191,191,1575603358.294762,1575603549.4322197,2019-12-06 04:39:09.677984,0,A2QBB#####PTYR
80,ras:1jcbu,3PA41K45WQA509QNVQVW5D7U1XU7P9,-2,-2,1,-2,2,-3,2,1,-2,-2,-1,1,-2,2,-1,-1,3,-2,2,-1,2,1,-1,1,1,-2,2,2,2,2,-3,-2,-2,1,-2,2,-3,2,1,-2,-2,-1,1,-2,2,-1,-1,3,-2,2,-1,2,1,-1,1,1,-2,2,2,2,2,110,110,1575603440.6662366,1575603551.1438835,2019-12-06 04:39:11.563493,0,A38A8#####ZMDV
81,ras:uQ8Ae,3PA41K45WQA509QNVQVW5D7U1XU7P9,-2,3,-3,-3,-3,-3,-3,-3,-3,3,1,-3,-1,2,3,-3,1,-1,-3,1,1,2,-2,-3,-1,-1,2,3,3,-3,57,-2,3,-3,-3,-3,-3,-3,-3,-3,3,1,-3,-1,2,3,-3,1,-1,-3,1,1,2,-2,-3,-1,-1,2,3,3,-3,112,112,1575603453.5021482,1575603565.0084345,2019-12-06 04:39:25.183227,0,A2QX3#####HHVV
82,ras:TXfQV,3PA41K45WQA509QNVQVW5D7U1XU7P9,3,-3,3,3,3,-1,2,-2,-3,-3,3,3,-3,-1,-2,3,3,-3,3,-3,-2,1,-3,2,3,2,2,-3,-2,3,-58,3,-3,3,3,3,-1,2,-2,-3,-3,3,3,-3,-1,-2,3,3,-3,3,-3,-2,1,-3,2,3,2,2,-3,-2,3,177,177,1575603390.6274974,1575603567.452634,2019-12-06 04:39:27.628670,0,A8YLQ#####KPR
83,ras:K8mzu,3PA41K45WQA509QNVQVW5D7U1XU7P9,2,-1,1,1,3,-1,2,2,1,-2,2,1,1,-1,1,1,2,1,1,-1,-1,-1,1,1,2,-1,2,-1,1,-1,-20,2,-1,1,1,3,-1,2,2,1,-2,2,1,1,-1,1,1,2,1,1,-1,-1,-1,1,1,2,-1,2,-1,1,-1,195,195,1575603389.6972508,1575603584.5600417,2019-12-06 04:39:44.722227,0,A1O6W#####9R9C
84,ras:ZwOsi,3PA41K45WQA509QNVQVW5D7U1XU7P9,1,2,3,3,2,2,-1,3,2,2,3,2,-1,-2,1,3,3,-3,2,-2,1,-2,-3,3,1,3,2,1,-1,1,-41,1,2,3,3,2,2,-1,3,2,2,3,2,-1,-2,1,3,3,-3,2,-2,1,-2,-3,3,1,3,2,1,-1,1,141,141,1575603449.1318803,1575603590.3797767,2019-12-06 04:39:50.511602,0,A36P1#####F567
85,ras:F9EgR,3PA41K45WQA509QNVQVW5D7U1XU7P9,2,3,2,1,2,2,2,1,-2,-2,2,2,2,2,2,2,2,-2,1,-1,-1,-1,-2,2,1,1,1,-2,3,1,-22,2,3,2,1,2,2,2,1,-2,-2,2,2,2,2,2,2,2,-2,1,-1,-1,-1,-2,2,1,1,1,-2,3,1,236,236,1575603361.7779515,1575603597.8412228,2019-12-06 04:39:58.041154,0,AJQ71#####1HZ
86,ras:uvOIf,3PA41K45WQA509QNVQVW5D7U1XU7P9,1,-1,-2,2,-1,-3,1,1,-1,-3,2,1,-1,1,-1,1,1,-2,-2,-2,-1,-1,-1,-1,2,1,-1,-2,2,-1,-15,1,-1,-2,2,-1,-3,1,1,-1,-3,2,1,-1,1,-1,1,1,-2,-2,-2,-1,-1,-1,-1,2,1,-1,-2,2,-1,133,133,1575603469.896324,1575603602.445372,2019-12-06 04:40:02.599318,0,A2DV8#####RIL0
87,ras:6R4tM,3PA41K45WQA509QNVQVW5D7U1XU7P9,-1,2,-1,-2,1,-3,-2,-2,-2,-1,-1,-2,-2,2,-1,-2,-2,2,2,-1,2,-1,2,-1,-1,-3,2,-2,1,-2,29,-1,2,-1,-2,1,-3,-2,-2,-2,-1,-1,-2,-2,2,-1,-2,-2,2,2,-1,2,-1,2,-1,-1,-3,2,-2,1,-2,182,182,1575603436.447611,1575603618.4574835,2019-12-06 04:40:18.739829,0,A14AD#####6TDY
88,ras:2Abpr,3PA41K45WQA509QNVQVW5D7U1XU7P9,1,2,-3,-3,1,-3,-2,-2,-3,1,1,-2,-1,2,-1,-1,-1,-1,-3,-1,1,1,2,-1,2,-3,2,-3,3,-3,32,1,2,-3,-3,1,-3,-2,-2,-3,1,1,-2,-1,2,-1,-1,-1,-1,-3,-1,1,1,2,-1,2,-3,2,-3,3,-3,198,198,1575603457.5243552,1575603655.1754086,2019-12-06 04:40:55.532210,0,AS6BW#####DYV
89,ras:GlcZu,3PA41K45WQA509QNVQVW5D7U1XU7P9,-1,2,-2,-2,-2,-2,-2,-2,-2,3,-2,-3,2,2,1,-2,-2,2,-2,-2,1,2,-1,-2,-1,-1,3,-1,2,-2,48,-1,2,-2,-2,-2,-2,-2,-2,-2,3,-2,-3,2,2,1,-2,-2,2,-2,-2,1,2,-1,-2,-1,-1,3,-1,2,-2,219,219,1575603449.300179,1575603667.9762487,2019-12-06 04:41:08.193523,0,A14Z1#####JEON
90,ras:dPbYR,3PA41K45WQA509QNVQVW5D7U1XU7P9,2,-1,2,3,1,-1,2,3,1,-2,2,3,1,1,-2,2,3,-2,2,-3,-2,-1,-3,2,2,2,-1,-1,-1,3,-51,2,-1,2,3,1,-1,2,3,1,-2,2,3,1,1,-2,2,3,-2,2,-3,-2,-1,-3,2,2,2,-1,-1,-1,3,173,173,1575603515.6311238,1575603688.1313875,2019-12-06 04:41:28.395007,0,A1FAJ#####S6CX
91,ras:CLtNh,3PA41K45WQA509QNVQVW5D7U1XU7P9,-1,-2,2,1,1,-2,2,1,2,-2,2,-1,1,1,2,2,1,-1,1,1,2,2,1,1,2,-1,2,-2,2,1,-7,-1,-2,2,1,1,-2,2,1,2,-2,2,-1,1,1,2,2,1,-1,1,1,2,2,1,1,2,-1,2,-2,2,1,174,174,1575603531.0947623,1575603705.2021573,2019-12-06 04:41:45.354767,0,A2KDO#####8S8D
92,ras:lfQv9,3PA41K45WQA509QNVQVW5D7U1XU7P9,1,1,-1,-2,-2,-2,1,-3,-3,-1,-2,-1,-1,-1,1,-2,1,1,-1,2,2,1,1,-1,-2,-2,2,1,1,-2,33,1,1,-1,-2,-2,-2,1,-3,-3,-1,-2,-1,-1,-1,1,-2,1,1,-1,2,2,1,1,-1,-2,-2,2,1,1,-2,265,265,1575603483.4933882,1575603748.1795135,2019-12-06 04:42:28.382588,0,A2XS5#####MG9N
93,ras:8eQ9Z,3PA41K45WQA509QNVQVW5D7U1XU7P9,-2,1,-2,1,3,-2,-3,-3,-3,-2,-2,-1,-3,3,3,-3,-2,-2,3,3,3,3,3,-1,-2,3,3,-2,3,-3,35,-2,1,-2,1,3,-2,-3,-3,-3,-2,-2,-1,-3,3,3,-3,-2,-2,3,3,3,3,3,-1,-2,3,3,-2,3,-3,434,434,1575603397.7041888,1575603831.2952201,2019-12-06 04:43:51.617195,0,A2QO8#####DXU2
94,ras:tJTyx,3PA41K45WQA509QNVQVW5D7U1XU7P9,-3,3,-3,-3,-3,-3,-3,-2,-3,-1,2,-3,-3,2,3,-3,-3,1,-1,-1,1,1,2,-2,2,-2,1,-1,3,-3,47,-3,3,-3,-3,-3,-3,-3,-2,-3,-1,2,-3,-3,2,3,-3,-3,1,-1,-1,1,1,2,-2,2,-2,1,-1,3,-3,615,615,1575603426.0979848,1575604041.0867097,2019-12-06 04:47:21.399097,0,A2S6J#####VW1R
95,ras:yQjsc,3PA41K45WQA509QNVQVW5D7U1XU7P9,2,1,3,-2,1,-2,-2,2,-2,-2,1,2,-1,1,1,-2,-1,-1,1,1,-1,-1,1,1,1,-2,1,-2,2,1,-2,2,1,3,-2,1,-2,-2,2,-2,-2,1,2,-1,1,1,-2,-1,-1,1,1,-1,-1,1,1,1,-2,1,-2,2,1,131,131,1575605687.853157,1575605819.2487636,2019-12-06 05:16:59.513729,0,A1GMG#####0V7T
96,ras:EJLf3,3PA41K45WQA509QNVQVW5D7U1XU7P9,-2,1,-2,-2,1,1,-1,1,-2,1,2,-1,-1,2,2,-1,-2,-1,1,1,1,2,-1,-1,2,1,-1,1,1,-2,15,-2,1,-2,-2,1,1,-1,1,-2,1,2,-1,-1,2,2,-1,-2,-1,1,1,1,2,-1,-1,2,1,-1,1,1,-2,85,85,1575605800.1091478,1575605885.0705214,2019-12-06 05:18:05.268276,0,A1GV0#####2ORS
97,ras:fDySV,3PA41K45WQA509QNVQVW5D7U1XU7P9,-3,-1,-3,2,-3,3,1,-2,3,3,3,-1,-1,2,3,2,1,-2,-3,1,3,3,-1,1,2,-3,3,3,3,-3,22,-3,-1,-3,2,-3,3,1,-2,3,3,3,-1,-1,2,3,2,1,-2,-3,1,3,3,-1,1,2,-3,3,3,3,-3,170,170,1575605745.0286572,1575605914.895114,2019-12-06 05:18:35.122171,0,ALZDJ#####919
98,ras:Wx4kG,3PA41K45WQA509QNVQVW5D7U1XU7P9,2,1,3,3,3,2,2,1,-2,-3,2,2,1,2,1,2,2,-1,2,1,1,1,-1,-1,3,-2,-1,-1,1,1,-23,2,1,3,3,3,2,2,1,-2,-3,2,2,1,2,1,2,2,-1,2,1,1,1,-1,-1,3,-2,-1,-1,1,1,342,342,1575605848.401899,1575606190.8927786,2019-12-06 05:23:11.492891,0,A1UY2#####CWN
99,ras:gn95U,3PA41K45WQA509QNVQVW5D7U1XU7P9,1,1,-1,-1,1,-1,-1,1,1,-1,1,2,-1,1,1,-2,-1,1,-1,1,-1,-2,2,1,-1,-1,1,-1,-1,2,1,1,1,-1,-1,1,-1,-1,1,1,-1,1,2,-1,1,1,-2,-1,1,-1,1,-1,-2,2,1,-1,-1,1,-1,-1,2,68,68,1575609826.373818,1575609894.6066606,2019-12-06 06:24:54.906656,0,AZ62O#####EYR
100,ras:N1Fjm,3PA41K45WQA509QNVQVW5D7U1XU7P9,2,3,2,1,2,3,2,3,3,2,2,-1,3,3,2,1,3,2,2,3,3,3,2,3,3,2,2,3,2,3,-3,2,3,2,1,2,3,2,3,3,2,2,-1,3,3,2,1,3,2,2,3,3,3,2,3,3,2,2,3,2,3,135,135,1575612091.1958237,1575612225.9517977,2019-12-06 07:03:46.460347,0,A41ZM#####BVC
101,ras:uWAvB,3PA41K45WQA509QNVQVW5D7U1XU7P9,-2,3,-2,-2,-3,-1,2,-2,-2,2,2,-3,-1,3,3,-2,1,-2,-1,2,2,-1,-1,2,2,-2,1,2,-2,-3,27,-2,3,-2,-2,-3,-1,2,-2,-2,2,2,-3,-1,3,3,-2,1,-2,-1,2,2,-1,-1,2,2,-2,1,2,-2,-3,323,323,1575612120.6970303,1575612443.385168,2019-12-06 07:07:23.643719,0,A27NB#####JS8Q
102,ras:SyhAz,3PA41K45WQA509QNVQVW5D7U1XU7P9,2,2,1,-2,1,2,1,-1,2,2,1,1,2,2,-1,1,-1,1,2,1,2,-1,-1,1,-1,1,-1,1,-1,1,-4,2,2,1,-2,1,2,1,-1,2,2,1,1,2,2,-1,1,-1,1,2,1,2,-1,-1,1,-1,1,-1,1,-1,1,108,108,1575614528.5935898,1575614636.116655,2019-12-06 07:43:56.276001,0,A1PP1#####QA79
103,ras:uTMiq,3PA41K45WQA509QNVQVW5D7U1XU7P9,-2,3,-3,-3,-2,-3,-2,-3,-3,3,-2,-2,1,3,2,1,1,2,-3,2,3,3,2,-3,1,1,2,-2,3,-2,56,-2,3,-3,-3,-2,-3,-2,-3,-3,3,-2,-2,1,3,2,1,1,2,-3,2,3,3,2,-3,1,1,2,-2,3,-2,253,253,1575615595.3545759,1575615848.442913,2019-12-06 08:04:08.954997,0,AWDVZ#####E7K
104,ras:1PgqU,3PA41K45WQA509QNVQVW5D7U1XU7P9,1,-2,-3,-1,-3,-3,-3,-2,-3,-3,-3,-2,-3,-3,-3,1,-3,-3,-3,-2,-1,-3,-1,-2,-1,-2,-1,-2,-1,-1,5,1,-2,-3,-1,-3,-3,-3,-2,-3,-3,-3,-2,-3,-3,-3,1,-3,-3,-3,-2,-1,-3,-1,-2,-1,-2,-1,-2,-1,-1,48,48,1575637715.1877007,1575637763.2377956,2019-12-06 14:09:23.388518,0,A2XBT#####QXAY
