,cc_beta,cc_criterion,cc_false_alarm_avg_click_delay,cc_false_alarm_rate,cc_false_alarms,cc_hit_avg_click_delay,cc_hit_rate,cc_hits,cc_sensitivity,cpc_expected_value,cpc_expected_value_max,cpc_expected_value_min,cpc_q1,cpc_q10,cpc_q2,cpc_q3,cpc_q4,cpc_q5,cpc_q6,cpc_q7,cpc_q8,cpc_q9,cpc_time_spent,exp_ultimatum_game_experience,job_id,min_offer,ras_assertiveness,ras_q1,ras_q10,ras_q11,ras_q12,ras_q13,ras_q14,ras_q15,ras_q16,ras_q17,ras_q18,ras_q19,ras_q2,ras_q20,ras_q21,ras_q22,ras_q23,ras_q24,ras_q25,ras_q26,ras_q27,ras_q28,ras_q29,ras_q3,ras_q30,ras_q4,ras_q5,ras_q6,ras_q7,ras_q8,ras_q9,ras_time_spent,resp_time_spent,risk_expected_value,risk_q1,risk_q2,risk_q3,risk_q4,risk_time_spent,time_start,time_stop,timestamp,worker_id,status,updated,resp_worker_id
0,0.7862472003636766,-0.14646590795280967,271.0,0.25,1,290.0,0.8333333333333334,5,1.6419113162977828,9.5323,9.657,7.236,14.0,6.5,2.2333,30.0,14.565,5.16,14.5,2.565,-9.0,14.8,50,0,3ZRKL6Z1FBBDFUREJ7TOND2DE7RSG5,40,65,-1,3,-3,-3,-3,-3,-3,-3,3,3,-3,-3,2,1,3,-2,-2,3,-3,3,3,3,1,-3,-3,-3,-1,3,-1,-1,115,11,3.0125,1.05,1.5,3.5,6.0,52,1571056545.3309476,1571056556.0365305,2019-10-14 14:35:56.185999,A3819#####M0T9,judged,1571057346.7160122,A3GQR#####AQJY
1,0.7447665023958179,1.266671753738323,0.0,0.0,0,0.0,0.0,0,-0.2326447467246302,9.5323,9.657,7.236,14.0,6.5,2.2333,30.0,14.565,5.16,14.5,2.565,-9.0,14.8,74,0,3ZRKL6Z1FBBDFUREJ7TOND2DE7RSG5,50,32,-2,2,-1,-1,-1,1,-1,2,-1,2,-1,-2,3,2,1,-2,-1,1,-3,-2,1,2,-1,-2,-3,-1,-1,3,-2,-2,227,12,1.82,1.04,1.2000000000000002,2.0,3.04,62,1571057666.3684585,1571057678.5935998,2019-10-14 14:54:38.768904,AKJ22#####IQX,judged,1571058737.4256322,A3PKT#####WR97
2,1.7663033243692394,0.35981104054027524,0.0,0.0,0,362.75,0.6666666666666666,4,1.5810766796714653,10.6715,14.767,4.751,14.0,6.5,13.0,30.0,14.565,5.16,14.5,2.565,-9.0,15.425,61,150,3ZRKL6Z1FBBDFUREJ7TOND2DE7RSG5,40,46,-3,3,-2,-3,-2,-1,-2,-1,1,1,-2,-3,2,1,1,-2,-2,3,-3,2,2,2,3,-1,-2,1,-2,2,1,2,95,21,1.82,1.04,1.2000000000000002,2.0,3.04,39,1571058897.4684784,1571058918.0786278,2019-10-14 15:15:18.204137,AKOOC#####15H,judged,1571062182.5756145,A272X#####FYLB
3,0.6262834321863123,-0.4837107830508505,205.0,0.5,2,232.0,0.8333333333333334,5,0.967421566101701,10.2117,13.277,4.9885,14.0,6.5,2.2333,30.0,14.565,3.4167,14.5,2.565,-1.0875,15.425,122,1,3ZRKL6Z1FBBDFUREJ7TOND2DE7RSG5,50,-5,2,-3,-1,3,-2,2,2,-1,1,2,-2,-1,-1,-3,1,2,-2,3,-2,-1,3,-2,3,2,-2,2,-3,-1,2,2,153,8,4.645,1.09,1.99,5.5,10.0,101,1571086692.8196352,1571086700.93062,2019-10-14 22:58:21.305585,A33L6#####76DB,judged,1571087649.855854,AECDI#####BY2
4,1.7663033243692394,0.7905383398357327,0.0,0.0,0,420.0,0.3333333333333333,2,0.7196220810805503,8.6673,9.766,4.3035,7.0,6.5,13.0,10.22,14.565,5.16,14.5,2.015,-1.0875,14.8,9,0,3NZ1E5QA727O9BBUOSYYC9O9S0SB5A,50,-34,-2,-2,2,2,1,2,2,3,3,-3,-2,3,-2,-2,-2,2,3,2,-2,-2,2,-2,1,2,-2,2,-2,2,-2,3,107,9,2.035,1.02,1.6,1.53,3.9899999999999998,18,1571308429.3958256,1571308437.9440758,2019-10-17 12:33:58.081980,A30KY#####7JER,judged,1571310065.2368743,A30UE#####UCWX
5,0.7447665023958179,1.266671753738323,0.0,0.0,0,0.0,0.0,0,-0.2326447467246302,8.9341,9.384,5.7013,14.0,4.1583,13.0,10.22,11.525,5.16,15.0,2.565,-1.0875,14.8,45,2,3NZ1E5QA727O9BBUOSYYC9O9S0SB5A,50,-1,-1,-1,-1,-1,-1,-1,-1,-1,-1,-1,-1,-1,-1,-2,-1,1,-1,-1,-1,-1,-1,-1,-1,-1,-1,1,-1,-1,-1,-1,151,21,3.0125,1.05,1.5,3.5,6.0,44,1571311805.8967166,1571311826.7078288,2019-10-17 13:30:26.864291,A1YGF#####B30G,judged,1571313959.2813222,A3V11#####S412
6,1.7663033243692394,0.35981104054027524,0.0,0.0,0,374.25,0.6666666666666666,4,1.5810766796714653,9.8479,13.37,3.1963,14.0,4.1583,2.2333,30.0,11.525,5.16,14.5,2.565,-1.0875,15.425,202,3,3NZ1E5QA727O9BBUOSYYC9O9S0SB5A,40,4,-2,2,-2,-2,-2,-1,1,1,3,-1,-1,-1,-1,2,-2,2,-1,1,-1,1,1,1,1,-1,1,2,-2,-2,1,2,228,26,1.9525,1.0499999999999998,1.2000000000000002,2.52,3.04,106,1571316512.6840742,1571316538.7605302,2019-10-17 14:48:58.941013,AMPMT#####MK8,judged,1571320147.7561085,A1578#####377Y
7,1.2554175313546803,0.33724487509804085,472.0,0.25,1,232.0,0.5,3,0.6744897501960817,10.2617,12.137,6.2285,14.0,6.5,2.2333,30.0,14.565,3.4167,15.0,2.565,-1.0875,15.425,52,0,3NCN4N1H2JNSZ0H0SSUK6QOVJL0NBK,45,-13,1,1,-3,1,-3,3,2,-1,1,1,1,-2,-2,-2,-2,2,1,-1,-2,-3,1,-2,-1,1,-1,2,-2,3,1,2,94,16,4.27,1.09,1.99,5.0,9.0,30,1571338053.8197477,1571338069.4618297,2019-10-17 20:47:49.685687,A1F2G#####WQ6M,judged,1571339874.0849655,A1LRJ#####32TM
8,1.2554175313546803,-0.33724487509804085,117.33333333333333,0.75,3,85.66666666666667,0.5,3,-0.6744897501960817,10.1455,12.047,7.7772,14.0,4.1583,13.0,30.0,14.565,3.4167,14.5,2.015,-9.0,14.8,20,6,3NCN4N1H2JNSZ0H0SSUK6QOVJL0NBK,60,13,-2,-1,-2,-3,-2,-1,-2,-3,-2,-1,-2,-1,-3,-2,-1,-2,-3,-1,-2,-3,-2,-1,-2,-2,-3,-2,-1,-2,-3,-2,56,13,3.2325,1.0499999999999998,1.38,3.5,7.0,10,1571340379.5126011,1571340392.305704,2019-10-17 21:26:32.843010,A1YFV#####CXSF,judged,1571340932.6547368,A3K3Z#####R0ZH
9,0.7447665023958179,-0.1163223733623151,0.0,0.0,0,403.3333333333333,1.0,6,2.533343507476646,11.2161,11.957,7.6922,14.0,4.1583,13.0,30.0,14.565,5.16,15.0,2.565,-1.0875,14.8,40,0,3NCN4N1H2JNSZ0H0SSUK6QOVJL0NBK,35,-74,-1,-3,3,3,3,3,3,3,3,-3,3,3,-3,-3,-3,3,3,-3,3,-3,-3,-3,-3,3,-3,3,-1,1,-3,3,109,9,2.2225,1.0499999999999998,1.3299999999999998,2.52,3.9899999999999998,20,1571340384.5829434,1571340393.6609313,2019-10-17 21:26:33.821462,A28JA#####GGAZ,judged,1571340982.0013864,A2XUA#####1HQ5
10,1.2137316295023657,1.0588854732388544,0.0,0.0,0,442.0,0.16666666666666666,1,0.18292781427430682,11.5128,14.712,5.241,14.0,6.5,13.0,30.0,14.565,5.16,15.0,2.565,-1.0875,15.425,55,0,3NCN4N1H2JNSZ0H0SSUK6QOVJL0NBK,100,-21,1,1,2,1,-1,-1,3,1,1,3,1,-1,-1,-2,-1,-3,2,-3,-1,-1,-1,-1,2,1,1,3,-3,1,-2,3,175,14,2.015,0.9900000000000001,1.08,2.0,3.9899999999999998,41,1571341255.744821,1571341269.2994895,2019-10-17 21:41:09.543373,A10AV#####R4UQ,judged,1571342490.492728,A2REV#####A1RR
11,0.9114094758506123,-0.21536364964772872,200.0,0.5,2,282.0,0.6666666666666666,4,0.43072729929545744,9.1881,10.161,5.4323,14.0,4.1583,13.0,10.22,14.565,5.16,14.5,2.565,-1.0875,14.8,125,1,3NZ1E5QA727O9BBUOSYYC9O9S0SB5A,45,-22,-1,3,-1,2,-2,3,-1,3,2,-1,2,-1,-1,2,-2,2,-2,-2,-2,-2,-2,-1,-2,-1,-1,3,-2,-1,-3,3,146,42,4.645,1.09,1.99,5.5,10.0,26,1571343120.8314116,1571343162.5658286,2019-10-17 22:12:42.700351,,judgeable,1571343862.9343123,A15FX#####NW31
12,1.9379909592455802,0.5751746901880039,0.0,0.0,0,255.0,0.5,3,1.1503493803760079,8.8791,9.394,5.3888,14.0,4.1583,13.0,10.22,11.525,5.16,15.0,2.015,-1.0875,14.8,74,0,3S4TINXCD3TAHLHCT7UXLFO09VBBOT,50,79,-3,-1,-3,-3,-3,-3,-3,-3,-3,3,-3,-3,3,3,3,-3,-3,3,-3,3,3,3,3,-3,-3,-3,1,3,-1,-2,159,10,4.645,1.09,1.99,5.5,10.0,56,1571346158.9487395,1571346169.151578,2019-10-17 23:02:49.292167,A1N7O#####03D8,judged,1571346621.9548457,A1DIW#####9CMO
13,0.9114094758506123,-0.21536364964772872,305.0,0.5,2,305.25,0.6666666666666666,4,0.43072729929545744,9.7248,10.222,7.6922,7.0,4.1583,13.0,30.0,14.565,5.16,15.0,2.565,-9.0,14.8,266,35,3S4TINXCD3TAHLHCT7UXLFO09VBBOT,40,28,-1,2,-2,-2,-1,1,-2,2,3,1,-1,-3,1,3,-1,-1,-3,2,-3,-1,1,1,1,-1,-1,-1,-1,3,2,2,223,13,4.1975,1.08,1.71,5.0,9.0,221,1571347164.9530635,1571347178.0191247,2019-10-17 23:19:38.251703,A22DF#####GRLV,judged,1571349285.753568,A297O#####0XS3
14,1.7663033243692394,0.35981104054027524,0.0,0.0,0,395.75,0.6666666666666666,4,1.5810766796714653,10.6715,14.767,4.751,14.0,6.5,13.0,30.0,14.565,5.16,14.5,2.565,-9.0,15.425,141,3,3S4TINXCD3TAHLHCT7UXLFO09VBBOT,10,15,1,1,1,2,1,2,-2,-1,-1,1,-1,-2,2,2,1,1,-1,1,-1,1,1,1,1,-1,-2,-1,-1,2,-1,2,295,10,2.2225,1.0499999999999998,1.3299999999999998,2.52,3.9899999999999998,104,1571347626.8474338,1571347636.8884568,2019-10-17 23:27:17.048609,A1F1O#####77D8,judged,1571349458.840825,A3LVL#####1ZD7
15,0.7447665023958179,-0.1163223733623151,0.0,0.0,0,380.0,1.0,6,2.533343507476646,10.5472,13.652,6.8785,14.0,6.5,13.0,30.0,14.565,3.4167,15.0,2.565,-9.0,15.425,59,50,33KGGVH25XNWYWDCS1O4YG2KZNQX12,5,16,-2,3,-2,3,-2,3,3,3,3,3,-2,-3,3,3,-1,3,-3,2,-2,2,2,3,1,-2,2,3,-2,3,1,2,75,5,4.6225,1.0,1.99,5.5,10.0,18,1571349694.8029087,1571349700.0509322,2019-10-18 00:01:40.715113,A3NCE#####7GUI,judged,1571350385.6884117,A2NA2#####COZY
16,0.7447665023958179,-0.1163223733623151,0.0,0.0,0,262.8333333333333,1.0,6,2.533343507476646,10.8128,14.062,4.491,7.0,6.5,13.0,30.0,14.565,5.16,15.0,2.565,-1.0875,15.425,113,20,33KGGVH25XNWYWDCS1O4YG2KZNQX12,40,-26,1,-2,-1,3,-3,3,1,2,3,1,1,-1,-3,-1,-1,2,-2,2,-1,1,-2,-2,2,3,-1,3,-3,-1,-2,2,151,14,3.0125,1.0499999999999998,1.5,3.5,6.0,93,1571349456.1322613,1571349469.9002502,2019-10-17 23:57:50.070931,A1ZN6#####VVAH,judged,1571350425.8622684,A1FYW#####KN1O
17,0.7447665023958179,1.266671753738323,0.0,0.0,0,0.0,0.0,0,-0.2326447467246302,9.2465,10.61,7.6087,7.0,4.1583,13.0,30.0,11.525,3.4167,15.0,2.565,-9.0,14.8,149,0,33KGGVH25XNWYWDCS1O4YG2KZNQX12,50,-54,3,-3,3,3,3,3,3,3,3,3,-2,3,-3,-3,-3,3,-3,-1,3,3,-3,-3,3,3,3,1,-3,-2,-3,1,133,10,1.76,1.0,1.0,2.0,3.04,55,1571349521.2110126,1571349531.6930947,2019-10-17 23:58:51.909841,AMYUR#####C8T,judged,1571350570.674392,APB33#####EWK
18,0.7447665023958179,1.266671753738323,0.0,0.0,0,0.0,0.0,0,-0.2326447467246302,11.4628,15.852,4.001,14.0,6.5,13.0,30.0,14.565,5.16,14.5,2.565,-1.0875,15.425,84,10,33KGGVH25XNWYWDCS1O4YG2KZNQX12,40,9,-1,-1,-1,-2,-1,-1,-1,1,1,-1,-2,1,-1,1,1,2,-1,-2,-1,1,2,-2,1,1,-1,-1,1,1,2,1,55,12,3.02,1.08,1.5,3.5,6.0,54,1571349863.7569232,1571349875.5037766,2019-10-18 00:04:35.792351,A2ZXE#####1E16,judged,1571350631.1436226,A1Z8A#####IV43
19,1.7663033243692394,0.35981104054027524,0.0,0.0,0,348.25,0.6666666666666666,4,1.5810766796714653,10.5472,13.652,6.8785,14.0,6.5,13.0,30.0,14.565,3.4167,15.0,2.565,-9.0,15.425,194,0,33KGGVH25XNWYWDCS1O4YG2KZNQX12,0,44,-1,1,-1,-1,-1,-1,-1,-1,-1,2,-1,-1,1,2,2,-2,-2,2,-2,2,2,2,2,-2,-1,-1,2,1,1,-2,131,11,2.2225,1.0499999999999998,1.3299999999999998,2.52,3.9899999999999998,192,1571349743.76695,1571349754.8925626,2019-10-18 00:02:35.042904,A1FNN#####BU8U,judged,1571350808.5818558,A3RHJ#####GY2U
20,1.2137316295023657,0.09146390713715341,0.0,0.0,0,351.6,0.8333333333333334,5,2.117770946477709,11.4628,15.852,4.001,14.0,6.5,13.0,30.0,14.565,5.16,14.5,2.565,-1.0875,15.425,79,1,33KGGVH25XNWYWDCS1O4YG2KZNQX12,40,58,-3,2,-2,-3,-3,1,-3,-2,-1,3,-2,-3,3,3,1,-1,-3,3,-3,2,2,3,2,-3,-2,-1,-1,2,-2,-1,152,14,3.0125,1.05,1.5,3.5,6.0,62,1571350781.2099845,1571350795.6710856,2019-10-18 00:19:55.858906,A3O0E#####CZ92,judged,1571351562.22705,A27SR#####XUHM
21,1.7663033243692394,0.35981104054027524,0.0,0.0,0,380.75,0.6666666666666666,4,1.5810766796714653,10.0894,10.497,6.5522,14.0,4.1583,2.2333,30.0,14.565,5.16,14.5,2.565,-1.0875,14.8,31,0,33KGGVH25XNWYWDCS1O4YG2KZNQX12,40,0,-1,-3,2,1,-1,2,-2,3,3,3,-3,-1,2,-2,1,2,-3,3,2,2,-1,-1,3,3,-2,2,-2,2,-1,-1,110,88,1.245,1.0,1.0,1.0,1.9800000000000002,53,1571351039.530737,1571351127.8370955,2019-10-18 00:25:28.028377,A29SM#####K9NU,judged,1571351665.058017,A2MSV#####3WIU
22,0.7447665023958179,1.266671753738323,0.0,0.0,0,0.0,0.0,0,-0.2326447467246302,8.8791,9.394,5.3888,14.0,4.1583,13.0,10.22,11.525,5.16,15.0,2.015,-1.0875,14.8,104,0,33KGGVH25XNWYWDCS1O4YG2KZNQX12,45,-22,-2,-1,1,-1,1,2,1,2,1,-1,-1,1,1,-2,-2,-2,2,-2,-1,-1,-2,-1,-2,-1,1,-1,-1,-1,-3,1,207,46,3.875,1.0,1.0,3.5,10.0,102,1571350978.1517775,1571351023.712067,2019-10-18 00:23:44.050586,APGX2#####WDN,judged,1571352218.4456275,A3MJC#####K0US
23,0.6262834321863123,-0.4837107830508505,240.5,0.5,2,277.8,0.8333333333333334,5,0.967421566101701,6.9906,8.679,3.2412,7.0,4.1583,2.2333,10.22,11.525,3.4167,15.0,2.015,-1.0875,15.425,15,0,33KGGVH25XNWYWDCS1O4YG2KZNQX12,50,21,1,-1,-1,1,-1,-1,-1,-2,-1,-1,-2,-1,1,2,1,-1,-2,2,-1,-1,1,2,1,1,-1,-1,1,3,-1,2,75,8,4.645,1.09,1.99,5.5,10.0,70,1571352779.8278418,1571352788.0950894,2019-10-18 00:53:08.259087,A2O7L#####IHAF,judged,1571353135.771928,A3J85#####FYW0
24,0.48245473974625286,-0.3542521884522782,225.0,0.25,1,289.1666666666667,1.0,6,2.0574838772967197,8.1791,8.744,4.6388,7.0,4.1583,13.0,10.22,11.525,5.16,15.0,2.015,-1.0875,14.8,26,0,33KGGVH25XNWYWDCS1O4YG2KZNQX12,50,-8,2,3,-2,-3,-3,3,-2,2,1,1,1,-3,2,-2,-3,-1,1,-1,-2,-2,-2,-2,-2,-1,-2,3,-3,-1,1,3,142,6,4.645,1.09,1.99,5.5,10.0,20,1571352808.8235922,1571352814.597488,2019-10-18 00:53:34.777099,A18XF#####1OL1,judged,1571353279.0932882,AADRV#####H75
25,0.7447665023958179,-0.1163223733623151,0.0,0.0,0,315.5,1.0,6,2.533343507476646,10.1208,11.235,7.4712,14.0,4.1583,13.0,30.0,11.525,5.16,15.0,2.565,-9.0,14.8,81,2,33KGGVH25XNWYWDCS1O4YG2KZNQX12,10,-73,2,-2,2,3,-1,3,1,3,3,-2,3,3,-2,-3,-3,3,2,-3,2,-3,-3,-3,-2,3,3,3,-2,-1,-3,3,115,20,4.645,1.09,1.99,5.5,10.0,64,1571352797.2718878,1571352817.414048,2019-10-18 00:53:37.592079,A3V1V#####YN17,judged,1571353486.0648024,A2E3S#####ENIR
26,0.7447665023958179,1.266671753738323,0.0,0.0,0,0.0,0.0,0,-0.2326447467246302,8.1064,6.431,6.4598,14.0,4.1583,2.2333,10.22,14.565,5.16,15.0,2.015,-1.0875,14.8,16,0,33KGGVH25XNWYWDCS1O4YG2KZNQX12,50,1,-1,-1,-1,1,1,-1,-1,1,-1,2,1,1,1,-1,1,-1,-1,1,1,-1,-1,1,-1,-1,-1,1,-1,-1,1,1,62,7,2.625,1.02,1.5,3.0,4.98,6,1571353117.047604,1571353123.7896805,2019-10-18 00:58:43.991864,A30MP#####MIFD,judged,1571353494.5059757,A230G#####3SE7
27,0.7447665023958179,1.266671753738323,0.0,0.0,0,0.0,0.0,0,-0.2326447467246302,9.3844,8.717,6.7298,7.0,4.1583,2.2333,30.0,14.565,5.16,15.0,2.015,-1.0875,14.8,72,0,33KGGVH25XNWYWDCS1O4YG2KZNQX12,50,5,-2,-3,-1,-2,-1,2,-2,-1,2,3,-3,1,-1,-1,-2,-1,-2,1,-1,-2,2,-1,-1,-2,1,2,2,2,-2,2,146,13,3.825,1.08,1.71,4.5,8.01,44,1571352894.153729,1571352907.1270115,2019-10-18 00:55:07.282145,A21UA#####AIQJ,judged,1571353730.502003,AZCGF#####O10
28,0.7447665023958179,1.266671753738323,0.0,0.0,0,0.0,0.0,0,-0.2326447467246302,8.9341,9.384,5.7013,14.0,4.1583,13.0,10.22,11.525,5.16,15.0,2.565,-1.0875,14.8,158,0,33KGGVH25XNWYWDCS1O4YG2KZNQX12,50,-28,1,3,-3,1,3,3,3,3,3,-3,2,-3,-3,-3,-3,-2,-1,3,-2,3,-3,-3,-1,-1,3,2,-3,-1,-3,-1,229,12,3.0125,1.05,1.5,3.5,6.0,16,1571352877.6233857,1571352889.299179,2019-10-18 00:54:49.483070,A18QU#####Q8DF,judged,1571353775.9661133,AIVOF#####LGM
29,0.38429823361288545,-0.691497063550319,158.0,0.5,2,230.0,1.0,6,1.382994127100638,9.7873,12.732,5.3073,7.0,4.1583,13.0,30.0,14.565,5.16,15.0,2.565,-9.0,15.425,78,0,33KGGVH25XNWYWDCS1O4YG2KZNQX12,45,62,-2,2,1,-3,-2,-3,-2,-3,-2,3,-3,-3,3,3,3,-1,-2,2,-3,3,2,2,1,-3,-3,-1,-1,2,1,-1,123,12,3.75,1.0,1.0,3.0,10.0,62,1571353019.360936,1571353031.6561952,2019-10-18 00:57:11.917109,A379F#####3SVU,judged,1571353880.3262868,A3FBC#####Z05K
30,1.7663033243692394,0.35981104054027524,0.0,0.0,0,355.5,0.6666666666666666,4,1.5810766796714653,7.7524,7.934,4.2488,14.0,4.1583,2.2333,10.22,11.525,5.16,14.5,2.015,-1.0875,14.8,26,2,33KGGVH25XNWYWDCS1O4YG2KZNQX12,25,17,-1,-1,-1,-1,-2,1,-1,-1,2,1,-2,-1,1,1,1,1,-2,2,1,1,1,1,1,-1,-1,1,1,2,-1,2,114,11,2.3425,1.0499999999999998,1.3299999999999998,3.0,3.9899999999999998,21,1571353864.4328818,1571353874.9579148,2019-10-18 01:11:15.171805,A1EN3#####SXQQ,judged,1571354236.8165798,A320Q#####UOZO
31,1.1441994342256387,0.5526085247457696,322.0,0.25,1,215.5,0.3333333333333333,2,0.24376245090062415,7.7642,11.216,3.556,7.0,6.5,13.0,10.22,14.565,3.4167,14.5,2.015,-9.0,15.425,29,54,33KGGVH25XNWYWDCS1O4YG2KZNQX12,50,16,-3,-1,-2,-1,-3,-1,-2,-1,-2,-1,-3,-2,-2,-1,-2,-1,-2,-3,-2,-1,-2,-2,-1,-3,-2,-3,-1,-2,-1,-3,66,11,1.795,0.9900000000000001,1.2000000000000002,1.0,3.9899999999999998,32,1571353921.9787164,1571353933.0286684,2019-10-18 01:12:13.378366,A25KG#####OAOJ,judged,1571354464.159432,A3IE3#####XFGN
32,0.7447665023958179,1.266671753738323,0.0,0.0,0,0.0,0.0,0,-0.2326447467246302,7.9996,10.096,4.0348,14.0,4.1583,2.2333,10.22,14.565,3.4167,14.5,2.565,-1.0875,15.425,21,0,33KGGVH25XNWYWDCS1O4YG2KZNQX12,40,11,-2,-2,-2,-1,3,2,-3,-2,-2,1,2,1,2,1,-2,-1,-1,2,2,1,-2,-2,1,1,-1,-2,2,2,2,1,78,8,3.19,1.0499999999999998,1.71,4.0,6.0,44,1571353970.0450008,1571353977.7402713,2019-10-18 01:12:57.872407,ASVRL#####UD9,judged,1571354490.4274302,A14WL#####EKO0
33,1.0,0.0,429.0,0.5,2,375.0,0.5,3,0.0,8.4956,12.031,1.9848,7.0,4.1583,13.0,10.22,14.565,5.16,14.5,2.015,-1.0875,15.425,79,1,33KGGVH25XNWYWDCS1O4YG2KZNQX12,40,-8,-1,1,-1,1,2,2,2,-1,2,-1,-1,-2,2,-1,-2,2,-1,1,-2,1,1,-1,-1,-1,1,2,-1,1,-2,2,154,81,3.17,1.08,1.6,4.0,6.0,57,1571353902.7347,1571353983.9526968,2019-10-18 01:13:04.125737,A1CE3#####PXSS,judged,1571354491.2973964,A2XQ3#####ZNYB
34,0.6262834321863123,-0.4837107830508505,245.0,0.5,2,273.0,0.8333333333333334,5,0.967421566101701,9.6611,9.745,7.7088,14.0,4.1583,2.2333,30.0,11.525,3.4167,15.0,2.565,-1.0875,14.8,108,10,33KGGVH25XNWYWDCS1O4YG2KZNQX12,20,14,-1,-2,2,-3,-1,-2,-3,-1,1,3,-3,2,1,2,2,-2,-3,-1,1,-1,3,-3,1,3,-2,-1,-2,-1,1,2,162,8,2.765,1.08,1.5,3.5,4.98,61,1571354117.5314512,1571354125.4438791,2019-10-18 01:15:25.608767,A2N9U#####DQ9F,judged,1571354810.2592912,A3RVX#####ATQ
35,1.1441994342256387,0.12188122545031213,361.0,0.25,1,218.5,0.6666666666666666,4,1.1052170494915392,10.4661,12.447,5.7023,7.0,4.1583,13.0,30.0,14.565,5.16,14.5,2.565,-1.0875,14.8,95,20,33KGGVH25XNWYWDCS1O4YG2KZNQX12,35,11,-2,2,1,-1,-3,-2,-1,-3,3,-1,-2,-3,2,2,-2,1,-3,1,2,-2,-2,-1,2,1,-2,2,-1,3,-2,2,181,15,4.47,1.0499999999999998,1.3299999999999998,5.5,10.0,82,1571355000.3707645,1571355015.1808589,2019-10-18 01:30:15.466731,AXY0D#####E2A,judged,1571355870.3571892,A2IP3#####V8M9
36,0.7447665023958179,1.266671753738323,0.0,0.0,0,0.0,0.0,0,-0.2326447467246302,10.8621,13.46,5.4813,14.0,4.1583,13.0,30.0,11.525,5.16,14.5,2.565,-1.0875,14.8,49,1,33KGGVH25XNWYWDCS1O4YG2KZNQX12,50,4,-1,1,1,1,2,1,-1,-2,-2,2,2,1,3,1,2,2,1,1,2,1,2,3,2,2,1,1,-1,-1,-2,-1,39,8,4.645,1.09,1.99,5.5,10.0,41,1571355330.4221249,1571355338.7478783,2019-10-18 01:35:38.881678,AB5T5#####D47,judged,1571356232.408595,A3A82#####Q2CV
37,1.9379909592455802,0.5751746901880039,0.0,0.0,0,470.0,0.5,3,1.1503493803760079,7.1024,6.144,4.7388,7.0,4.1583,2.2333,10.22,11.525,5.16,15.0,2.015,-1.0875,14.8,43,2000,33KGGVH25XNWYWDCS1O4YG2KZNQX12,50,5,-3,3,3,-3,-3,3,3,-1,3,1,2,-1,-2,2,3,3,-3,-1,-1,-3,3,1,-1,-1,-2,3,-2,3,-1,-1,114,18,4.645,1.09,1.99,5.5,10.0,36,1571355319.4672768,1571355337.0265033,2019-10-18 01:35:38.146132,A2Y5I#####FR8H,judged,1571356482.3730478,A1WL3#####EOWP
38,0.7447665023958179,-0.1163223733623151,0.0,0.0,0,239.83333333333334,1.0,6,2.533343507476646,10.4373,14.522,4.8173,14.0,4.1583,13.0,30.0,14.565,5.16,14.5,2.565,-9.0,15.425,145,0,33KGGVH25XNWYWDCS1O4YG2KZNQX12,40,3,-2,1,-3,-3,-3,2,-2,2,3,3,1,2,-1,-2,3,-1,-1,-1,1,-1,2,-2,-2,2,-2,-2,-3,3,-1,2,176,15,1.365,1.08,1.38,2.0,1.0,159,1571355036.0944583,1571355051.261474,2019-10-18 01:30:51.412521,A2QNV#####UVMU,judged,1571357147.8764396,A1Q4Z#####7K6I
39,0.7862472003636766,-0.14646590795280967,375.0,0.25,1,275.6,0.8333333333333334,5,1.6419113162977828,9.2078,12.99,3.2675,7.0,6.5,2.2333,30.0,11.525,3.4167,14.5,2.565,-1.0875,15.425,87,15,33KGGVH25XNWYWDCS1O4YG2KZNQX12,45,20,-1,2,-1,-2,-2,-1,-2,-3,-2,2,-1,-2,-2,-2,-2,-1,-2,2,-1,-1,-1,-1,1,-2,-2,2,-2,2,-2,-1,149,9,2.19,1.0499999999999998,1.2000000000000002,2.52,3.9899999999999998,32,1571355337.680228,1571355346.5057817,2019-10-18 01:35:46.719849,A25R2#####Q1OW,judged,1571357699.8312337,A2287#####EZ56
40,0.7447665023958179,1.266671753738323,0.0,0.0,0,0.0,0.0,0,-0.2326447467246302,9.8354,9.72,6.8213,14.0,4.1583,2.2333,30.0,11.525,5.16,15.0,2.565,-1.0875,14.8,30,1,33KGGVH25XNWYWDCS1O4YG2KZNQX12,50,-2,-1,1,1,1,1,1,1,1,1,1,1,-1,1,1,-1,-1,1,-1,1,1,1,1,-1,1,-1,-1,-2,2,1,1,59,11,2.595,1.02,1.38,3.0,4.98,14,1571358148.5412736,1571358159.7586322,2019-10-18 02:22:39.883946,A2NY4#####7O1C,judged,1571358743.7352853,AWCET#####7N4
41,1.7663033243692394,0.7905383398357327,0.0,0.0,0,368.5,0.3333333333333333,2,0.7196220810805503,8.7173,8.626,5.5435,7.0,6.5,13.0,10.22,14.565,5.16,15.0,2.015,-1.0875,14.8,69,5,33KGGVH25XNWYWDCS1O4YG2KZNQX12,50,-54,2,-3,3,3,3,3,1,3,3,-2,-2,3,-2,-3,-3,3,1,3,3,-3,-2,-2,3,3,1,3,-1,3,-3,3,267,27,2.2225,1.0499999999999998,1.3299999999999998,2.52,3.9899999999999998,189,1571357874.0799549,1571357900.9290888,2019-10-18 02:18:21.261853,A2LV5#####1S39,judged,1571359069.8735774,A13FU#####LBUY
42,0.7447665023958179,1.266671753738323,0.0,0.0,0,0.0,0.0,0,-0.2326447467246302,10.4847,11.142,9.2635,14.0,6.5,13.0,30.0,14.565,3.4167,15.0,2.565,-9.0,14.8,100,0,33KGGVH25XNWYWDCS1O4YG2KZNQX12,50,8,-2,1,-2,-2,-2,-1,2,-1,-2,1,-2,-2,-1,-1,-2,2,1,-1,-2,1,-2,-1,-1,-2,-1,2,-2,2,2,2,249,16,3.0125,1.05,1.5,3.5,6.0,50,1571358292.2671428,1571358308.2981167,2019-10-18 02:25:08.474740,AS4E9#####O5Z,judged,1571359100.0928092,A16RL#####18F5
43,1.1441994342256387,0.12188122545031213,162.0,0.25,1,284.25,0.6666666666666666,4,1.1052170494915392,10.9746,14.83,4.3363,14.0,4.1583,13.0,30.0,11.525,5.16,15.0,2.565,-1.0875,15.425,68,1,33KGGVH25XNWYWDCS1O4YG2KZNQX12,5,15,-1,-2,-1,-2,-2,-2,-2,-1,-1,2,-2,-1,-2,-3,-2,-2,-2,1,-2,-2,-2,-2,-1,-2,-2,-2,1,-1,-1,-2,115,7,2.19,1.0499999999999998,1.2000000000000002,2.52,3.9899999999999998,31,1571359230.4143088,1571359237.1732395,2019-10-18 02:40:37.337890,A2D32#####IRH,judged,1571359700.9682448,A2UZT#####UBGE
44,0.7447665023958179,-0.1163223733623151,0.0,0.0,0,340.1666666666667,1.0,6,2.533343507476646,11.1736,15.617,3.7548,14.0,4.1583,13.0,30.0,14.565,5.16,14.5,2.015,-1.0875,15.425,115,0,33KGGVH25XNWYWDCS1O4YG2KZNQX12,45,10,1,-2,-1,-1,-1,-2,-2,-1,2,2,1,-2,2,-2,-2,-1,-1,-1,-3,-1,1,1,2,-2,1,-1,2,-2,-2,1,157,12,2.595,1.02,1.38,3.0,4.98,50,1571359447.633032,1571359459.292466,2019-10-18 02:44:19.475092,A1B14#####7008,judged,1571360009.280466,A3BLJ#####ZC9U
45,1.1441994342256387,0.5526085247457696,342.0,0.25,1,434.0,0.3333333333333333,2,0.24376245090062415,11.0912,12.575,6.3425,14.0,6.5,13.0,30.0,11.525,5.16,15.0,2.015,-1.0875,14.8,92,0,33KGGVH25XNWYWDCS1O4YG2KZNQX12,50,20,-2,-3,2,-1,-2,1,-1,-1,2,2,3,2,-1,1,2,-3,-2,3,-2,2,2,1,2,1,1,-1,2,3,-1,-2,168,26,2.355,1.05,1.38,3.0,3.9899999999999998,74,1571359483.717229,1571359509.7855911,2019-10-18 02:45:09.937787,A17FG#####9RZA,judged,1571360086.196039,A59L6#####C3V
46,1.9379909592455802,0.5751746901880039,0.0,0.0,0,324.3333333333333,0.5,3,1.1503493803760079,11.1611,11.967,7.3798,14.0,4.1583,13.0,30.0,14.565,5.16,15.0,2.015,-1.0875,14.8,158,0,33KGGVH25XNWYWDCS1O4YG2KZNQX12,50,-31,1,-2,1,3,2,3,-3,2,3,3,3,-1,3,-1,-3,1,-1,-2,3,-3,-3,2,-2,1,-1,3,-2,1,-1,1,195,7,2.9825,1.05,1.38,3.5,6.0,85,1571359259.2773232,1571359266.630763,2019-10-18 02:41:06.828497,A128D#####4LOJ,judged,1571360205.7709863,A2QG8#####6F9P
47,0.7447665023958179,1.266671753738323,0.0,0.0,0,0.0,0.0,0,-0.2326447467246302,7.4114,6.911,4.7823,7.0,4.1583,2.2333,10.22,14.565,5.16,14.5,2.565,-1.0875,14.8,46,4,33KGGVH25XNWYWDCS1O4YG2KZNQX12,50,-15,-1,-1,-1,-2,-3,3,-1,2,-2,1,-1,1,-2,-1,-1,2,1,-2,2,-2,1,-1,1,1,-2,3,-1,-1,-2,2,178,17,2.6075,1.0499999999999998,1.38,2.0,6.0,47,1571359702.7565272,1571359720.1779873,2019-10-18 02:48:40.346313,A3G6L#####KR7F,judged,1571360242.3610792,A2BRZ#####AVER
48,1.7663033243692394,0.35981104054027524,0.0,0.0,0,263.75,0.6666666666666666,4,1.5810766796714653,10.2917,12.472,6.5897,7.0,4.1583,13.0,30.0,14.565,3.4167,14.5,2.565,-1.0875,14.8,115,2,33KGGVH25XNWYWDCS1O4YG2KZNQX12,50,-38,1,-3,3,-2,3,-1,-1,2,2,-2,-1,3,2,-2,-2,3,-1,3,2,-3,-3,-3,3,3,2,3,-1,-1,-2,3,130,7,1.9825,1.04,1.3299999999999998,2.52,3.04,64,1571360502.503296,1571360509.2283978,2019-10-18 03:01:49.437497,A3P42#####PWIB,judged,1571362018.8044012,A2DZ1#####LUVY
49,0.6262834321863123,0.4837107830508505,199.0,0.5,2,265.0,0.16666666666666666,1,-0.967421566101701,8.4593,11.586,3.7973,14.0,4.1583,13.0,10.22,14.565,5.16,14.5,2.565,-9.0,15.425,6,0,3QHITW7OZRF8JNP026M5F9ZU6EEQAR,5,-7,-3,1,-2,-1,1,2,1,1,-3,3,1,1,3,-2,-1,-1,2,1,3,2,-1,-1,-2,2,-2,3,1,-2,-1,3,14,8,3.2025,1.08,1.2000000000000002,2.52,8.01,6,1571362656.576955,1571362664.270602,2019-10-18 03:37:44.484024,A2NI2#####FE1S,judged,1571362813.5672355,ABUF5#####JQO
50,1.1441994342256387,0.12188122545031213,259.0,0.25,1,278.0,0.6666666666666666,4,1.1052170494915392,7.3496,8.306,4.5248,7.0,4.1583,2.2333,10.22,14.565,3.4167,15.0,2.565,-1.0875,15.425,49,0,3QHITW7OZRF8JNP026M5F9ZU6EEQAR,5,11,-3,-1,3,1,1,1,1,-1,-1,1,-2,2,2,2,-1,-3,-1,-1,-1,1,-1,2,2,1,-2,3,1,1,1,-1,89,19,1.0,1.0,1.0,1.0,1.0,33,1571362699.118635,1571362717.758874,2019-10-18 03:38:37.927249,A15QY#####I9AU,judged,1571363056.765086,A1R9Z#####DXLM
51,1.1441994342256387,-0.5526085247457696,263.0,0.75,3,335.0,0.6666666666666666,4,-0.24376245090062426,11.1661,13.097,6.4522,14.0,4.1583,13.0,30.0,14.565,5.16,14.5,2.565,-1.0875,14.8,50,0,3QHITW7OZRF8JNP026M5F9ZU6EEQAR,50,-42,3,2,2,2,1,2,1,2,3,2,-2,3,-1,-2,-2,2,2,-1,-1,-1,-1,-2,-1,3,2,3,-2,-1,-1,3,106,10,2.4525,1.02,1.8,3.0,3.9899999999999998,70,1571362830.6775455,1571362840.2326827,2019-10-18 03:40:40.434529,A26VF#####XWSX,judged,1571363237.7051346,A2XQ3#####T2ZQ
52,0.7447665023958179,1.266671753738323,0.0,0.0,0,0.0,0.0,0,-0.2326447467246302,8.2838,9.201,5.2085,14.0,6.5,2.2333,10.22,14.565,3.4167,15.0,2.565,-1.0875,15.425,68,0,3QHITW7OZRF8JNP026M5F9ZU6EEQAR,40,43,-3,-1,-1,-3,-3,1,-1,-1,2,3,-3,1,3,2,-1,-3,-2,3,-3,2,1,-2,3,-1,-3,-3,2,2,-1,-1,190,8,2.22,1.04,1.3299999999999998,2.52,3.9899999999999998,40,1571362860.813147,1571362868.6548803,2019-10-18 03:41:08.836550,A1EPE#####9XO2,judged,1571363307.621188,A1NB2#####7JEG
53,0.7447665023958179,-0.1163223733623151,0.0,0.0,0,291.3333333333333,1.0,6,2.533343507476646,11.2786,14.467,5.3073,14.0,4.1583,13.0,30.0,14.565,5.16,15.0,2.565,-1.0875,15.425,66,50,3QHITW7OZRF8JNP026M5F9ZU6EEQAR,5,-4,1,2,-1,-2,-2,-1,2,2,2,-1,-2,-1,-1,2,-2,2,-2,1,-2,-3,-3,1,2,-1,-1,2,-1,-1,-2,2,103,19,2.595,1.02,1.38,3.0,4.98,78,1571362860.0750158,1571362879.084238,2019-10-18 03:41:19.219412,A2QPM#####LUW2,judged,1571363412.4685307,A1P47#####LQ6P
54,1.1441994342256387,0.12188122545031213,309.0,0.25,1,321.25,0.6666666666666666,4,1.1052170494915392,10.554,12.267,6.8235,14.0,6.5,13.0,30.0,14.565,5.16,14.5,2.015,-9.0,14.8,84,1,3QHITW7OZRF8JNP026M5F9ZU6EEQAR,50,30,-2,1,-1,-1,-1,2,-2,-2,3,1,-3,-1,1,-2,1,-1,-2,3,-1,2,3,1,3,-1,-1,-1,-1,3,-2,-1,148,12,2.2925,0.9900000000000001,1.2000000000000002,2.0,4.98,95,1571362898.977439,1571362910.6313374,2019-10-18 03:41:50.772035,AR8MB#####NDR,judged,1571363419.4114218,A2FOU#####HIE0
55,0.7447665023958179,1.266671753738323,0.0,0.0,0,0.0,0.0,0,-0.2326447467246302,8.335,10.471,5.9248,14.0,4.1583,13.0,10.22,14.565,3.4167,15.0,2.565,-9.0,15.425,33,5,3QHITW7OZRF8JNP026M5F9ZU6EEQAR,40,-9,-1,3,3,3,3,3,3,3,3,3,3,3,3,3,3,3,3,3,3,3,2,3,3,3,3,3,3,3,3,3,108,9,4.6325,1.04,1.99,5.5,10.0,14,1571363076.5988295,1571363085.2136893,2019-10-18 03:44:46.305643,A1C2T#####HE39,judged,1571363517.3587809,A30PN#####8SKY
56,0.7862472003636766,-0.14646590795280967,173.0,0.25,1,227.0,0.8333333333333334,5,1.6419113162977828,10.6715,14.767,4.751,14.0,6.5,13.0,30.0,14.565,5.16,14.5,2.565,-9.0,15.425,126,5,3QHITW7OZRF8JNP026M5F9ZU6EEQAR,50,31,-1,-1,-1,-1,-3,-1,-3,-1,-1,3,-1,-1,1,-1,-1,-1,-2,3,-1,2,1,2,3,-1,-3,1,-1,-1,-1,-1,294,27,4.645,1.09,1.99,5.5,10.0,93,1571362748.5096781,1571362775.6491807,2019-10-18 03:39:35.785039,A3J37#####IYDR,judged,1571363683.998218,A3BHR#####X3GO
57,0.7862472003636766,-0.14646590795280967,490.0,0.25,1,325.0,0.8333333333333334,5,1.6419113162977828,11.0542,15.632,4.9548,14.0,4.1583,13.0,30.0,14.565,3.4167,14.5,2.565,-1.0875,15.425,110,0,3QHITW7OZRF8JNP026M5F9ZU6EEQAR,50,-6,-1,-1,-1,-1,-2,1,-1,-1,1,2,1,1,-1,-1,-2,-1,-1,-1,1,-1,-1,-1,-1,1,-2,-1,-1,-1,-1,1,113,22,2.34,1.04,1.3299999999999998,3.0,3.9899999999999998,76,1571362935.6314712,1571362957.564326,2019-10-18 03:42:37.709108,AIK9I#####848,judged,1571363632.135286,A38DH#####8DL8
58,0.7447665023958179,-0.1163223733623151,0.0,0.0,0,347.8333333333333,1.0,6,2.533343507476646,9.9715,14.117,4.001,7.0,6.5,13.0,30.0,14.565,5.16,14.5,2.565,-9.0,15.425,82,0,3QHITW7OZRF8JNP026M5F9ZU6EEQAR,50,-36,1,3,1,-2,-3,3,3,3,3,3,-2,2,2,-2,-3,3,1,-1,2,-2,-2,-2,-1,3,3,3,-2,-1,-1,3,164,11,3.7975,1.08,1.6,4.5,8.01,42,1571362914.291634,1571362925.3110566,2019-10-18 03:42:05.504317,A8RAY#####BQD,judged,1571363675.082413,AM4RU#####E8L
59,1.1441994342256387,0.12188122545031213,270.0,0.25,1,377.0,0.6666666666666666,4,1.1052170494915392,8.1841,9.874,3.7113,7.0,4.1583,13.0,10.22,11.525,5.16,14.5,2.565,-1.0875,14.8,61,0,3QHITW7OZRF8JNP026M5F9ZU6EEQAR,30,-6,2,-1,3,-1,-2,-1,-2,-1,-1,2,-2,-1,-2,-3,-3,-1,1,1,-1,1,-1,-1,-1,1,-1,-1,-1,-1,-2,2,141,10,1.99,1.02,1.38,2.52,3.04,38,1571363138.2115679,1571363148.2627242,2019-10-18 03:45:48.629114,A228Y#####B7J2,judged,1571363707.5161746,AMELY#####KB0
60,0.7862472003636766,-0.14646590795280967,312.0,0.25,1,380.0,0.8333333333333334,5,1.6419113162977828,8.0598,8.759,5.8388,7.0,4.1583,13.0,10.22,11.525,3.4167,15.0,2.565,-1.0875,14.8,103,1,3QHITW7OZRF8JNP026M5F9ZU6EEQAR,50,54,-2,3,-2,-2,-1,-2,-2,-3,2,3,-2,-2,1,2,1,-2,-3,2,-2,2,2,3,2,-2,-2,-2,1,3,-2,-2,206,8,1.82,1.04,1.2000000000000002,2.0,3.04,99,1571362978.3573692,1571362985.9770553,2019-10-18 03:43:06.142094,A3P6C#####UX43,judged,1571363731.101037,A1YCG#####CNBH
61,1.1441994342256387,0.5526085247457696,389.0,0.25,1,195.0,0.3333333333333333,2,0.24376245090062415,9.4298,12.926,2.6685,14.0,6.5,13.0,10.22,14.565,5.16,14.5,2.015,-1.0875,15.425,157,0,3QHITW7OZRF8JNP026M5F9ZU6EEQAR,35,53,1,3,-3,-3,-3,-2,2,-2,-1,3,-3,-3,-2,-2,3,-3,-2,3,-3,3,2,1,3,-3,-2,-3,-1,1,1,-2,152,12,2.6025,1.05,1.38,3.0,4.98,87,1571362962.7974255,1571362975.1781688,2019-10-18 03:42:55.456145,A5LUU#####O8K,judged,1571363741.4839194,A156M#####XMR2
62,1.1441994342256387,0.12188122545031213,24.0,0.25,1,306.75,0.6666666666666666,4,1.1052170494915392,10.7215,13.627,5.991,14.0,6.5,13.0,30.0,14.565,5.16,15.0,2.565,-9.0,15.425,213,0,3QHITW7OZRF8JNP026M5F9ZU6EEQAR,30,45,-2,1,-2,-2,-1,-2,-2,1,3,2,1,-2,2,2,2,-2,-3,3,-1,2,3,1,3,-1,-2,-1,3,3,-1,-1,162,11,2.8425,1.04,1.3299999999999998,3.0,6.0,113,1571362950.414092,1571362961.8675454,2019-10-18 03:42:41.993202,A1AJM#####YOAN,judged,1571363772.4412458,A1UZY#####SQ1P
63,0.7447665023958179,-0.1163223733623151,0.0,0.0,0,367.6666666666667,1.0,6,2.533343507476646,8.1428,8.299,6.4513,14.0,4.1583,13.0,10.22,11.525,5.16,15.0,2.565,-9.0,14.8,97,5,3QHITW7OZRF8JNP026M5F9ZU6EEQAR,50,-17,-1,1,1,1,-1,1,1,1,1,1,-1,1,-1,-1,-1,1,1,-1,1,-1,-1,1,-1,1,1,1,-1,1,-1,2,175,23,1.9975,1.0,1.0,2.0,3.9899999999999998,137,1571363002.1058195,1571363024.6825876,2019-10-18 03:43:44.834383,ATK8J#####XTT,judged,1571363856.1556811,A3HQX#####KT4F
64,1.2137316295023657,0.09146390713715341,0.0,0.0,0,270.2,0.8333333333333334,5,2.117770946477709,10.6715,14.767,4.751,14.0,6.5,13.0,30.0,14.565,5.16,14.5,2.565,-9.0,15.425,122,0,3QHITW7OZRF8JNP026M5F9ZU6EEQAR,50,43,-2,2,-2,-2,-2,-2,-1,-2,2,1,-2,-2,2,1,1,-2,-2,2,-1,2,1,2,2,-1,-2,-2,1,2,-2,-1,117,7,2.595,1.02,1.38,3.0,4.98,34,1571363251.6380544,1571363258.957438,2019-10-18 03:47:39.141280,A1OIB#####4R5K,judged,1571363870.390349,A1ATL#####FW4V
65,0.7447665023958179,-0.1163223733623151,0.0,0.0,0,395.5,1.0,6,2.533343507476646,10.7628,15.202,3.251,7.0,6.5,13.0,30.0,14.565,5.16,14.5,2.565,-1.0875,15.425,169,0,3QHITW7OZRF8JNP026M5F9ZU6EEQAR,45,-27,-1,-2,2,1,1,2,-1,-1,2,-2,2,2,-1,-1,-1,2,-1,-1,1,-1,-1,1,-1,-1,1,2,-1,1,-2,2,182,38,1.245,1.0,1.0,1.0,1.9800000000000002,99,1571362976.6475835,1571363014.899628,2019-10-18 03:43:35.032595,AQKN1#####C29,judged,1571363926.6485443,AOTSR#####XS1
66,1.2137316295023657,0.09146390713715341,0.0,0.0,0,296.0,0.8333333333333334,5,2.117770946477709,10.5161,11.307,6.9423,7.0,4.1583,13.0,30.0,14.565,5.16,15.0,2.565,-1.0875,14.8,142,0,3QHITW7OZRF8JNP026M5F9ZU6EEQAR,40,-10,1,1,2,-2,1,2,-2,-1,3,2,-1,3,1,3,-1,2,-2,1,-2,-2,-1,-2,-1,1,1,2,1,-2,-1,1,153,11,4.095,1.08,1.8,3.5,10.0,131,1571362974.8015938,1571362985.690822,2019-10-18 03:43:05.891562,A2VA7#####NEM1,judged,1571363934.83447,A1YFR#####JYUN
67,0.48245473974625286,-0.3542521884522782,183.0,0.25,1,322.3333333333333,1.0,6,2.0574838772967197,8.1841,9.874,3.7113,7.0,4.1583,13.0,10.22,11.525,5.16,14.5,2.565,-1.0875,14.8,199,0,3QHITW7OZRF8JNP026M5F9ZU6EEQAR,0,18,-2,-1,-3,-3,-3,1,3,3,-2,-3,-2,-2,2,-2,3,3,-2,3,-2,3,2,1,3,-2,-1,3,-3,2,-2,1,200,15,4.645,1.09,1.99,5.5,10.0,148,1571363270.6161718,1571363285.403231,2019-10-18 03:48:05.543257,A23HZ#####K2DA,judged,1571364147.3579175,A3TQU#####YUUE
68,1.7663033243692394,0.35981104054027524,0.0,0.0,0,421.0,0.6666666666666666,4,1.5810766796714653,7.6831,6.809,6.6887,14.0,4.1583,2.2333,10.22,11.525,3.4167,15.0,2.565,-1.0875,14.8,45,0,3QHITW7OZRF8JNP026M5F9ZU6EEQAR,20,-24,2,-2,1,-2,-1,1,-1,-1,1,1,-1,1,1,-1,-2,1,1,-2,1,-1,-2,-2,-1,1,2,2,-1,-1,-1,2,173,5,3.825,1.08,1.71,4.5,8.01,129,1571364000.275514,1571364005.7473233,2019-10-18 04:00:05.911799,A1I3Q#####ACFR,judged,1571364503.599005,A2R0Y#####Z30S
69,0.7447665023958179,1.266671753738323,0.0,0.0,0,0.0,0.0,0,-0.2326447467246302,11.4002,13.342,6.386,14.0,6.5,13.0,30.0,14.565,5.16,14.5,2.565,-1.0875,14.8,18,0,3QHITW7OZRF8JNP026M5F9ZU6EEQAR,50,-62,-2,-2,-3,3,2,3,2,3,1,-2,3,2,-2,-3,-3,3,2,-2,2,-3,-3,-3,-2,3,3,1,-3,-2,-2,2,93,8,3.0125,1.05,1.5,3.5,6.0,16,1571364243.868899,1571364251.8592596,2019-10-18 04:04:12.060713,A37AL#####LQQ3,judged,1571364529.9763646,A25CZ#####F4UV
70,1.2554175313546803,0.33724487509804085,164.0,0.25,1,202.0,0.5,3,0.6744897501960817,7.4541,8.889,2.6,7.0,6.5,2.2333,10.22,11.525,5.16,15.0,2.565,-1.0875,15.425,61,0,3QHITW7OZRF8JNP026M5F9ZU6EEQAR,100,-4,1,1,1,1,1,1,1,1,1,1,1,1,1,1,1,1,1,1,1,1,1,1,1,1,1,1,1,1,1,1,54,7,3.0125,1.05,1.5,3.5,6.0,11,1571364400.2901144,1571364407.0579166,2019-10-18 04:06:47.352346,A20JF#####42HB,judged,1571364656.563192,A39VR#####589F
71,1.2137316295023657,0.09146390713715341,0.0,0.0,0,406.2,0.8333333333333334,5,2.117770946477709,9.7248,10.222,7.6922,7.0,4.1583,13.0,30.0,14.565,5.16,15.0,2.565,-9.0,14.8,62,0,3QHITW7OZRF8JNP026M5F9ZU6EEQAR,40,-41,1,1,3,2,3,3,1,2,3,2,1,2,-1,-1,-2,2,2,-1,2,-1,1,-1,-2,2,2,3,-1,2,-1,2,97,12,1.0,1.0,1.0,1.0,1.0,28,1571364436.798251,1571364448.9362073,2019-10-18 04:07:29.090866,A4J4G#####8L0,judged,1571364828.603006,A3DUP#####9W5R
72,0.9114094758506123,-0.21536364964772872,169.5,0.5,2,409.5,0.6666666666666666,4,0.43072729929545744,10.1071,12.82,4.4188,7.0,4.1583,13.0,30.0,11.525,5.16,14.5,2.015,-1.0875,14.8,95,4,3QHITW7OZRF8JNP026M5F9ZU6EEQAR,40,-5,2,-1,2,2,-2,2,2,2,2,1,-2,2,1,-1,-1,1,-1,1,-1,2,2,1,2,-1,-1,-1,-1,1,-2,2,106,13,1.3775,1.0,1.0,1.53,1.9800000000000002,47,1571364494.3633437,1571364507.091011,2019-10-18 04:08:27.239418,A28J7#####9DC3,judged,1571364952.7844155,AJQGW#####T4Y
73,0.7447665023958179,-0.1163223733623151,0.0,0.0,0,394.3333333333333,1.0,6,2.533343507476646,10.4373,14.522,4.8173,14.0,4.1583,13.0,30.0,14.565,5.16,14.5,2.565,-9.0,15.425,87,0,3QHITW7OZRF8JNP026M5F9ZU6EEQAR,20,-79,2,-3,3,3,3,3,2,3,3,-2,3,3,1,-3,-3,3,2,-3,3,-3,-3,-3,-3,3,3,3,-2,-1,-3,3,206,13,3.98,1.09,1.3299999999999998,3.5,10.0,46,1571364445.991864,1571364459.4771433,2019-10-18 04:07:39.593799,A1SXC#####IYL2,judged,1571365076.4995544,AYYSG#####U15
74,1.0,0.0,851.0,0.5,2,380.0,0.5,3,0.0,11.2786,14.467,5.3073,14.0,4.1583,13.0,30.0,14.565,5.16,15.0,2.565,-1.0875,15.425,149,1,3QHITW7OZRF8JNP026M5F9ZU6EEQAR,35,-17,2,-1,1,2,1,2,1,2,-1,-1,1,-1,1,-1,-2,1,-1,1,-1,-1,-1,1,-1,-1,-1,1,-1,-1,-1,1,234,9,3.725,1.09,1.8,4.0,8.01,128,1571364174.0428128,1571364183.4664958,2019-10-18 04:03:03.609243,AMIQG#####YO4,judged,1571365373.0806472,A36UN#####D99W
75,1.2137316295023657,1.0588854732388544,0.0,0.0,0,489.0,0.16666666666666666,1,0.18292781427430682,8.8841,10.524,4.4613,14.0,4.1583,13.0,10.22,11.525,5.16,14.5,2.565,-1.0875,14.8,122,0,3QHITW7OZRF8JNP026M5F9ZU6EEQAR,50,25,1,3,-2,-1,-2,-1,-2,-2,-1,1,-2,-2,-1,-2,-2,-2,-2,2,-2,1,1,-2,3,-1,-3,-2,-2,-1,-1,1,144,8,2.2225,1.0499999999999998,1.3299999999999998,2.52,3.9899999999999998,36,1571364464.477516,1571364472.7613115,2019-10-18 04:07:52.983139,A3DDY#####LJW,judged,1571365635.224944,A225S#####9EIU
76,0.7862472003636766,-0.14646590795280967,290.0,0.25,1,345.6,0.8333333333333334,5,1.6419113162977828,10.4736,14.967,3.0048,7.0,4.1583,13.0,30.0,14.565,5.16,14.5,2.015,-1.0875,15.425,82,0,3QHITW7OZRF8JNP026M5F9ZU6EEQAR,5,-39,2,1,-1,2,-2,3,3,3,3,1,1,1,1,-3,-2,3,3,-1,1,-1,-2,-1,-1,2,-1,3,-3,1,-2,1,121,19,2.88,1.02,1.5,3.0,6.0,54,1571364581.0152411,1571364600.3552558,2019-10-18 04:10:00.525559,A3D6V#####QF3D,judged,1571365697.8330736,A2XHD#####A5Z6
77,0.7862472003636766,-0.14646590795280967,295.0,0.25,1,306.4,0.8333333333333334,5,1.6419113162977828,11.1661,13.097,6.4522,14.0,4.1583,13.0,30.0,14.565,5.16,14.5,2.565,-1.0875,14.8,252,0,3QHITW7OZRF8JNP026M5F9ZU6EEQAR,50,59,-2,2,-3,-1,-3,2,-2,-2,-3,3,-2,-2,2,2,2,-2,-2,3,-2,2,3,-1,3,-3,-2,-1,2,3,1,-2,197,27,4.645,1.09,1.99,5.5,10.0,96,1571364267.7867901,1571364294.507676,2019-10-18 04:04:54.714225,A1X2J#####AVX,judged,1571365724.0115082,A36KZ#####GRYW
78,0.7447665023958179,1.266671753738323,0.0,0.0,0,0.0,0.0,0,-0.2326447467246302,8.3638,8.396,6.8098,7.0,4.1583,13.0,10.22,14.565,3.4167,15.0,2.565,-1.0875,14.8,55,0,3QHITW7OZRF8JNP026M5F9ZU6EEQAR,5,-1,2,2,-1,1,1,2,-1,2,1,-1,1,1,2,1,2,2,1,2,1,1,1,2,1,1,2,1,1,1,2,1,104,14,3.0125,1.05,1.5,3.5,6.0,48,1571364646.8730452,1571364661.166938,2019-10-18 04:11:01.308224,AU2NV#####49C,judged,1571365739.341979,AO32G#####YY7
79,0.7447665023958179,1.266671753738323,0.0,0.0,0,0.0,0.0,0,-0.2326447467246302,8.4683,8.979,4.885,7.0,6.5,13.0,10.22,11.525,5.16,15.0,2.565,-1.0875,14.8,152,0,3QHITW7OZRF8JNP026M5F9ZU6EEQAR,40,0,-2,-3,-3,-3,-3,3,3,2,3,1,-1,-3,3,-2,3,-3,-3,-3,-3,2,-1,-1,-2,-1,2,3,-3,3,-3,3,150,18,2.6025,1.0499999999999998,1.38,3.0,4.98,121,1571364535.1463346,1571364553.3343165,2019-10-18 04:09:13.578096,A1JQ2#####97R3,judged,1571365746.7023141,A1YT9#####EGX1
80,0.7447665023958179,1.266671753738323,0.0,0.0,0,0.0,0.0,0,-0.2326447467246302,8.9341,9.384,5.7013,14.0,4.1583,13.0,10.22,11.525,5.16,15.0,2.565,-1.0875,14.8,90,1,3QHITW7OZRF8JNP026M5F9ZU6EEQAR,50,14,-1,2,-1,2,-1,2,-1,-1,2,2,2,-1,2,2,2,1,-1,-1,-2,2,1,2,2,2,-1,2,-1,1,2,1,204,21,3.0125,1.05,1.5,3.5,6.0,49,1571364606.8998451,1571364627.4795961,2019-10-18 04:10:27.606459,A1B9H#####4C0G,judged,1571365754.215684,A1LUQ#####MYNI
81,1.2137316295023657,1.0588854732388544,0.0,0.0,0,64.0,0.16666666666666666,1,0.18292781427430682,11.4628,15.852,4.001,14.0,6.5,13.0,30.0,14.565,5.16,14.5,2.565,-1.0875,15.425,126,5,3QHITW7OZRF8JNP026M5F9ZU6EEQAR,25,50,-3,3,3,-1,-3,3,-3,-3,3,3,-3,-2,3,3,3,-2,-3,3,-2,3,3,1,2,-3,-3,-1,-1,3,-1,1,125,19,3.22,1.0,1.38,3.5,7.0,82,1571364615.602162,1571364634.909707,2019-10-18 04:10:35.455468,AMLE1#####VL8,judged,1571365751.9617724,A1SWV#####25S1
82,0.48245473974625286,-0.3542521884522782,196.0,0.25,1,252.16666666666666,1.0,6,2.0574838772967197,10.609,12.257,7.136,14.0,6.5,13.0,30.0,14.565,5.16,14.5,2.565,-9.0,14.8,39,1,3QHITW7OZRF8JNP026M5F9ZU6EEQAR,50,-28,2,1,-2,3,2,3,2,2,-1,-3,2,-2,2,-2,-1,2,1,-1,-3,-2,-2,-3,-1,-1,-1,3,-2,-1,-2,-1,221,31,2.5525,1.02,1.2000000000000002,4.0,3.9899999999999998,76,1571364657.9798996,1571364688.6270373,2019-10-18 04:11:29.586701,AENJ7#####NYX,judged,1571365758.2710493,A2G4L#####Z28Y
83,1.7663033243692394,0.35981104054027524,0.0,0.0,0,285.25,0.6666666666666666,4,1.5810766796714653,10.5472,13.652,6.8785,14.0,6.5,13.0,30.0,14.565,3.4167,15.0,2.565,-9.0,15.425,357,1,3QHITW7OZRF8JNP026M5F9ZU6EEQAR,40,3,1,1,-3,2,-1,3,1,-2,-1,3,1,-2,-1,2,-2,-1,-1,-2,-2,1,-1,-2,1,-3,-2,2,-1,1,-3,2,171,14,1.705,1.0499999999999998,1.2000000000000002,1.53,3.04,47,1571364666.4586973,1571364680.893297,2019-10-18 04:11:21.151747,AENW8#####H8S,judged,1571365786.7286398,AAO2L#####Y1J
84,0.48245473974625286,-0.3542521884522782,373.0,0.25,1,328.5,1.0,6,2.0574838772967197,9.1665,11.415,6.0075,14.0,6.5,2.2333,30.0,11.525,3.4167,15.0,2.565,-9.0,15.425,136,0,3QHITW7OZRF8JNP026M5F9ZU6EEQAR,50,27,-2,2,-2,-2,-1,-1,1,-2,-2,3,-3,1,-1,-1,-3,-2,-3,2,-3,1,1,-1,2,-1,-2,2,-2,3,-2,-1,447,8,1.0,1.0,1.0,1.0,1.0,24,1571364751.9701743,1571364760.1092288,2019-10-18 04:12:40.245151,A1P0M#####ZIDK,judged,1571365778.4747384,A2C7W#####HKCS
85,0.7862472003636766,-0.14646590795280967,359.0,0.25,1,383.8,0.8333333333333334,5,1.6419113162977828,7.0662,5.699,6.5513,14.0,4.1583,2.2333,10.22,11.525,5.16,15.0,2.565,-9.0,14.8,246,10,3QHITW7OZRF8JNP026M5F9ZU6EEQAR,50,12,-2,-3,2,-3,-1,-2,-3,1,2,-1,-3,-1,-1,-2,1,-1,-3,2,2,2,1,-2,2,-1,-3,2,-2,3,-3,-1,928,7,2.1275,1.0,1.0,2.52,3.9899999999999998,95,1571364474.0486672,1571364480.809015,2019-10-18 04:08:00.998694,AOSLT#####476,judged,1571365965.433952,A1815#####Z7JH
86,0.7862472003636766,-0.14646590795280967,12.0,0.25,1,168.4,0.8333333333333334,5,1.6419113162977828,9.3408,11.39,5.12,14.0,6.5,2.2333,30.0,11.525,5.16,15.0,2.565,-9.0,15.425,20,5,3QHITW7OZRF8JNP026M5F9ZU6EEQAR,100,0,-3,3,2,2,2,2,2,2,2,2,2,-1,3,2,3,2,2,3,2,2,3,2,-2,3,-1,1,-1,1,3,3,30,34,4.22,1.0,1.38,4.5,10.0,11,1571365797.741404,1571365831.3315845,2019-10-18 04:30:31.780763,A1WRN#####NGRV,judged,1571366205.4604764,A1Y66#####8PJA
87,1.1441994342256387,0.12188122545031213,193.0,0.25,1,257.25,0.6666666666666666,4,1.1052170494915392,10.4248,10.872,8.4422,14.0,4.1583,13.0,30.0,14.565,5.16,15.0,2.565,-9.0,14.8,83,0,3QHITW7OZRF8JNP026M5F9ZU6EEQAR,5,41,3,-1,-2,-3,1,-3,-3,-3,1,3,-3,1,-1,1,3,-3,1,3,-3,-1,3,-1,3,1,-3,-3,2,3,2,-1,100,11,3.8,1.0,1.2000000000000002,3.0,10.0,73,1571365819.221968,1571365830.2210908,2019-10-18 04:30:30.369358,A1IZX#####APAQ,judged,1571366253.4067059,A1M8I#####7NRQ
88,1.7663033243692394,0.35981104054027524,0.0,0.0,0,226.5,0.6666666666666666,4,1.5810766796714653,10.2068,12.147,5.916,14.0,6.5,2.2333,30.0,14.565,3.4167,15.0,2.015,-1.0875,15.425,69,1,3QHITW7OZRF8JNP026M5F9ZU6EEQAR,55,-11,1,-1,2,2,-1,-1,1,-1,2,1,-1,1,-1,1,2,1,-3,2,-1,2,1,-3,2,2,2,1,-2,-2,-3,3,114,9,2.0275,1.04,1.08,2.0,3.9899999999999998,27,1571365933.7253218,1571365943.2069302,2019-10-18 04:32:23.385264,A3AY0#####WNXY,judged,1571366514.1228614,AFK9A#####PNG
89,1.9379909592455802,0.5751746901880039,0.0,0.0,0,443.3333333333333,0.5,3,1.1503493803760079,7.9935,11.181,2.981,7.0,6.5,13.0,10.22,14.565,5.16,14.5,2.565,-9.0,15.425,178,0,3QHITW7OZRF8JNP026M5F9ZU6EEQAR,45,8,-2,-1,-3,1,3,3,-2,-1,3,3,2,-3,-3,-1,2,2,-3,2,1,2,1,2,2,-2,-2,1,-3,3,-2,1,186,13,4.395,1.09,1.99,5.5,9.0,115,1571365782.428502,1571365795.2532918,2019-10-18 04:29:55.563097,A296K#####DYIX,judged,1571366643.160207,A9VK6#####NVB
90,1.1441994342256387,0.12188122545031213,339.0,0.25,1,275.25,0.6666666666666666,4,1.1052170494915392,10.8571,12.33,6.4088,14.0,4.1583,13.0,30.0,11.525,5.16,15.0,2.015,-1.0875,14.8,91,0,3QHITW7OZRF8JNP026M5F9ZU6EEQAR,35,5,-2,1,3,-1,-1,2,1,1,3,2,-3,-1,1,-1,-1,2,-1,1,-1,-1,-1,1,1,-2,1,-2,-1,3,-2,-1,315,16,1.3775,1.0,1.0,1.53,1.9800000000000002,45,1571365836.1189148,1571365852.395407,2019-10-18 04:30:52.569883,A2ZQC#####JZF,judged,1571366939.0795715,A1SJR#####SDH4
91,0.7447665023958179,1.266671753738323,0.0,0.0,0,0.0,0.0,0,-0.2326447467246302,11.4578,14.722,4.9285,14.0,6.5,13.0,30.0,14.565,5.16,15.0,2.015,-1.0875,15.425,166,0,3QHITW7OZRF8JNP026M5F9ZU6EEQAR,50,-21,-1,2,-1,-1,2,1,2,1,3,1,-2,2,-2,-2,-2,-1,2,-1,2,2,2,-2,1,-1,2,2,-2,-2,-2,2,174,15,3.875,1.0,1.0,3.5,10.0,226,1571365856.2187798,1571365870.8183362,2019-10-18 04:31:10.975152,AZGF8#####X6K,judged,1571367465.6813025,A3GMR#####QVGV
92,1.2137316295023657,1.0588854732388544,0.0,0.0,0,374.0,0.16666666666666666,1,0.18292781427430682,10.2169,11.95,6.48,7.0,6.5,13.0,30.0,11.525,3.4167,15.0,2.015,-1.0875,14.8,272,1,3QHITW7OZRF8JNP026M5F9ZU6EEQAR,45,45,-3,3,-1,-3,-3,-2,-2,-2,-2,3,-1,1,1,1,-1,-3,-3,2,1,2,3,2,-1,-1,-1,-2,1,3,-2,-1,305,18,4.3575,1.05,1.38,5.0,10.0,205,1571365894.5431633,1571365912.2707407,2019-10-18 04:31:52.459768,AAXX5#####2F8,judged,1571367526.2526436,A3MW1#####MMGE
93,0.7447665023958179,1.266671753738323,0.0,0.0,0,0.0,0.0,0,-0.2326447467246302,9.6111,10.885,6.4687,14.0,4.1583,2.2333,30.0,11.525,3.4167,14.5,2.565,-1.0875,14.8,76,0,3QHITW7OZRF8JNP026M5F9ZU6EEQAR,30,4,1,3,2,3,-1,1,1,2,-2,3,-2,-2,1,2,1,-3,-2,3,-3,-3,-1,-2,1,1,2,2,-2,-2,-1,-1,152,10,1.8675,1.05,1.38,2.0,3.04,57,1571365851.9618165,1571365861.7944636,2019-10-18 04:31:01.949223,A1X8G#####6KMK,judged,1571369453.1502922,A2XU5#####XT9J
94,1.1441994342256387,0.12188122545031213,211.0,0.25,1,287.5,0.6666666666666666,4,1.1052170494915392,6.9906,8.679,3.2412,7.0,4.1583,2.2333,10.22,11.525,3.4167,15.0,2.015,-1.0875,15.425,11,5,36FFXPMSUCUK8YKYTZ4T7QRY494HO5,50,35,-3,3,-3,3,-3,3,-3,3,3,3,3,-3,3,1,3,3,-3,3,-3,3,3,3,3,-3,-3,3,-3,3,3,2,73,3,4.645,1.09,1.99,5.5,10.0,6,1571401898.581533,1571401901.812706,2019-10-18 14:31:41.965533,A1X2J#####05TD,judged,1571402566.0231838,A2VFE#####1E1O
95,1.2137316295023657,0.09146390713715341,0.0,0.0,0,332.8,0.8333333333333334,5,2.117770946477709,10.4042,13.842,5.4448,7.0,4.1583,13.0,30.0,14.565,3.4167,15.0,2.565,-1.0875,15.425,107,0,36FFXPMSUCUK8YKYTZ4T7QRY494HO5,50,-19,-1,-2,2,1,1,-2,-1,1,2,-1,1,2,1,-2,-2,1,-1,-1,-1,-2,-1,1,-1,1,-1,1,-1,2,-2,2,170,11,1.0,1.0,1.0,1.0,1.0,35,1571401842.2171257,1571401853.5216966,2019-10-18 14:30:53.714565,A2IGP#####FV3D,judged,1571403134.099408,AQOXS#####TSW
96,1.9379909592455802,0.5751746901880039,0.0,0.0,0,361.6666666666667,0.5,3,1.1503493803760079,11.0962,13.705,5.415,14.0,6.5,13.0,30.0,11.525,5.16,14.5,2.565,-1.0875,14.8,85,0,36FFXPMSUCUK8YKYTZ4T7QRY494HO5,15,8,-2,-1,-1,-2,-2,3,1,-1,2,2,-2,-1,2,-1,-2,-2,1,2,-3,1,-2,-1,1,-1,-1,1,-2,-1,-1,-1,117,12,2.2225,1.0499999999999998,1.3299999999999998,2.52,3.9899999999999998,51,1571401974.9035308,1571401987.0962133,2019-10-18 14:33:07.271691,A2FAR#####4AU8,judged,1571403439.976489,A1A1Z#####4YR8
97,0.7447665023958179,-0.1163223733623151,0.0,0.0,0,332.0,1.0,6,2.533343507476646,10.263,14.547,5.7048,14.0,4.1583,13.0,30.0,14.565,3.4167,14.5,2.565,-9.0,15.425,118,30,36FFXPMSUCUK8YKYTZ4T7QRY494HO5,50,-74,3,-2,3,2,-2,3,3,3,2,-2,3,3,-2,-3,-3,3,2,-3,3,-2,-1,-2,-3,3,3,3,-3,-2,-3,3,129,10,3.0125,1.05,1.5,3.5,6.0,35,1571401947.9094183,1571401957.8245978,2019-10-18 14:32:37.978086,A3U6I#####FZ2M,judged,1571403617.537947,A3H07#####BYOM
98,1.2137316295023657,0.09146390713715341,0.0,0.0,0,314.0,0.8333333333333334,5,2.117770946477709,11.1462,12.565,6.655,14.0,6.5,13.0,30.0,11.525,5.16,15.0,2.565,-1.0875,14.8,106,1,36FFXPMSUCUK8YKYTZ4T7QRY494HO5,5,30,-3,-3,2,-2,-3,-3,-2,-1,2,1,-2,-1,-1,2,2,-1,-2,2,2,-2,3,1,2,-1,-2,-1,-1,3,2,-1,92,10,1.76,1.0,1.0,2.0,3.04,50,1571403953.469764,1571403963.1009488,2019-10-18 15:06:03.283955,A1UGF#####TKA0,judged,1571404834.181055,A1601#####AQOI
99,0.7447665023958179,1.266671753738323,0.0,0.0,0,0.0,0.0,0,-0.2326447467246302,11.4502,12.202,7.626,14.0,6.5,13.0,30.0,14.565,5.16,15.0,2.565,-1.0875,14.8,91,1,36FFXPMSUCUK8YKYTZ4T7QRY494HO5,50,11,-1,3,-2,-3,-3,1,1,-1,2,3,-2,-1,1,-3,-2,-1,-1,2,-3,1,-2,-2,2,-3,2,2,-3,2,-2,2,182,13,2.215,1.02,1.3299999999999998,2.52,3.9899999999999998,67,1571404081.0999498,1571404094.3935885,2019-10-18 15:08:14.691012,A2EZN#####RTNR,judged,1571405625.2719822,A3DHA#####SE9V
100,0.6262834321863123,0.4837107830508505,425.0,0.5,2,410.0,0.16666666666666666,1,-0.967421566101701,10.9121,12.32,6.7212,14.0,4.1583,13.0,30.0,11.525,5.16,15.0,2.565,-1.0875,14.8,61,9,36FFXPMSUCUK8YKYTZ4T7QRY494HO5,50,-21,1,2,-1,3,-2,3,3,3,3,-2,-1,1,3,-1,-2,3,-2,-1,-1,-1,3,-1,-1,3,-1,2,-1,3,-2,3,129,9,3.0125,1.05,1.5,3.5,6.0,25,1571404310.6371267,1571404319.3506217,2019-10-18 15:11:59.511878,A1VVE#####SHX0,judged,1571405731.6626046,A3FOK#####I4FR
101,0.7447665023958179,1.266671753738323,0.0,0.0,0,0.0,0.0,0,-0.2326447467246302,9.2456,11.541,3.9748,14.0,4.1583,13.0,10.22,14.565,5.16,15.0,2.015,-1.0875,15.425,61,2,36FFXPMSUCUK8YKYTZ4T7QRY494HO5,50,-11,1,1,-1,1,1,2,-1,1,3,-1,1,1,2,-1,-1,1,-1,-1,-1,1,1,-1,-1,1,-1,1,-1,2,-1,1,142,9,1.81,1.0,1.2000000000000002,2.0,3.04,54,1571405901.170537,1571405910.421422,2019-10-18 15:38:30.577842,ANFWG#####RZ,judged,1571406816.9063435,A18AP#####IFW1
102,0.48245473974625286,-0.3542521884522782,260.0,0.25,1,324.3333333333333,1.0,6,2.0574838772967197,10.5161,11.307,6.9423,7.0,4.1583,13.0,30.0,14.565,5.16,15.0,2.565,-1.0875,14.8,112,2,36FFXPMSUCUK8YKYTZ4T7QRY494HO5,50,-3,-1,-1,1,-2,-3,3,1,-1,2,3,1,-1,2,1,1,2,-1,-2,-1,1,-1,1,-2,-1,1,3,-1,2,-1,3,103,8,2.0925,1.0499999999999998,1.3299999999999998,2.0,3.9899999999999998,61,1571406336.135137,1571406344.0702596,2019-10-18 15:45:44.190437,A2UUZ#####UTFX,judged,1571407450.3200328,ARI1E#####9PO
103,0.7862472003636766,-0.8209556581488914,222.0,0.75,3,245.8,0.8333333333333334,5,0.29293181590561934,10.1469,11.877,5.0948,14.0,4.1583,2.2333,30.0,14.565,5.16,15.0,2.015,-1.0875,15.425,89,50,36FFXPMSUCUK8YKYTZ4T7QRY494HO5,40,47,-2,1,-2,-2,-2,2,-3,-2,-1,3,-2,-2,1,1,2,-2,-2,2,-2,2,2,1,1,-1,-2,-2,1,2,-2,-3,113,10,1.9,1.0,1.08,1.53,3.9899999999999998,44,1571407468.3416405,1571407477.979957,2019-10-18 16:04:38.164037,A1HH3#####P6KP,judged,1571407994.109219,A3U21#####NGT2
104,0.7862472003636766,-0.14646590795280967,469.0,0.25,1,385.4,0.8333333333333334,5,1.6419113162977828,11.1588,16.215,3.03,14.0,6.5,13.0,30.0,11.525,5.16,14.5,2.565,-1.0875,15.425,123,0,36FFXPMSUCUK8YKYTZ4T7QRY494HO5,45,-30,-1,-3,2,-2,3,2,3,3,2,2,3,3,-1,-1,-1,-2,1,1,1,1,-2,-3,-1,2,-1,3,-1,1,-1,-1,165,12,3.4725,1.09,1.8,5.0,6.0,41,1571407991.6395879,1571408003.6533716,2019-10-18 16:13:23.795071,,judgeable,1571408446.578258,ASTY1#####RSV
