ai_calls_acceptance_probability,ai_calls_best_offer_probability,ai_calls_count_repeated,ai_calls_offers,ai_calls_pauses,ai_nb_calls,ai_offer,cc_beta,cc_criterion,cc_false_alarm_avg_click_delay,cc_false_alarm_rate,cc_false_alarms,cc_hit_avg_click_delay,cc_hit_rate,cc_hits,cc_sensitivity,completion_code,cpc_expected_value,cpc_expected_value_max,cpc_expected_value_min,cpc_q1,cpc_q10,cpc_q2,cpc_q3,cpc_q4,cpc_q5,cpc_q6,cpc_q7,cpc_q8,cpc_q9,cpc_time_spent,exp_ultimatum_game_experience,feedback_accuracy,feedback_alternative,feedback_explanation,feedback_understanding,job_id,min_offer,model_type,offer,offer_dss,offer_final,prop_time_spent,prop_time_spent_dss,prop_worker_id,ras_assertiveness,ras_q1,ras_q10,ras_q11,ras_q12,ras_q13,ras_q14,ras_q15,ras_q16,ras_q17,ras_q18,ras_q19,ras_q2,ras_q20,ras_q21,ras_q22,ras_q23,ras_q24,ras_q25,ras_q26,ras_q27,ras_q28,ras_q29,ras_q3,ras_q30,ras_q4,ras_q5,ras_q6,ras_q7,ras_q8,ras_q9,ras_time_spent,resp_rowid,resp_time_spent,resp_worker_id,risk_expected_value,risk_q1,risk_q2,risk_q3,risk_q4,risk_time_spent,timestamp,worker_id
0.083:0.1363,0.0007:0.0336,2,25:40,22:8,2,50,0.7862472003636766,-0.14646590795280967,322.0,0.25,1,291.0,0.8333333333333334,5,1.6419113162977828,prop:MzYkj,9.9165,14.127,3.6885,7.0,6.5,13.0,30.0,14.565,5.16,14.5,2.015,-9.0,15.425,117,0,ai_equal_to_proposer,3,2,6,3Z33IC0JD3SMJCBCWZ2FP1NIKQ99VU,50,real,25,30,30,11,23,A2BW6#####9EGV,53,-1,1,-2,-3,-2,-3,-2,-2,-3,1,-1,-2,2,2,3,-2,-2,2,-2,2,1,1,2,-2,1,-2,1,1,2,-2,133,1,14,A2W3A#####J861,3.005,1.0499999999999998,1.99,4.0,4.98,74,2019-11-05 22:21:16.668128,A2BW6#####9EGV
0.8876:0.1363:0.9387:0.716:0.9277:0.9556:0.1538:0.0782:0.9164:0.706:0.7877,0.13:0.0336:0.0316:0.2681:0.0528:0.1957:0.0767:0.0007:0.0548:0.8212:0.3978,15,65:40:80:55:75:95:45:20:70:50:60,23:4:6:4:3:2:3:4:2:3:10,11,50,0.7862472003636766,-0.14646590795280967,285.0,0.25,1,308.0,0.8333333333333334,5,1.6419113162977828,prop:QYHVc,10.5161,11.307,6.9422,7.0,4.1583,13.0,30.0,14.565,5.16,15.0,2.565,-1.0875,14.8,96,0,ai_better,4,6,4,3Z33IC0JD3SMJCBCWZ2FP1NIKQ99VU,40,real,25,70,70,17,62,A1XPP#####6BQI,36,1,-2,-1,1,-2,-3,1,-2,1,-1,-2,2,1,3,3,-2,-3,3,-3,2,3,1,2,-3,1,-3,3,-2,2,-1,413,2,12,AT6LD#####USE,1.82,1.04,1.2000000000000002,2.0,3.04,31,2019-11-05 23:10:08.114052,A1XPP#####6BQI
0.0681:0.0708:0.9164:0.0899:0.1538:0.0628:0.1007:0.083:0.0782,0.0009:0.0008:0.0548:0.0013:0.0767:0.001:0.0192:0.0007:0.0007,21,10:15:70:30:45:5:35:25:20,28:12:3:8:10:2:3:5:24,9,50,1.2137316295023657,0.0914639071371534,0.0,0.0,0,413.4,0.8333333333333334,5,2.1177709464777092,prop:xTSmw,11.4628,15.852,4.001,14.0,6.5,13.0,30.0,14.565,5.16,14.5,2.565,-1.0875,15.425,70,0,ai_slighly_better,4,5,5,3Z33IC0JD3SMJCBCWZ2FP1NIKQ99VU,5,real,15,10,10,16,104,A2Q0L#####T2KN,49,-2,2,-3,-3,-2,-3,-3,-2,-3,2,1,-3,2,2,3,-2,-3,-2,-3,1,1,-2,-1,-3,1,-3,2,-1,1,-3,94,3,6,A3C0N#####FTZQ,4.645,1.09,1.99,5.5,10.0,47,2019-11-05 23:27:07.812981,A2Q0L#####T2KN
0.1007:0.1363:0.706:0.1538,0.0192:0.0336:0.8212:0.0767,5,35:40:50:45,42:10:12:5,4,50,1.2137316295023657,0.0914639071371534,0.0,0.0,0,310.8,0.8333333333333334,5,2.1177709464777092,prop:jkukZ,11.2786,14.467,5.3073,14.0,4.1583,13.0,30.0,14.565,5.16,15.0,2.565,-1.0875,15.425,131,0,ai_equal_to_proposer,1,2,6,3Z33IC0JD3SMJCBCWZ2FP1NIKQ99VU,40,real,35,50,50,17,70,A2R8I#####TY00,2,1,-1,2,2,2,1,-2,-2,-3,-3,2,3,-1,-1,2,-2,2,-1,-2,1,2,-1,-1,-3,-1,-2,2,-1,1,-2,219,4,20,A26LO#####ZZCO,4.645,1.09,1.99,5.5,10.0,104,2019-11-06 03:31:52.984930,A2R8I#####TY00
0.0069:0.706,0.0489:0.8212,2,0:50,26:19,2,50,0.7862472003636766,-0.14646590795280967,211.0,0.25,1,295.0,0.8333333333333334,5,1.6419113162977828,prop:mcVH9,11.4502,12.202,7.626,14.0,6.5,13.0,30.0,14.565,5.16,15.0,2.565,-1.0875,14.8,89,20,ai_equal_to_proposer,4,5,3,3Z33IC0JD3SMJCBCWZ2FP1NIKQ99VU,20,real,50,50,50,10,41,A2NAK#####VGAA,-61,3,-3,3,3,3,2,2,-1,2,-3,2,3,-1,-1,-2,3,2,-2,3,-1,-2,-2,-3,2,2,3,-1,-2,-2,-1,97,5,5,A1N16#####QEY6,2.2475,1.0,1.0,3.0,3.99,35,2019-11-07 01:03:25.738519,A2NAK#####VGAA
,,0,,,0,50,0.6262834321863123,-0.4837107830508505,172.0,0.5,2,288.6,0.8333333333333334,5,0.9674215661017009,prop:XXyz1,11.0418,11.982000000000001,8.5798,14.0,4.1583,13.0,30.0,14.565,3.4167,15.0,2.565,-1.0875,14.8,63,0,ai_equal_to_proposer,3,6,4,3Z33IC0JD3SMJCBCWZ2FP1NIKQ99VU,50,real,20,25,25,5,10,A36MD#####W2VQ,4,-1,2,-3,-3,-3,-3,3,1,-3,-2,2,-2,-2,1,-2,1,2,-3,-2,-3,-3,1,-1,-1,2,-3,2,-3,2,-2,117,6,7,A1XE5#####O5HH,1.3975,1.0,1.08,1.53,1.98,47,2019-11-07 01:16:24.584742,A36MD#####W2VQ
0.706,0.8212,1,50,54,1,50,0.4824547397462529,-0.3542521884522782,443.0,0.25,1,380.83333333333326,1.0,6,2.05748387729672,prop:gVZ26,8.2966,11.244000000000002,2.5662,7.0,4.1583,13.0,10.22,11.525,5.16,15.0,2.565,-1.0875,15.425,130,1,ai_slighly_better,6,7,6,3Z33IC0JD3SMJCBCWZ2FP1NIKQ99VU,5,real,50,60,60,18,49,A1HM9#####YM7Y,11,-1,1,2,2,2,-2,-1,-1,1,2,-1,2,1,-1,-1,-3,2,1,2,1,2,-1,1,-2,-2,-3,2,-2,1,-1,241,7,11,A3UEE#####25TS,1.395,0.99,1.08,1.53,1.98,67,2019-11-07 01:43:16.710307,A1HM9#####YM7Y
0.706,0.8212,1,50,21,1,50,0.7862472003636766,-0.14646590795280967,243.0,0.25,1,227.6,0.8333333333333334,5,1.6419113162977828,prop:mpSe5,8.28,10.481,5.6123,14.0,4.1583,13.0,10.22,14.565,3.4167,15.0,2.015,-9.0,15.425,83,0,ai_equal_to_proposer,2,2,6,3Z33IC0JD3SMJCBCWZ2FP1NIKQ99VU,30,real,50,50,50,8,27,A3OB6#####GHK1,-12,1,-2,1,2,-2,-3,1,3,2,-2,3,1,1,1,1,-1,-1,-2,1,1,1,-1,-2,1,2,-1,2,-2,1,-1,139,8,9,A11C2#####G6JK,2.8875,1.05,1.5,3.0,6.0,28,2019-11-07 21:02:35.145852,A3OB6#####GHK1
0.706,0.8212,1,50,29,1,50,1.2137316295023657,0.0914639071371534,0.0,0.0,0,334.8,0.8333333333333334,5,2.1177709464777092,prop:kSeXG,11.3953,12.212,7.3135,14.0,6.5,13.0,30.0,14.565,5.16,15.0,2.015,-1.0875,14.8,95,0,ai_better,7,7,7,3Z33IC0JD3SMJCBCWZ2FP1NIKQ99VU,50,real,50,50,50,18,15,AP9NO#####RWI,-17,2,1,1,1,-1,1,1,2,2,-2,1,3,-2,1,2,-1,1,-1,2,-2,1,-1,1,-1,1,2,1,-1,1,-1,133,10,21,A1OZN#####LC9V,1.7775,0.99,1.08,2.0,3.04,26,2019-11-08 10:40:50.082568,AP9NO#####RWI
0.1538:0.9277,0.0767:0.0528,2,45:75,53:7,2,50,1.2554175313546805,0.33724487509804085,298.0,0.25,1,232.66666666666663,0.5,3,0.6744897501960817,prop:Ue70N,9.959,10.467,7.626,7.0,6.5,13.0,30.0,14.565,5.16,15.0,2.565,-9.0,14.8,102,1,ai_slighly_better,3,3,5,3Z33IC0JD3SMJCBCWZ2FP1NIKQ99VU,50,real,65,60,60,37,33,A2X77#####QQYB,-12,1,-2,-1,1,2,-2,-2,-1,-3,-1,3,1,-1,-1,-2,1,2,-2,1,-1,-3,1,-2,1,-1,-2,2,-2,2,-1,160,9,23,ACRBW#####8F5,2.8425,1.04,1.3299999999999998,3.0,6.0,189,2019-11-08 10:10:24.901649,A2X77#####QQYB
,,0,,,0,50,0.7447665023958179,1.266671753738323,0.0,0.0,0,0.0,0.0,0,-0.2326447467246302,prop:CPusj,10.1669,13.09,5.24,7.0,6.5,13.0,30.0,11.525,3.4167,14.5,2.015,-1.0875,14.8,139,0,ai_sligthly_worse,3,5,5,3Z33IC0JD3SMJCBCWZ2FP1NIKQ99VU,35,real,50,50,50,18,78,A1LDB#####W99C,16,1,1,1,1,1,-1,1,-2,-1,1,1,-1,1,1,3,-1,1,2,-1,2,2,2,1,-1,2,2,1,-1,2,-1,211,11,21,A3U30#####P0J6,1.8525,1.0499999999999998,1.38,3.0,1.98,37,2019-11-08 10:40:28.823433,A1LDB#####W99C
0.1007,0.0192,1,35,23,1,50,0.7447665023958179,1.266671753738323,0.0,0.0,0,0.0,0.0,0,-0.2326447467246302,prop:WlyAU,11.4628,15.852,4.001,14.0,6.5,13.0,30.0,14.565,5.16,14.5,2.565,-1.0875,15.425,74,10,ai_slighly_better,6,5,6,3Z33IC0JD3SMJCBCWZ2FP1NIKQ99VU,50,real,50,65,65,13,18,A2PLC#####IIW5,-7,2,1,1,1,-1,-1,-1,-1,1,1,-1,-1,1,1,1,-1,2,-1,-1,-1,-1,-1,-1,2,2,-1,1,-2,-2,2,145,12,9,A1C7X#####D8JE,3.0,1.0,1.5,3.5,6.0,45,2019-11-08 10:44:53.171856,A2PLC#####IIW5
0.706,0.8212,1,50,50,1,50,0.7447665023958179,1.266671753738323,0.0,0.0,0,0.0,0.0,0,-0.2326447467246302,prop:T6owW,8.3406,6.676,6.3935,14.0,6.5,2.2333,10.22,14.565,5.16,15.0,2.015,-1.0875,14.8,135,20,ai_slighly_better,1,2,7,3Z33IC0JD3SMJCBCWZ2FP1NIKQ99VU,10,real,50,50,50,16,57,AYW62#####UT1,-21,1,1,2,3,1,2,1,2,-1,1,1,2,2,-2,-1,2,2,1,3,-1,1,-1,1,3,1,-1,1,1,2,3,290,13,14,A2U3H#####QNPE,2.4775,1.08,1.3299999999999998,2.52,4.98,149,2019-11-08 11:14:13.543084,AYW62#####UT1
0.0899,0.0013,1,30,31,1,50,0.7447665023958179,1.266671753738323,0.0,0.0,0,0.0,0.0,0,-0.2326447467246302,prop:XYunm,10.609000000000002,12.257,7.136,14.0,6.5,13.0,30.0,14.565,5.16,14.5,2.565,-9.0,14.8,30,2,ai_slighly_better,6,5,6,3Z33IC0JD3SMJCBCWZ2FP1NIKQ99VU,40,real,30,60,60,12,60,A3UMX#####WDP7,33,-3,3,-1,3,3,-3,3,-3,-3,-3,3,-3,3,3,3,-3,-3,1,-3,3,-3,-3,3,1,3,-3,3,3,3,-2,452,14,25,AUZPU#####TX5,3.0125,1.05,1.5,3.5,6.0,45,2019-11-08 11:52:48.720358,A3UMX#####WDP7
0.716,0.2681,1,55,27,1,50,1.2137316295023657,0.0914639071371534,0.0,0.0,0,372.8,0.8333333333333334,5,2.1177709464777092,prop:3EWuP,6.9831,6.159,5.9388,7.0,4.1583,2.2333,10.22,11.525,3.4167,15.0,2.565,-1.0875,14.8,46,10,ai_much_better,6,7,6,3Z33IC0JD3SMJCBCWZ2FP1NIKQ99VU,50,real,35,35,35,17,15,A3NQ4#####H0OL,-45,2,-3,2,2,3,1,2,3,-2,-2,2,2,1,1,1,2,1,-1,2,-2,-2,-1,-1,3,3,2,-1,-2,-2,1,109,17,5,A39XI#####NHFU,1.395,0.99,1.08,1.53,1.98,20,2019-11-08 17:58:57.049438,A3NQ4#####H0OL
0.1363,0.0336,1,40,50,1,50,1.1441994342256387,0.12188122545031213,360.0,0.25,1,414.25,0.6666666666666666,4,1.1052170494915392,prop:a4JhS,7.4064,5.781000000000001,5.7098,7.0,4.1583,2.2333,10.22,14.565,5.16,15.0,2.015,-1.0875,14.8,28,0,ai_better,4,3,5,3Z33IC0JD3SMJCBCWZ2FP1NIKQ99VU,100,real,40,50,50,19,61,A3SYY#####AATE,-4,1,1,1,1,1,1,1,1,2,1,1,1,1,2,1,1,1,2,1,1,1,1,1,1,1,1,1,1,1,2,71,15,12,A2KBT#####J7X4,4.645,1.09,1.99,5.5,10.0,41,2019-11-08 16:32:51.994669,A3SYY#####AATE
0.706:0.716,0.8212:0.2681,3,50:55,37:13,2,50,0.7447665023958179,1.266671753738323,0.0,0.0,0,0.0,0.0,0,-0.2326447467246302,prop:81Z2I,10.609000000000002,12.257,7.136,14.0,6.5,13.0,30.0,14.565,5.16,14.5,2.565,-9.0,14.8,111,1,ai_equal_to_proposer,2,5,6,3Z33IC0JD3SMJCBCWZ2FP1NIKQ99VU,30,real,50,50,50,12,57,A36K4#####H00L,12,2,2,1,-1,1,-1,-1,-1,-3,-1,-1,1,-1,2,2,-1,1,1,-2,-1,-1,1,1,1,1,-2,1,-1,3,1,128,16,176,A3C2X#####NNLV,4.645,1.09,1.99,5.5,10.0,23,2019-11-08 17:13:23.759106,A36K4#####H00L
,,0,,,0,50,0.7862472003636766,-0.14646590795280967,50.0,0.25,1,352.6,0.8333333333333334,5,1.6419113162977828,prop:TJFiP,11.1661,13.097000000000001,6.4523,14.0,4.1583,13.0,30.0,14.565,5.16,14.5,2.565,-1.0875,14.8,94,5,ai_better,5,5,4,3Z33IC0JD3SMJCBCWZ2FP1NIKQ99VU,50,real,15,75,75,8,9,A35HW#####3AFL,-76,2,-3,3,3,3,3,3,3,3,-3,3,3,-3,-3,-2,2,3,-3,3,-3,-2,-3,-3,3,3,2,-1,1,-1,2,115,18,6,A2GG7#####IXUR,2.595,1.02,1.38,3.0,4.98,42,2019-11-08 22:26:44.709185,A35HW#####3AFL
0.1538:0.083:0.9164,0.0767:0.0007:0.0548,3,45:25:70,48:5:3,3,50,0.7447665023958179,-0.1163223733623151,0.0,0.0,0,305.8333333333333,1.0,6,2.533343507476646,prop:Zekvl,7.331,10.184,4.2038,7.0,4.1583,13.0,10.22,11.525,3.4167,15.0,2.565,-9.0,15.425,47,2,ai_equal_to_proposer,3,4,5,3Z33IC0JD3SMJCBCWZ2FP1NIKQ99VU,50,real,45,50,50,31,36,A1L2N#####Z3W7,43,-1,1,-2,-2,-2,-3,-2,-2,-3,1,-2,-2,1,3,2,-2,-2,-1,-2,2,1,1,2,-2,1,-2,-1,-3,2,-2,102,21,4,AOWW3#####J6U,4.645,1.09,1.99,5.5,10.0,23,2019-11-08 22:48:50.458189,A1L2N#####Z3W7
,,0,,,0,50,1.2137316295023657,0.0914639071371534,0.0,0.0,0,316.8,0.8333333333333334,5,2.1177709464777092,prop:tGZky,10.6715,14.767000000000001,4.751,14.0,6.5,13.0,30.0,14.565,5.16,14.5,2.565,-9.0,15.425,75,1,ai_equal_to_proposer,1,7,4,3Z33IC0JD3SMJCBCWZ2FP1NIKQ99VU,50,real,50,50,50,27,53,A34H7#####6E93,39,-3,-3,-3,-3,-3,-3,-3,-2,-1,-1,2,-3,-2,-3,3,-3,3,-1,-3,3,3,2,-2,-2,-2,-3,2,1,2,-3,179,19,7,A26NG#####ATVN,1.0,1.0,1.0,1.0,1.0,30,2019-11-08 22:29:02.688287,A34H7#####6E93
,,0,,,0,50,0.7447665023958179,-0.1163223733623151,0.0,0.0,0,308.6666666666667,1.0,6,2.533343507476646,prop:1DemR,9.4722,9.266,6.606,14.0,6.5,13.0,10.22,14.565,5.16,15.0,2.565,-1.0875,14.8,74,0,ai_equal_to_proposer,5,6,4,3Z33IC0JD3SMJCBCWZ2FP1NIKQ99VU,50,real,100,100,100,27,23,A3KS8#####0L4W,-28,3,-3,1,3,3,-3,-1,2,-3,-3,-2,3,-2,3,-2,-2,2,-2,3,-2,-3,-2,-2,2,2,-3,2,-3,-1,-2,138,20,8,A270H#####LJ8W,4.645,1.09,1.99,5.5,10.0,35,2019-11-08 22:30:11.588615,A3KS8#####0L4W
0.706,0.8212,1,50,21,1,50,1.2137316295023657,0.0914639071371534,0.0,0.0,0,295.4,0.8333333333333334,5,2.1177709464777092,prop:hCp4D,10.4248,10.872,8.4422,14.0,4.1583,13.0,30.0,14.565,5.16,15.0,2.565,-9.0,14.8,70,0,ai_better,6,6,6,3Z33IC0JD3SMJCBCWZ2FP1NIKQ99VU,50,real,55,70,70,11,14,AM65I#####U4F,-29,1,-2,2,3,3,1,1,2,-1,-2,3,1,-1,-1,1,1,1,-2,-2,-2,1,-1,-2,1,-1,1,-1,-1,-1,-2,113,22,7,A3I0I#####KFFZ,4.645,1.09,1.99,5.5,10.0,31,2019-11-08 22:51:46.902201,AM65I#####U4F
0.716,0.2681,1,55,64,1,50,1.2137316295023657,0.0914639071371534,0.0,0.0,0,369.0,0.8333333333333334,5,2.1177709464777092,prop:PARb1,10.4248,10.872,8.4422,14.0,4.1583,13.0,30.0,14.565,5.16,15.0,2.565,-9.0,14.8,152,0,ai_slighly_better,6,5,5,3Z33IC0JD3SMJCBCWZ2FP1NIKQ99VU,25,real,50,40,40,48,18,A340U#####MEZF,25,1,-1,1,-2,1,-3,-1,1,-3,-1,-1,-1,2,2,2,-1,2,1,-1,1,2,1,2,-1,1,-2,2,-1,2,-2,207,23,15,AMARS#####3TG,3.925,1.0,1.2000000000000002,3.5,10.0,102,2019-11-08 22:49:51.601567,A340U#####MEZF
0.0069,0.0489,1,0,15,1,50,0.6262834321863123,0.4837107830508505,223.0,0.5,2,162.0,0.16666666666666666,1,-0.9674215661017009,prop:pVGHZ,9.9952,15.355,2.9212,7.0,4.1583,13.0,30.0,11.525,3.4167,14.5,2.015,-1.0875,15.425,12,3,ai_sligthly_worse,1,1,7,3Z33IC0JD3SMJCBCWZ2FP1NIKQ99VU,25,real,0,35,35,10,15,A12N4#####2Q8Y,1,3,-2,-2,3,2,3,2,3,2,2,-2,1,-2,3,2,3,2,-1,-2,-1,3,2,2,-3,-2,-3,2,3,1,3,14,24,5,A3JLE#####17E2,2.2275,1.05,1.38,4.5,1.98,4,2019-11-08 22:52:19.820279,A12N4#####2Q8Y
0.083:0.1363,0.0007:0.0336,2,25:40,84:19,2,50,1.1441994342256387,0.12188122545031213,203.0,0.25,1,348.25,0.6666666666666666,4,1.1052170494915392,prop:CKEZn,8.1791,8.744,4.6388,7.0,4.1583,13.0,10.22,11.525,5.16,15.0,2.015,-1.0875,14.8,41,16,ai_much_better,6,1,7,3Z33IC0JD3SMJCBCWZ2FP1NIKQ99VU,5,real,50,40,40,23,98,A1Q98#####BROL,-9,-1,-3,3,3,3,-3,-3,-3,-3,-3,3,-3,-3,-3,-3,-3,3,3,3,3,-3,-3,-3,3,-3,-3,2,-3,3,-3,102,25,9,A2F2D#####U4AK,2.2225,1.0499999999999998,1.3299999999999998,2.52,3.99,37,2019-11-08 23:07:29.372856,A1Q98#####BROL
0.0708,0.0008,1,15,10,1,50,0.7447665023958179,-0.1163223733623151,0.0,0.0,0,359.83333333333326,1.0,6,2.533343507476646,prop:VOQ4v,9.9465,11.26,8.3587,14.0,4.1583,13.0,30.0,11.525,3.4167,15.0,2.565,-9.0,14.8,79,0,ai_equal_to_proposer,5,5,4,3Z33IC0JD3SMJCBCWZ2FP1NIKQ99VU,40,real,20,20,20,5,10,A3VE9#####2N5G,-2,-2,2,1,-1,1,1,1,1,-1,1,1,-2,-1,1,1,-1,1,-1,1,1,-1,1,-2,-1,2,2,-1,1,-1,-1,62,26,9,A2SO6#####GBB7,4.27,1.09,1.99,5.0,9.0,27,2019-11-08 23:08:26.721989,A3VE9#####2N5G
0.0899,0.0013,1,30,65,1,50,0.7862472003636766,0.8209556581488914,152.0,0.25,1,468.0,0.16666666666666666,1,-0.2929318159056193,prop:vqC6H,9.0632,10.779000000000002,4.0825,14.0,6.5,13.0,10.22,11.525,5.16,14.5,2.015,-1.0875,14.8,32,0,ai_slighly_better,5,6,5,3Z33IC0JD3SMJCBCWZ2FP1NIKQ99VU,40,real,10,25,25,53,30,A1SVP#####6CV5,-9,-1,-1,-1,1,2,1,-1,1,1,1,2,2,1,1,2,1,3,3,2,1,1,2,1,2,2,3,1,-2,1,1,46,27,10,AWH9P#####UCX,1.395,0.99,1.08,1.53,1.98,23,2019-11-08 23:10:01.807344,A1SVP#####6CV5
0.1363,0.0336,1,40,23,1,50,1.2137316295023657,1.0588854732388544,0.0,0.0,0,175.0,0.16666666666666666,1,0.1829278142743068,prop:dw0ur,8.4665,10.765,5.2575,7.0,6.5,2.2333,30.0,11.525,3.4167,15.0,2.565,-9.0,15.425,14,1,ai_equal_to_proposer,3,3,5,3Z33IC0JD3SMJCBCWZ2FP1NIKQ99VU,10,real,50,50,50,13,23,A3EVR#####TE1A,11,1,-2,2,-2,-1,-2,-1,-2,-2,-1,1,-2,1,-1,-2,1,1,-2,-1,1,1,2,-2,-2,1,-1,1,2,2,-2,103,29,279,A2Y2A#####U47Q,3.9725,1.08,1.8,5.0,8.01,7,2019-11-08 23:14:25.373447,A3EVR#####TE1A
0.0681:0.0899:0.95:0.706,0.0009:0.0013:0.0353:0.8212,4,10:30:90:50,52:10:10:8,4,50,0.4824547397462529,1.0287419386483598,181.0,0.25,1,0.0,0.0,0,-0.7085043769045564,prop:1suth,10.4373,14.522,4.8173,14.0,4.1583,13.0,30.0,14.565,5.16,14.5,2.565,-9.0,15.425,54,25,ai_much_better,7,1,7,3Z33IC0JD3SMJCBCWZ2FP1NIKQ99VU,40,real,10,50,50,25,63,A20N1#####S88F,-2,2,1,1,-2,-3,-3,2,-1,-2,-2,2,2,1,2,1,1,1,-3,-1,-2,-2,1,-2,1,1,-2,1,-2,1,-2,140,28,6,AEF74#####EIA,4.645,1.09,1.99,5.5,10.0,12,2019-11-08 23:08:58.554495,A20N1#####S88F
0.0899,0.0013,1,30,31,1,50,1.2137316295023657,1.0588854732388544,0.0,0.0,0,340.0,0.16666666666666666,1,0.1829278142743068,prop:vH5UO,7.7642,11.216,3.556,7.0,6.5,13.0,10.22,14.565,3.4167,14.5,2.015,-9.0,15.425,35,5,ai_slighly_better,6,5,6,3Z33IC0JD3SMJCBCWZ2FP1NIKQ99VU,10,real,50,45,45,16,29,A19PA#####1OTQ,-2,1,-1,1,-1,1,-1,1,-1,1,-1,1,-1,-1,1,-1,1,-1,1,-1,1,-1,1,1,-1,-1,1,-1,1,-1,1,69,32,18,A3SXE#####XBMM,2.8125,1.0499999999999998,1.2000000000000002,2.0,7.0,38,2019-11-08 23:16:19.988220,A19PA#####1OTQ
0.716:0.706,0.2681:0.8212,2,55:50,61:12,2,50,1.7663033243692394,0.7905383398357327,0.0,0.0,0,353.0,0.3333333333333333,2,0.7196220810805503,prop:TyJiI,10.1955,10.907,9.0172,14.0,4.1583,13.0,30.0,14.565,3.4167,15.0,2.015,-9.0,14.8,19,0,ai_slighly_better,5,3,5,3Z33IC0JD3SMJCBCWZ2FP1NIKQ99VU,40,real,55,50,50,26,58,AMG80#####S2E,0,-1,-2,-2,2,1,1,2,2,-1,-1,1,1,-1,-1,2,1,1,2,1,2,1,1,1,-1,2,-1,1,1,2,-1,33,30,6,A16SA#####96G4,1.0,1.0,1.0,1.0,1.0,16,2019-11-08 23:17:54.295712,AMG80#####S2E
0.706,0.8212,1,50,40,1,50,0.7447665023958179,-0.1163223733623151,0.0,0.0,0,393.5,1.0,6,2.533343507476646,prop:mRCRb,10.1333,14.885,3.8463,14.0,4.1583,13.0,30.0,11.525,5.16,14.5,2.565,-9.0,15.425,86,0,ai_equal_to_proposer,2,2,7,3Z33IC0JD3SMJCBCWZ2FP1NIKQ99VU,25,real,50,50,50,17,42,A2W5M#####4Y2P,-36,3,2,3,2,-1,-1,-1,1,1,2,-1,3,-3,1,-1,3,3,-2,3,-1,-2,-2,-1,3,3,2,1,-2,-1,1,163,31,21,A28AX#####PH1F,2.7275,1.05,1.3299999999999998,1.53,7.0,36,2019-11-08 23:14:05.928575,A2W5M#####4Y2P
0.1363:0.706:0.1538,0.0336:0.8212:0.0767,3,40:50:45,52:14:6,3,50,0.7862472003636766,-0.14646590795280967,173.0,0.25,1,334.0,0.8333333333333334,5,1.6419113162977828,prop:HMOxj,7.8574,6.784,5.8013,14.0,4.1583,2.2333,10.22,11.525,5.16,15.0,2.565,-1.0875,14.8,31,3,ai_slighly_better,1,1,2,3Z33IC0JD3SMJCBCWZ2FP1NIKQ99VU,50,real,40,40,40,22,60,A3CTX#####Y7D8,14,-1,3,-2,2,-1,1,1,1,1,1,3,-1,-1,1,1,-1,2,1,-1,1,3,2,-2,-1,1,1,3,2,1,-3,133,33,14,A2INX#####M92F,3.0125,1.0499999999999998,1.5,3.5,6.0,23,2019-11-08 23:19:08.204611,A3CTX#####Y7D8
0.9277:0.9444:1.0:0.8876:0.706:0.9556,0.0528:0.0338:0.0501:0.13:0.8212:0.1957,6,75:85:100:65:50:95,27:11:6:18:5:7,6,50,1.7663033243692394,0.7905383398357327,0.0,0.0,0,373.5,0.3333333333333333,2,0.7196220810805503,prop:3QKB3,7.8699,10.434000000000001,2.1763,14.0,4.1583,2.2333,10.22,11.525,5.16,14.5,2.565,-1.0875,15.425,13,1,ai_slighly_better,4,4,5,3Z33IC0JD3SMJCBCWZ2FP1NIKQ99VU,45,real,75,85,85,10,78,A35X2#####N1W1,10,-2,-1,-1,-1,-1,-1,1,1,-1,-1,-1,2,-1,2,2,-1,1,2,-1,-1,2,-1,1,-1,-1,-1,2,-1,-1,2,52,34,10,ATP43#####P0C,2.595,1.02,1.38,3.0,4.98,68,2019-11-08 23:41:20.375344,A35X2#####N1W1
0.1363,0.0336,1,40,68,1,50,0.7862472003636766,0.14646590795280967,320.6666666666667,0.75,3,245.0,0.16666666666666666,1,-1.6419113162977828,prop:0xwNI,6.6277,8.346,2.8348,7.0,4.1583,2.2333,10.22,14.565,5.16,14.5,2.015,-9.0,15.425,8,1,ai_worse,1,4,1,3Z33IC0JD3SMJCBCWZ2FP1NIKQ99VU,50,real,40,40,40,22,68,A55T1#####2WC,19,1,2,-2,1,-1,-2,1,-3,-3,-1,-3,-3,3,-2,-3,-3,1,-1,-1,-1,-2,1,1,-2,-3,-2,-1,-3,3,1,30,35,23,A3D8W#####SOH,2.6925,1.08,1.71,3.0,4.98,14,2019-11-08 23:42:55.128963,A55T1#####2WC
0.706,0.8212,1,50,27,1,50,1.7663033243692394,0.35981104054027524,0.0,0.0,0,379.0,0.6666666666666666,4,1.5810766796714653,prop:5fKld,6.9831,6.159,5.9388,7.0,4.1583,2.2333,10.22,11.525,3.4167,15.0,2.565,-1.0875,14.8,40,1,ai_equal_to_proposer,4,4,4,3Z33IC0JD3SMJCBCWZ2FP1NIKQ99VU,45,real,50,50,50,12,27,ATP2B#####K2B,27,-2,-1,-1,1,2,-2,-2,-1,-2,-2,1,1,-1,2,2,-2,-1,1,-2,1,1,2,2,-2,-2,-1,2,-1,2,-2,104,36,15,A3NMQ#####6YE0,1.59,1.0499999999999998,1.3299999999999998,2.0,1.98,39,2019-11-08 23:46:20.136089,ATP2B#####K2B
0.0782:0.0899,0.0007:0.0013,2,20:30,47:14,2,50,0.7862472003636766,-0.14646590795280967,444.0,0.25,1,418.6,0.8333333333333334,5,1.6419113162977828,prop:wRDOR,10.4248,10.872,8.4422,14.0,4.1583,13.0,30.0,14.565,5.16,15.0,2.565,-9.0,14.8,68,15,ai_slighly_better,5,3,5,3Z33IC0JD3SMJCBCWZ2FP1NIKQ99VU,40,real,25,30,30,24,46,A1J1P#####FVPL,28,1,2,-2,2,-2,-2,-1,-1,1,-2,2,-2,2,3,2,-2,-1,-3,-2,2,2,2,-3,-2,-1,1,2,3,3,-2,126,37,8,AAAHL#####A2U,2.0175,1.0,1.08,2.0,3.99,32,2019-11-08 23:59:09.232410,A1J1P#####FVPL
0.706,0.8212,1,50,39,1,50,0.6262834321863123,-0.4837107830508505,210.5,0.5,2,270.2,0.8333333333333334,5,0.9674215661017009,prop:nhCkG,8.3968,9.076,6.1823,14.0,4.1583,13.0,10.22,14.565,5.16,14.5,2.565,-9.0,14.8,131,3,ai_much_worse,1,4,5,3Z33IC0JD3SMJCBCWZ2FP1NIKQ99VU,25,real,50,50,50,20,29,A52DU#####RFF,-10,1,-3,1,2,3,1,-1,-2,-3,-2,3,1,2,1,1,-3,1,-3,1,-3,-1,1,-3,1,1,-2,1,2,1,-1,166,38,28,A28VE#####E3B8,3.605,1.08,1.3299999999999998,4.0,8.01,97,2019-11-09 00:01:41.359404,A52DU#####RFF
0.9387:1.0,0.0316:0.0501,2,80:100,92:16,2,50,1.1441994342256387,0.12188122545031213,376.0,0.25,1,420.0,0.6666666666666666,4,1.1052170494915392,prop:cidkd,11.4002,13.342,6.386,14.0,6.5,13.0,30.0,14.565,5.16,14.5,2.565,-1.0875,14.8,198,0,ai_slighly_better,6,4,5,3Z33IC0JD3SMJCBCWZ2FP1NIKQ99VU,50,real,80,100,100,80,37,A3K9U#####GE57,-16,1,-1,2,1,2,1,1,2,-2,-2,3,1,-3,-1,1,-2,2,-2,1,1,1,-1,-2,-2,1,-2,-1,-1,2,-3,161,39,13,A37XJ#####ZYC,4.645,1.09,1.99,5.5,10.0,58,2019-11-09 00:08:38.569375,A3K9U#####GE57
0.1007,0.0192,2,35,78,1,50,0.3842982336128855,-0.6914970635503189,282.5,0.5,2,300.3333333333333,1.0,6,1.3829941271006378,prop:Vdp5D,10.2005,12.037,8.0898,14.0,4.1583,13.0,30.0,14.565,3.4167,14.5,2.565,-9.0,14.8,39,5,ai_equal_to_proposer,4,1,7,3Z33IC0JD3SMJCBCWZ2FP1NIKQ99VU,70,real,35,35,35,34,82,A2L1Q#####HLA5,4,1,1,1,1,1,-1,1,-1,1,1,1,-1,1,1,1,-1,-1,1,-1,-1,1,-1,1,1,-1,1,-1,1,1,1,112,40,45,A2J6Q#####TRVM,2.3425,1.0499999999999998,1.3299999999999998,3.0,3.99,29,2019-11-09 00:15:29.660718,A2L1Q#####HLA5
0.8876:0.9164,0.13:0.0548,2,65:70,18:1,2,50,0.6262834321863123,-0.4837107830508505,268.5,0.5,2,197.6,0.8333333333333334,5,0.9674215661017009,prop:65aMi,9.8354,9.72,6.8213,14.0,4.1583,2.2333,30.0,11.525,5.16,15.0,2.565,-1.0875,14.8,59,0,ai_slighly_better,6,6,5,3Z33IC0JD3SMJCBCWZ2FP1NIKQ99VU,50,real,50,70,70,10,14,A29LY#####QSOF,-56,3,-3,3,3,2,-1,1,3,-1,-3,3,3,-2,-3,-2,3,3,-3,3,-2,-3,-2,-1,3,1,-3,1,-2,1,3,106,42,15,A2RLY#####6ETD,2.595,1.02,1.38,3.0,4.98,35,2019-11-09 00:19:55.135963,A29LY#####QSOF
0.706,0.8212,1,50,73,1,50,1.7663033243692394,0.35981104054027524,0.0,0.0,0,273.0,0.6666666666666666,4,1.5810766796714653,prop:qAtSF,11.1661,13.097000000000001,6.4523,14.0,4.1583,13.0,30.0,14.565,5.16,14.5,2.565,-1.0875,14.8,119,1,ai_much_better,2,3,6,3Z33IC0JD3SMJCBCWZ2FP1NIKQ99VU,50,real,50,50,50,12,81,A1BVG#####M1YD,-11,1,-1,2,3,3,1,-1,1,-2,1,2,1,1,1,-2,-2,1,-2,2,-1,-1,2,-2,2,2,-2,3,1,2,-1,194,41,19,A36FB#####N139,4.645,1.09,1.99,5.5,10.0,122,2019-11-09 00:09:44.355607,A1BVG#####M1YD
0.706:0.1538,0.8212:0.0767,2,50:45,73:12,2,50,1.1441994342256387,0.12188122545031213,358.0,0.25,1,339.5,0.6666666666666666,4,1.1052170494915392,prop:yaCVw,8.8841,10.524000000000001,4.4613,14.0,4.1583,13.0,10.22,11.525,5.16,14.5,2.565,-1.0875,14.8,111,0,ai_sligthly_worse,5,6,3,3Z33IC0JD3SMJCBCWZ2FP1NIKQ99VU,50,real,50,50,50,21,79,A308F#####J8WV,37,-2,2,-1,-3,-2,-3,-3,1,-3,1,-3,1,-1,1,1,-3,2,2,-3,-3,1,3,1,3,-2,-3,2,-1,2,-2,145,43,10,A34V3#####3BMF,1.7475,1.0,1.0,1.0,3.99,42,2019-11-09 00:20:09.421318,A308F#####J8WV
0.1007,0.0192,1,35,25,1,50,1.2554175313546805,0.33724487509804085,335.0,0.25,1,275.6666666666667,0.5,3,0.6744897501960817,prop:QOzLJ,7.8574,6.784,5.8013,14.0,4.1583,2.2333,10.22,11.525,5.16,15.0,2.565,-1.0875,14.8,110,0,ai_equal_to_proposer,5,5,6,3Z33IC0JD3SMJCBCWZ2FP1NIKQ99VU,50,real,100,50,50,10,21,A2NMA#####TO0R,66,-2,3,-2,-2,-3,-3,1,-2,-3,2,-2,-3,2,2,3,-3,-3,2,-3,2,1,3,2,-3,1,-3,2,2,2,-3,122,44,9,AGY4F#####H9G,4.2875,1.0499999999999998,1.6,4.5,10.0,59,2019-11-09 00:20:54.910050,A2NMA#####TO0R
0.706,0.8212,1,50,25,1,50,0.7447665023958179,1.266671753738323,0.0,0.0,0,0.0,0.0,0,-0.2326447467246302,prop:BQ6G4,10.9918,13.122,7.3398,14.0,4.1583,13.0,30.0,14.565,3.4167,14.5,2.565,-1.0875,14.8,61,0,ai_equal_to_proposer,4,2,7,3Z33IC0JD3SMJCBCWZ2FP1NIKQ99VU,30,real,50,50,50,11,25,A2BZY#####GEDL,4,1,1,-1,1,-1,-1,1,-1,1,-1,1,-1,-1,1,-1,1,-1,1,-1,1,-1,1,1,1,1,-1,1,-1,1,-1,48,45,16,A1X44#####IQ78,3.665,1.05,1.6,4.0,8.01,40,2019-11-09 00:23:46.480076,A2BZY#####GEDL
,,0,,,0,50,1.1441994342256387,0.12188122545031213,269.0,0.25,1,282.75,0.6666666666666666,4,1.1052170494915392,prop:gkC3f,9.7929,13.38,2.8838,14.0,4.1583,2.2333,30.0,11.525,5.16,14.5,2.015,-1.0875,15.425,77,0,ai_better,6,5,6,3Z33IC0JD3SMJCBCWZ2FP1NIKQ99VU,50,real,30,55,55,15,15,A2T9I#####WFP9,-20,2,3,3,-1,3,-3,3,3,3,-3,-1,3,-3,1,-3,3,3,3,3,-1,1,1,3,2,3,-3,3,-1,3,1,202,46,8,AXTFS#####LO5,1.0,1.0,1.0,1.0,1.0,25,2019-11-09 00:20:18.590908,A2T9I#####WFP9
0.0681:0.0899:0.1363:0.706:0.9387,0.0009:0.0013:0.0336:0.8212:0.0316,5,10:30:40:50:80,29:9:3:2:5,5,50,0.7447665023958179,-0.1163223733623151,0.0,0.0,0,353.5,1.0,6,2.533343507476646,prop:xsKme,9.8354,9.72,6.8213,14.0,4.1583,2.2333,30.0,11.525,5.16,15.0,2.565,-1.0875,14.8,98,0,ai_much_worse,1,4,3,3Z33IC0JD3SMJCBCWZ2FP1NIKQ99VU,50,real,50,50,50,8,50,A1C59#####O503,36,-1,2,-2,-3,-1,-3,-2,-2,-3,1,-2,-2,-3,2,2,-3,-1,1,2,2,-1,-1,1,-2,2,-3,2,-2,1,-3,124,47,15,A3CPQ#####J09F,3.915,1.05,1.6,5.0,8.01,52,2019-11-09 00:21:34.794921,A1C59#####O503
0.706,0.8212,1,50,27,1,50,0.4824547397462529,-1.0287419386483598,324.3333333333333,0.75,3,298.3333333333333,1.0,6,0.7085043769045564,prop:WIALN,7.1574,6.1339999999999995,5.0513,7.0,4.1583,2.2333,10.22,11.525,5.16,15.0,2.565,-1.0875,14.8,62,0,ai_equal_to_proposer,4,2,7,3Z33IC0JD3SMJCBCWZ2FP1NIKQ99VU,45,real,50,50,50,9,28,AZOLO#####1K0,-38,2,-2,1,2,3,-1,2,1,-3,-3,2,3,-1,-1,-1,1,1,-3,-1,-1,-3,-3,-1,3,1,-1,-2,-1,-1,-1,305,50,17,A1U3O#####I8JD,3.485,1.0499999999999998,1.38,3.5,8.01,89,2019-11-09 00:21:07.442600,AZOLO#####1K0
0.706,0.8212,1,50,24,1,50,0.7862472003636766,-0.14646590795280967,423.0,0.25,1,356.8,0.8333333333333334,5,1.6419113162977828,prop:Meats,9.3482,8.272,8.5422,14.0,4.1583,2.2333,30.0,14.565,5.16,15.0,2.565,-9.0,14.8,132,8,ai_equal_to_proposer,1,2,6,3Z33IC0JD3SMJCBCWZ2FP1NIKQ99VU,30,real,50,50,50,9,20,APKFF#####6NZ,50,-2,-2,-2,-3,-1,-3,-3,-1,-3,-1,-2,-2,1,2,2,-3,-3,1,1,2,2,2,1,-1,-2,-2,2,2,2,-2,156,48,11,A3T1A#####ZZXY,4.645,1.09,1.99,5.5,10.0,75,2019-11-09 00:20:55.646090,APKFF#####6NZ
0.706,0.8212,1,50,48,1,50,1.2137316295023657,0.0914639071371534,0.0,0.0,0,373.4,0.8333333333333334,5,2.1177709464777092,prop:u7FDF,9.1262,11.556,5.1748,14.0,4.1583,13.0,10.22,14.565,3.4167,15.0,2.565,-1.0875,15.425,62,0,ai_worse,1,3,6,3Z33IC0JD3SMJCBCWZ2FP1NIKQ99VU,60,real,50,50,50,10,50,A295X#####0NH5,13,-2,2,-2,2,-2,2,-2,2,-2,-2,2,-2,2,2,3,1,2,1,-2,-2,2,2,-2,-2,2,2,2,-2,2,-2,127,51,6,A3DQL#####PEL8,3.28,1.02,1.6,3.5,7.0,28,2019-11-09 00:52:28.519400,A295X#####0NH5
0.706:0.0899:0.716,0.8212:0.0013:0.2681,4,50:30:55,63:13:5,3,50,0.7447665023958179,1.266671753738323,0.0,0.0,0,0.0,0.0,0,-0.2326447467246302,prop:j4VTr,10.0844,9.367,7.4798,14.0,4.1583,2.2333,30.0,14.565,5.16,15.0,2.015,-1.0875,14.8,33,2,ai_equal_to_proposer,3,3,5,3Z33IC0JD3SMJCBCWZ2FP1NIKQ99VU,100,real,50,50,50,32,60,A3UPA#####7HKJ,8,1,-3,-3,-3,-3,-3,-3,-3,-2,1,1,-1,-3,-3,-3,-3,3,-3,-3,-3,-3,3,1,-3,-2,-3,-3,-3,-3,-3,145,49,35,A13Y9#####5X5P,2.8075,1.0499999999999998,1.2000000000000002,4.0,4.98,90,2019-11-09 00:22:44.042691,A3UPA#####7HKJ
0.706,0.8212,1,50,26,1,50,1.93799095924558,0.5751746901880039,0.0,0.0,0,478.0,0.5,3,1.150349380376008,prop:GL53f,9.0804,9.08,5.7588,7.0,4.1583,2.2333,30.0,11.525,5.16,15.0,2.015,-1.0875,14.8,113,10,ai_sligthly_worse,3,3,5,3Z33IC0JD3SMJCBCWZ2FP1NIKQ99VU,25,real,50,50,50,14,24,AE608#####M2E,-28,1,-3,1,3,3,3,2,3,-1,-2,-1,3,-1,-3,3,2,1,-1,3,-1,1,-3,-1,1,2,-3,3,1,3,1,312,55,22,A1LE6#####JNIT,3.25,1.0,1.0,1.0,10.0,105,2019-11-09 00:54:42.070072,AE608#####M2E
0.706:0.1538:0.9387:0.1363:0.716:0.8876,0.8212:0.0767:0.0316:0.0336:0.2681:0.13,10,50:45:80:40:55:65,44:18:3:3:9:3,6,50,0.7447665023958179,1.266671753738323,0.0,0.0,0,0.0,0.0,0,-0.2326447467246302,prop:s7jnE,10.5286,14.957,3.3173,7.0,4.1583,13.0,30.0,14.565,5.16,14.5,2.565,-1.0875,15.425,130,4,ai_equal_to_proposer,2,2,5,3Z33IC0JD3SMJCBCWZ2FP1NIKQ99VU,20,real,50,50,50,23,79,ANBIW#####CQQ,2,-2,-1,-2,-2,-2,-3,1,-2,-2,-3,-1,1,-1,-1,-1,-1,2,-2,-1,1,-1,-2,-1,1,2,-1,1,-3,2,-2,151,53,18,A8KX1#####E2Q,4.645,1.09,1.99,5.5,10.0,203,2019-11-09 00:51:10.710714,ANBIW#####CQQ
,,0,,,0,50,0.7447665023958179,-0.1163223733623151,0.0,0.0,0,244.33333333333331,1.0,6,2.533343507476646,prop:PYQ97,8.658,9.032,7.3735,7.0,6.5,2.2333,30.0,14.565,3.4167,14.5,2.565,-9.0,14.8,121,25,ai_better,5,6,5,3Z33IC0JD3SMJCBCWZ2FP1NIKQ99VU,5,real,50,50,50,12,9,A3JM3#####1L0S,-44,2,-3,3,3,3,3,3,3,3,-1,2,3,1,-1,-1,-2,3,-3,3,-3,-2,1,-2,3,3,-2,3,2,2,1,145,56,15,A2XC9#####6PLH,2.2225,1.0499999999999998,1.3299999999999998,2.52,3.99,120,2019-11-09 01:01:19.401391,A3JM3#####1L0S
0.083:0.1007:0.706:0.1363,0.0007:0.0192:0.8212:0.0336,4,25:35:50:40,43:10:6:12,4,50,1.93799095924558,0.5751746901880039,0.0,0.0,0,382.66666666666674,0.5,3,1.150349380376008,prop:EVwV6,11.4002,13.342,6.386,14.0,6.5,13.0,30.0,14.565,5.16,14.5,2.565,-1.0875,14.8,34,0,ai_equal_to_proposer,2,3,5,3Z33IC0JD3SMJCBCWZ2FP1NIKQ99VU,25,real,50,50,50,17,64,AO7FM#####0CL,16,-1,2,-2,-2,-3,-1,1,-1,-3,-3,3,-2,-1,2,1,-2,1,-2,-1,-2,1,1,-1,-1,1,-2,1,-1,1,-2,131,54,6,A2FCQ#####PYHS,4.375,1.0,1.0,5.5,10.0,20,2019-11-09 00:59:38.112825,AO7FM#####0CL
0.706:0.1538,0.8212:0.0767,2,50:45,37:14,2,50,0.7447665023958179,-0.1163223733623151,0.0,0.0,0,414.66666666666674,1.0,6,2.533343507476646,prop:QekxX,11.2259,13.367,7.2735,14.0,6.5,13.0,30.0,14.565,3.4167,14.5,2.565,-1.0875,14.8,83,0,ai_better,6,2,7,3Z33IC0JD3SMJCBCWZ2FP1NIKQ99VU,40,real,50,50,50,17,40,A3HNO#####W7KD,-49,1,-2,1,2,2,1,1,1,-2,-2,2,2,-2,-1,1,2,2,-2,2,-3,-3,-2,-2,2,1,2,-2,-3,-3,1,83,57,8,A3VTO#####TBRR,3.4125,1.05,1.6,4.0,7.0,36,2019-11-09 01:12:33.274314,A3HNO#####W7KD
0.706,0.8212,1,50,20,1,50,1.2554175313546805,-0.33724487509804085,317.3333333333333,0.75,3,281.6666666666667,0.5,3,-0.6744897501960817,prop:61Nh4,9.9151,10.522,7.4397,14.0,4.1583,2.2333,30.0,14.565,3.4167,14.5,2.565,-1.0875,14.8,23,0,ai_sligthly_worse,4,5,4,3Z33IC0JD3SMJCBCWZ2FP1NIKQ99VU,40,real,50,50,50,8,19,A1YI1#####3ING,5,-1,1,-2,-2,-2,1,1,-1,1,1,1,-1,1,-1,-1,-1,1,-1,1,1,-1,1,1,-1,-1,1,-1,1,-1,1,61,60,15,A1842#####Z590,2.4275,1.02,1.2000000000000002,3.5,3.99,8,2019-11-09 02:31:06.959918,A1YI1#####3ING
0.706,0.8212,1,50,44,1,50,1.7663033243692394,0.7905383398357327,0.0,0.0,0,351.0,0.3333333333333333,2,0.7196220810805503,prop:4f0DO,8.1791,8.744,4.6388,7.0,4.1583,13.0,10.22,11.525,5.16,15.0,2.015,-1.0875,14.8,122,0,ai_equal_to_proposer,2,2,6,3Z33IC0JD3SMJCBCWZ2FP1NIKQ99VU,25,real,50,50,50,13,43,A5XQ3#####HK6,-23,2,-2,1,-3,2,-1,2,2,-1,-3,-1,-1,-1,-1,-1,-1,2,-2,2,-1,-2,-2,-1,1,1,1,1,-1,2,1,217,58,18,A1ZK0#####6UPY,3.8225,1.08,1.71,3.5,9.0,138,2019-11-09 01:08:53.378123,A5XQ3#####HK6
0.0782:0.7877:0.9556:0.8876:0.1538:0.716,0.0007:0.3978:0.1957:0.13:0.0767:0.2681,8,20:60:95:65:45:55,36:10:2:8:2:3,6,50,0.7862472003636766,0.8209556581488914,262.0,0.25,1,194.0,0.16666666666666666,1,-0.2929318159056193,prop:vqcCr,9.5823,8.517000000000001,8.476,14.0,6.5,2.2333,30.0,14.565,5.16,15.0,2.565,-9.0,14.8,94,0,ai_better,2,2,6,3Z33IC0JD3SMJCBCWZ2FP1NIKQ99VU,50,real,20,60,60,16,55,AVPW7#####FSM,-5,1,2,2,1,1,1,2,2,2,1,1,1,2,2,1,2,2,2,2,2,2,2,3,2,1,2,1,1,1,2,95,59,9,A1YNB#####FUVW,1.0625,1.05,1.2000000000000002,1.0,1.0,110,2019-11-09 02:25:16.756778,AVPW7#####FSM
0.706,0.8212,1,50,35,1,50,1.2137316295023657,-1.0588854732388544,291.75,1.0,4,351.0,0.8333333333333334,5,-0.1829278142743068,prop:R7K7r,10.8571,12.33,6.4087,14.0,4.1583,13.0,30.0,11.525,5.16,15.0,2.015,-1.0875,14.8,86,0,ai_equal_to_proposer,1,6,3,3Z33IC0JD3SMJCBCWZ2FP1NIKQ99VU,50,real,50,50,50,12,33,AKK6H#####RF6,-41,2,-2,2,3,3,1,2,2,-3,-3,2,2,-3,2,1,1,2,-3,2,-2,-1,-2,-1,1,2,1,-3,-3,2,-2,117,63,7,A1JDE#####1E33,2.7575,1.05,1.5,3.5,4.98,38,2019-11-09 02:53:15.574971,AKK6H#####RF6
0.706,0.8212,1,50,82,1,50,1.0,0.0,281.5,0.5,2,343.3333333333333,0.5,3,0.0,prop:ZWMKd,9.613,12.757,6.1948,7.0,4.1583,13.0,30.0,14.565,3.4167,15.0,2.565,-9.0,15.425,84,1,ai_sligthly_worse,2,2,6,3Z33IC0JD3SMJCBCWZ2FP1NIKQ99VU,50,real,50,50,50,41,56,A256T#####UPN2,-50,1,-3,1,1,3,-2,1,3,3,-3,3,3,-2,-2,-2,1,3,-3,2,-3,-3,-2,-3,3,1,2,2,2,2,1,84,61,4,A23QI#####SA0I,2.2225,1.0499999999999998,1.3299999999999998,2.52,3.99,38,2019-11-09 02:37:32.975104,A256T#####UPN2
0.1363:0.1007:0.706,0.0336:0.0192:0.8212,3,40:35:50,42:26:12,3,50,0.7447665023958179,1.266671753738323,0.0,0.0,0,0.0,0.0,0,-0.2326447467246302,prop:DVxAp,9.1354,9.07,6.0713,7.0,4.1583,2.2333,30.0,11.525,5.16,15.0,2.565,-1.0875,14.8,71,0,ai_slighly_better,4,6,2,3Z33IC0JD3SMJCBCWZ2FP1NIKQ99VU,40,real,50,50,50,12,79,AH9Y3#####G32,32,1,1,-2,-2,-2,-2,1,1,-2,-2,-2,-2,1,1,1,-2,-2,2,-2,1,2,2,-1,-2,-2,-2,1,2,-1,1,133,62,7,A3SSE#####7NI7,2.3075,1.0499999999999998,1.2000000000000002,2.0,4.98,66,2019-11-09 02:49:46.830323,AH9Y3#####G32
0.706,0.8212,1,50,15,1,50,1.93799095924558,0.5751746901880039,0.0,0.0,0,345.0,0.5,3,1.150349380376008,prop:NbwmB,11.4628,15.852,4.001,14.0,6.5,13.0,30.0,14.565,5.16,14.5,2.565,-1.0875,15.425,75,0,ai_better,3,2,5,3Z33IC0JD3SMJCBCWZ2FP1NIKQ99VU,40,real,50,50,50,5,22,A3C8N#####YMT2,-68,2,-3,1,3,3,2,1,3,2,-3,3,3,-3,-2,-3,2,2,-3,2,-3,-3,-3,-3,2,2,1,-2,-3,-2,-2,134,66,9,AJ7MW#####3E4,2.875,1.0,1.5,3.0,6.0,30,2019-11-10 16:00:08.981537,A3C8N#####YMT2
0.1363,0.0336,1,40,32,1,50,0.6262834321863123,0.4837107830508505,348.5,0.5,2,293.0,0.16666666666666666,1,-0.9674215661017009,prop:BwKMU,8.9341,9.384,5.7012,14.0,4.1583,13.0,10.22,11.525,5.16,15.0,2.565,-1.0875,14.8,34,0,ai_sligthly_worse,4,5,4,3Z33IC0JD3SMJCBCWZ2FP1NIKQ99VU,100,real,40,50,50,16,40,A2CJN#####LCTH,37,-3,2,-3,2,-3,-3,2,-2,-3,2,2,-2,2,3,-3,-3,1,-2,-3,2,3,1,-2,-3,1,-2,2,1,1,-3,135,65,7,A2Z7S#####5OOI,4.645,1.09,1.99,5.5,10.0,14,2019-11-10 15:57:55.571158,A2CJN#####LCTH
0.706,0.8212,1,50,19,1,50,0.3842982336128855,-0.6914970635503189,362.0,0.5,2,312.6666666666667,1.0,6,1.3829941271006378,prop:fWvgC,11.2161,11.957,7.6922,14.0,4.1583,13.0,30.0,14.565,5.16,15.0,2.565,-1.0875,14.8,118,0,ai_equal_to_proposer,3,5,4,3Z33IC0JD3SMJCBCWZ2FP1NIKQ99VU,50,real,50,50,50,9,16,A3PBA#####FGA3,-8,2,1,-1,2,-2,1,-1,1,-2,-2,1,1,-2,-2,-2,-3,-2,1,-2,-2,-1,-2,-2,1,-1,-2,2,-3,1,2,207,67,26,A5X1K#####REK,1.295,1.0,1.2000000000000002,1.0,1.98,71,2019-11-10 16:13:56.101165,A3PBA#####FGA3
0.1538:0.706:0.0069:1.0:0.716:0.1363,0.0767:0.8212:0.0489:0.0501:0.2681:0.0336,8,45:50:0:100:55:40,56:23:4:4:3:3,6,50,0.7862472003636766,-0.14646590795280967,234.0,0.25,1,336.8,0.8333333333333334,5,1.6419113162977828,prop:fC5y0,7.1958,5.361000000000001,8.4097,14.0,4.1583,2.2333,10.22,14.565,3.4167,15.0,2.565,-9.0,14.8,98,0,ai_slighly_better,4,1,7,3Z33IC0JD3SMJCBCWZ2FP1NIKQ99VU,45,real,45,50,50,15,106,A3IO8#####G09B,36,2,2,-3,-3,-2,-3,-1,-3,-3,2,1,-3,-1,2,3,-2,1,-1,-2,-1,1,2,-1,-3,2,-3,2,-3,2,-2,86,64,6,A3QSJ#####0N6V,2.1875,1.04,1.2000000000000002,2.52,3.99,22,2019-11-10 15:41:47.484938,A3IO8#####G09B
0.1363,0.0336,1,40,25,1,50,1.1441994342256387,0.5526085247457696,484.0,0.25,1,411.0,0.3333333333333333,2,0.2437624509006241,prop:CkIWZ,9.9715,14.117,4.001,7.0,6.5,13.0,30.0,14.565,5.16,14.5,2.565,-9.0,15.425,81,1,ai_sligthly_worse,2,4,4,3Z33IC0JD3SMJCBCWZ2FP1NIKQ99VU,35,real,50,50,50,11,23,A2KVY#####K95F,44,-2,2,-2,-2,-2,-2,-2,-2,-2,-2,-2,-2,-2,2,2,-2,-2,2,-2,-2,2,2,2,-2,-2,-2,2,2,2,2,85,69,10,A2SYT#####WJO5,3.395,1.08,1.5,4.0,7.0,111,2019-11-10 16:42:58.581487,A2KVY#####K95F
0.706,0.8212,1,50,29,1,50,0.7862472003636766,-0.14646590795280967,327.0,0.25,1,267.0,0.8333333333333334,5,1.6419113162977828,prop:AWZ0m,8.9341,9.384,5.7012,14.0,4.1583,13.0,10.22,11.525,5.16,15.0,2.565,-1.0875,14.8,46,0,ai_equal_to_proposer,2,4,6,3Z33IC0JD3SMJCBCWZ2FP1NIKQ99VU,40,real,50,50,50,10,32,A4ZPI#####24H,-12,-2,-2,3,3,3,1,1,1,-2,-1,-1,2,1,-3,-1,-2,3,1,3,-2,-1,1,1,3,-2,-3,2,2,2,1,93,68,11,A2ZT5#####K8X9,2.3525,1.04,1.38,3.0,3.99,33,2019-11-10 16:42:06.244631,A4ZPI#####24H
0.0681:0.0708:0.9164:0.083:0.1538:0.716:0.1007,0.0009:0.0008:0.0548:0.0007:0.0767:0.2681:0.0192,8,10:15:70:25:45:55:35,36:10:8:4:3:4:4,7,50,0.7447665023958179,1.266671753738323,0.0,0.0,0,0.0,0.0,0,-0.2326447467246302,prop:DpdJx,10.1394,9.357000000000001,7.7922,14.0,4.1583,2.2333,30.0,14.565,5.16,15.0,2.565,-1.0875,14.8,1834,0,ai_slighly_better,4,3,6,3Z33IC0JD3SMJCBCWZ2FP1NIKQ99VU,25,real,5,30,30,16,64,A2JPO#####AJZZ,33,-1,3,-3,-2,1,-3,3,-3,-3,3,1,-2,-2,3,2,-3,-1,-2,2,1,-1,3,-1,-3,3,-2,3,2,1,-2,278,52,10,A23K7#####PV0D,3.1075,1.0499999999999998,1.38,3.0,7.0,175,2019-11-09 00:21:30.139064,A2JPO#####AJZZ
0.9164:0.9277:1.0:0.8876:0.0681,0.0548:0.0528:0.0501:0.13:0.0009,6,70:75:100:65:10,38:10:3:6:2,5,50,1.93799095924558,0.5751746901880039,0.0,0.0,0,455.33333333333326,0.5,3,1.150349380376008,prop:DiEp1,9.7248,10.222000000000001,7.6922,7.0,4.1583,13.0,30.0,14.565,5.16,15.0,2.565,-9.0,14.8,96,0,ai_better,6,4,5,3Z33IC0JD3SMJCBCWZ2FP1NIKQ99VU,40,real,70,100,100,24,43,AVG9N#####4JN,-14,1,1,-2,1,2,-2,3,3,-2,-2,2,1,1,1,2,2,1,-2,2,-1,-1,-1,-2,2,1,2,1,2,2,-2,117,70,8,AMX5R#####A2K,3.0125,1.05,1.5,3.5,6.0,41,2019-11-10 16:46:03.346926,AVG9N#####4JN
0.083:0.1363,0.0007:0.0336,2,25:40,36:15,2,50,1.1441994342256387,0.12188122545031213,386.0,0.25,1,354.5,0.6666666666666666,4,1.1052170494915392,prop:4HER6,11.2236,14.477,4.9948,14.0,4.1583,13.0,30.0,14.565,5.16,15.0,2.015,-1.0875,15.425,78,0,ai_equal_to_proposer,1,1,7,3Z33IC0JD3SMJCBCWZ2FP1NIKQ99VU,25,real,50,50,50,10,54,A3GWR#####RNK6,46,-2,2,-3,-3,-2,1,-1,2,-2,2,-2,-2,3,3,2,-2,-1,2,-2,2,-1,3,3,-3,3,-2,2,-3,2,-3,387,72,18,A1PHD#####IK4Q,1.2675,0.99,1.08,2.0,1.0,32,2019-11-10 19:12:11.581709,A3GWR#####RNK6
,,0,,,0,50,0.7447665023958179,1.266671753738323,0.0,0.0,0,0.0,0.0,0,-0.2326447467246302,prop:37UMv,7.4614,5.771,6.0223,7.0,4.1583,2.2333,10.22,14.565,5.16,15.0,2.565,-1.0875,14.8,87,10,ai_much_worse,1,4,4,3Z33IC0JD3SMJCBCWZ2FP1NIKQ99VU,40,real,60,60,60,33,62,A1KWI#####7YWE,4,-1,-1,2,-3,-3,-3,2,1,-3,-3,3,2,-2,1,-2,-3,2,1,1,1,1,-1,1,-1,2,-3,2,-2,1,-2,171,71,14,ATBIP#####KS6,4.645,1.09,1.99,5.5,10.0,97,2019-11-10 18:40:58.496303,A1KWI#####7YWE
,,0,,,0,50,0.7447665023958179,-0.1163223733623151,0.0,0.0,0,351.5,1.0,6,2.533343507476646,prop:JO8aL,11.4628,15.852,4.001,14.0,6.5,13.0,30.0,14.565,5.16,14.5,2.565,-1.0875,15.425,119,0,ai_much_worse,1,5,1,3Z33IC0JD3SMJCBCWZ2FP1NIKQ99VU,50,real,50,50,50,47,17,A2C84#####2UNY,-4,2,-2,1,-1,-1,-1,-1,-1,-2,1,1,1,-1,-1,1,-1,1,-1,1,-1,1,1,-1,1,2,-2,1,-2,-1,-1,201,73,30,A1SIS#####2PWH,4.645,1.09,1.99,5.5,10.0,157,2019-11-10 23:33:26.389925,A2C84#####2UNY
0.706:0.1363:0.1538,0.8212:0.0336:0.0767,4,50:40:45,35:6:5,3,50,1.2137316295023657,-1.0588854732388544,322.75,1.0,4,316.0,0.8333333333333334,5,-0.1829278142743068,prop:czjPO,10.7628,15.202,3.2510000000000003,7.0,6.5,13.0,30.0,14.565,5.16,14.5,2.565,-1.0875,15.425,41,10,ai_equal_to_proposer,1,2,5,3Z33IC0JD3SMJCBCWZ2FP1NIKQ99VU,40,real,50,50,50,9,50,A3H3B#####3LYU,-7,1,1,1,2,1,2,-1,1,1,1,-1,2,1,1,-1,1,1,1,1,1,-1,1,1,1,1,2,1,2,1,1,80,74,10,A3AOV#####XQ51,3.3525,1.08,1.3299999999999998,4.0,7.0,15,2019-11-10 23:52:42.639654,A3H3B#####3LYU
0.0681:0.706,0.0009:0.8212,2,10:50,34:4,2,50,0.7447665023958179,-0.1163223733623151,0.0,0.0,0,318.1666666666667,1.0,6,2.533343507476646,prop:HsarM,8.4262,10.905999999999999,4.4248,7.0,4.1583,13.0,10.22,14.565,3.4167,15.0,2.565,-1.0875,15.425,106,2,ai_sligthly_worse,3,5,3,3Z33IC0JD3SMJCBCWZ2FP1NIKQ99VU,40,real,50,50,50,9,37,A31BF#####LBGH,-24,2,-2,3,3,3,3,3,3,-2,1,3,3,1,-3,-1,-1,-1,-3,3,-2,1,3,-2,1,1,1,3,3,2,-3,189,75,8,A24LB#####PKKF,1.5575,1.05,1.2000000000000002,2.0,1.98,57,2019-11-11 00:55:07.088918,A31BF#####LBGH
0.1363:0.706,0.0336:0.8212,2,40:50,20:8,2,50,1.7663033243692394,0.35981104054027524,0.0,0.0,0,366.75,0.6666666666666666,4,1.5810766796714653,prop:Ifbj0,9.4705,11.052,6.9785,14.0,6.5,2.2333,30.0,14.565,3.4167,15.0,2.565,-9.0,15.425,131,0,ai_slighly_better,5,1,7,3Z33IC0JD3SMJCBCWZ2FP1NIKQ99VU,30,real,50,55,55,6,28,A3FJ7#####O6GB,-52,2,-3,3,3,1,2,2,3,-2,-3,3,-3,-2,-3,-3,-1,3,-3,3,-3,-3,-2,-3,2,2,-2,1,-3,1,2,185,76,12,A17TK#####VH0R,2.975,1.02,1.38,3.5,6.0,41,2019-11-11 01:53:52.461444,A3FJ7#####O6GB
0.706:0.7877,0.8212:0.3978,2,50:60,36:9,2,50,0.7447665023958179,1.266671753738323,0.0,0.0,0,0.0,0.0,0,-0.2326447467246302,prop:uR9XX,6.9906,8.679,3.2413,7.0,4.1583,2.2333,10.22,11.525,3.4167,15.0,2.015,-1.0875,15.425,27,5,ai_sligthly_worse,1,6,2,3Z33IC0JD3SMJCBCWZ2FP1NIKQ99VU,50,real,50,55,55,11,45,AHRAP#####SFJ,57,-1,2,-2,-2,-1,-2,-3,-3,-3,3,-3,-2,3,3,3,-3,3,3,-3,3,-1,3,2,-2,1,-2,2,-1,2,-2,217,78,8,A1WBG#####NJ9,3.45,1.09,1.71,4.0,7.0,29,2019-11-11 02:00:51.625194,AHRAP#####SFJ
0.083:0.706:0.1363:0.1538,0.0007:0.8212:0.0336:0.0767,6,25:50:40:45,110:20:6:8,4,50,0.7447665023958179,1.266671753738323,0.0,0.0,0,0.0,0.0,0,-0.2326447467246302,prop:qAHmc,9.4469,11.227,4.3447,7.0,4.1583,2.2333,30.0,14.565,5.16,15.0,2.015,-1.0875,15.425,151,0,ai_worse,5,2,6,3Z33IC0JD3SMJCBCWZ2FP1NIKQ99VU,5,real,25,40,40,27,153,A2LVG#####E7Q9,23,-2,-1,-3,1,2,-2,-2,-3,1,-2,2,-3,-1,2,1,-2,1,-2,2,2,2,2,1,-3,-1,1,1,2,2,-3,174,77,10,A1YBG#####80DZ,2.21,1.0,1.3299999999999998,2.52,3.99,68,2019-11-11 01:54:59.081407,A2LVG#####E7Q9
0.706,0.8212,1,50,93,1,50,1.2137316295023657,0.0914639071371534,0.0,0.0,0,397.2,0.8333333333333334,5,2.1177709464777092,prop:Ubjq0,11.2088,15.075,4.27,14.0,6.5,13.0,30.0,11.525,5.16,15.0,2.565,-1.0875,15.425,101,1,ai_sligthly_worse,4,4,4,3Z33IC0JD3SMJCBCWZ2FP1NIKQ99VU,50,real,50,50,50,40,64,A189V#####VX56,35,1,2,-1,-2,-1,-2,-1,-2,-2,-1,1,1,-1,2,3,-1,-1,3,2,3,1,1,3,-1,-1,-2,1,2,2,-2,150,79,8,A314X#####YL12,1.8525,1.04,1.3299999999999998,2.0,3.04,67,2019-11-11 02:23:49.207614,A189V#####VX56
0.0899:0.1363:0.706:0.1538,0.0013:0.0336:0.8212:0.0767,4,30:40:50:45,28:15:7:5,4,50,1.1441994342256387,0.12188122545031213,394.0,0.25,1,380.5,0.6666666666666666,4,1.1052170494915392,prop:dKmGP,9.613,12.757,6.1947,7.0,4.1583,13.0,30.0,14.565,3.4167,15.0,2.565,-9.0,15.425,91,1,ai_equal_to_proposer,3,2,5,3Z33IC0JD3SMJCBCWZ2FP1NIKQ99VU,20,real,50,50,50,12,52,A2NGM#####YQP5,-13,1,-2,-2,-1,-2,-2,1,-1,-2,-2,1,1,-1,-1,-2,-1,1,-2,1,-1,-2,-2,-2,1,1,1,1,-2,1,-2,163,80,21,A3PDH#####CTT5,3.2625,1.05,1.5,3.5,7.0,60,2019-11-11 02:31:19.014623,A2NGM#####YQP5
0.706,0.8212,1,50,13,1,50,0.4824547397462529,-1.0287419386483598,273.6666666666667,0.75,3,355.66666666666674,1.0,6,0.7085043769045564,prop:09zMq,11.2786,14.467,5.3072,14.0,4.1583,13.0,30.0,14.565,5.16,15.0,2.565,-1.0875,15.425,120,100,ai_better,6,6,6,3Z33IC0JD3SMJCBCWZ2FP1NIKQ99VU,40,real,50,50,50,6,15,A345V#####WTGD,27,-2,-3,-2,2,2,-3,-2,-2,1,1,-1,-2,2,3,3,-3,-3,1,1,-1,2,2,-1,-3,2,1,2,-3,3,-2,177,81,15,A2EEL#####L5SK,3.8575,1.0499999999999998,1.38,4.0,9.0,115,2019-11-11 02:30:58.903231,A345V#####WTGD
0.1363:0.0681:0.0628,0.0336:0.0009:0.001,3,40:10:5,62:6:12,3,50,1.2554175313546805,0.33724487509804085,450.0,0.25,1,384.0,0.5,3,0.6744897501960817,prop:Jmpdx,11.4002,13.342,6.386,14.0,6.5,13.0,30.0,14.565,5.16,14.5,2.565,-1.0875,14.8,102,0,ai_sligthly_worse,4,3,6,3Z33IC0JD3SMJCBCWZ2FP1NIKQ99VU,0,real,50,50,50,18,79,A3KP8#####734Q,-50,3,-1,3,3,3,-2,3,2,-3,-3,-3,3,-2,1,-2,-1,3,-3,3,-3,-3,-2,-3,3,3,-3,-2,-3,-3,1,178,82,7,A15XI#####7SLK,1.0,1.0,1.0,1.0,1.0,83,2019-11-11 02:40:50.430350,A3KP8#####734Q
0.0708:0.1538:0.706,0.0008:0.0767:0.8212,3,15:45:50,49:9:7,3,50,1.2137316295023657,0.0914639071371534,0.0,0.0,0,346.4,0.8333333333333334,5,2.1177709464777092,prop:vI225,10.609000000000002,12.257,7.136,14.0,6.5,13.0,30.0,14.565,5.16,14.5,2.565,-9.0,14.8,33,0,ai_slighly_better,6,5,3,3Z33IC0JD3SMJCBCWZ2FP1NIKQ99VU,45,real,15,50,50,12,60,A1NCS#####A787,-11,-1,-1,1,1,3,2,-1,1,-1,-1,-3,1,-3,2,1,-1,-1,-3,2,-2,-2,2,-3,1,2,2,3,2,1,-1,370,83,7,A3168#####DIH3,4.645,1.09,1.99,5.5,10.0,403,2019-11-11 02:34:50.455025,A1NCS#####A787
0.706,0.8212,1,50,27,1,50,0.7447665023958179,-0.1163223733623151,0.0,0.0,0,239.33333333333331,1.0,6,2.533343507476646,prop:mZ5My,11.2759,12.227,8.5135,14.0,6.5,13.0,30.0,14.565,3.4167,15.0,2.565,-1.0875,14.8,52,5,ai_equal_to_proposer,2,2,7,3Z33IC0JD3SMJCBCWZ2FP1NIKQ99VU,30,real,50,50,50,8,28,A3UPZ#####EJC,-35,3,-2,3,1,2,-1,3,2,3,-1,1,2,1,-1,-1,2,2,1,2,-2,1,-1,2,2,3,1,2,-3,1,1,109,84,14,A1PIG#####MGNW,3.5,1.0,1.0,2.0,10.0,41,2019-11-11 02:46:56.478112,A3UPZ#####EJC
0.083,0.0007,1,25,44,1,50,0.7862472003636766,-0.14646590795280967,329.0,0.25,1,379.0,0.8333333333333334,5,1.6419113162977828,prop:aLA2H,11.2161,11.957,7.6923,14.0,4.1583,13.0,30.0,14.565,5.16,15.0,2.565,-1.0875,14.8,89,0,ai_slighly_better,4,1,7,3Z33IC0JD3SMJCBCWZ2FP1NIKQ99VU,45,real,50,30,30,18,43,AXPZA#####WP8,-16,2,1,1,1,1,2,-2,1,-2,-2,1,1,-1,-1,-1,1,1,-1,1,-1,-1,-1,1,-1,2,-1,-1,-2,1,-2,151,87,9,A21Y7#####M1PR,3.17,1.08,1.6,4.0,6.0,44,2019-11-11 02:48:36.966991,AXPZA#####WP8
0.1363:0.706:0.1538,0.0336:0.8212:0.0767,3,40:50:45,57:15:9,3,50,0.7447665023958179,-0.1163223733623151,0.0,0.0,0,332.8333333333333,1.0,6,2.533343507476646,prop:kxmNA,6.9831,6.159,5.9388,7.0,4.1583,2.2333,10.22,11.525,3.4167,15.0,2.565,-1.0875,14.8,77,0,ai_equal_to_proposer,1,2,5,3Z33IC0JD3SMJCBCWZ2FP1NIKQ99VU,35,real,50,50,50,28,68,A2I0A#####XQRX,-22,-1,-1,2,3,3,3,1,2,1,-2,3,1,2,1,3,3,-2,-2,2,-2,-2,2,-2,2,-1,-1,2,-1,2,1,124,86,9,A1F3P#####9HBN,3.42,1.08,1.6,4.0,7.0,74,2019-11-11 02:48:08.288003,A2I0A#####XQRX
,,0,,,0,50,0.6262834321863123,-0.4837107830508505,203.5,0.5,2,251.2,0.8333333333333334,5,0.9674215661017009,prop:aqqDS,7.8024,6.794,5.4888,14.0,4.1583,2.2333,10.22,11.525,5.16,15.0,2.015,-1.0875,14.8,38,0,ai_sligthly_worse,3,3,2,3Z33IC0JD3SMJCBCWZ2FP1NIKQ99VU,40,real,30,30,30,94,36,A3HFS#####NAB9,-24,2,-2,-3,2,1,-2,2,2,1,-2,2,3,-2,-1,2,3,1,2,1,2,-1,-1,1,2,2,-2,-1,-2,-1,1,141,85,15,A136K#####C3G,3.155,1.02,1.6,3.0,7.0,128,2019-11-11 02:46:31.308539,A3HFS#####NAB9
0.706,0.8212,1,50,49,1,50,0.7862472003636766,-0.14646590795280967,203.0,0.25,1,333.2,0.8333333333333334,5,1.6419113162977828,prop:yFPsT,10.2121,11.67,5.9712,7.0,4.1583,13.0,30.0,11.525,5.16,15.0,2.565,-1.0875,14.8,122,1,ai_slighly_better,1,1,6,3Z33IC0JD3SMJCBCWZ2FP1NIKQ99VU,25,real,50,50,50,23,46,ABKPE#####2HW,-46,1,-2,1,2,3,-1,1,2,2,-3,3,2,-2,-2,1,2,3,-3,2,1,-3,-2,-2,3,2,1,1,-3,1,-1,140,88,10,A17NL#####Y599,3.61,1.05,1.38,4.0,8.01,87,2019-11-11 03:02:44.415722,ABKPE#####2HW
0.706,0.8212,1,50,26,1,50,0.7447665023958179,-0.1163223733623151,0.0,0.0,0,350.66666666666674,1.0,6,2.533343507476646,prop:IGXQ4,7.2871,5.796,6.9098,7.0,4.1583,2.2333,10.22,14.565,3.4167,15.0,2.565,-1.0875,14.8,51,0,ai_equal_to_proposer,3,2,2,3Z33IC0JD3SMJCBCWZ2FP1NIKQ99VU,30,real,50,50,50,10,29,A8BGH#####O33,24,-2,-1,1,-1,-1,-3,-1,-1,-3,-1,1,-3,-1,2,3,-3,1,-2,2,-1,-1,2,-2,-3,-1,-3,1,1,1,-3,75,89,10,AVAJT#####XOO,4.645,1.09,1.99,5.5,10.0,27,2019-11-11 03:08:19.231083,A8BGH#####O33
0.706,0.8212,1,50,27,1,50,0.7447665023958179,1.266671753738323,0.0,0.0,0,0.0,0.0,0,-0.2326447467246302,prop:RKXpk,10.2196,14.19,3.2738,7.0,4.1583,13.0,30.0,11.525,5.16,15.0,2.015,-1.0875,15.425,53,0,ai_equal_to_proposer,1,3,6,3Z33IC0JD3SMJCBCWZ2FP1NIKQ99VU,95,real,50,50,50,11,24,A1IAM#####U4Z1,-15,-3,2,1,1,1,1,2,2,-1,1,1,3,1,-2,-1,2,2,1,1,2,1,-1,-1,-1,2,2,-2,2,-1,1,75,90,6,A1BPQ#####7RWS,1.0,1.0,1.0,1.0,1.0,22,2019-11-11 03:08:43.065390,A1IAM#####U4Z1
0.9164,0.0548,1,70,31,1,50,1.7663033243692394,0.35981104054027524,0.0,0.0,0,355.5,0.6666666666666666,4,1.5810766796714653,prop:DB4rP,9.7804,9.73,6.5088,14.0,4.1583,2.2333,30.0,11.525,5.16,15.0,2.015,-1.0875,14.8,135,0,ai_equal_to_proposer,6,2,7,3Z33IC0JD3SMJCBCWZ2FP1NIKQ99VU,50,real,70,60,60,11,31,AP4A0#####52J,55,-3,3,-3,-3,-3,-3,-1,-3,-3,3,1,-3,2,1,1,-3,2,2,-3,3,-1,2,1,-3,-1,-3,-2,-1,3,-3,152,91,17,A3NXI#####5TXU,3.005,1.0499999999999998,1.99,4.0,4.98,62,2019-11-11 03:04:49.758026,AP4A0#####52J
0.0708,0.0008,1,15,45,1,50,0.7447665023958179,1.266671753738323,0.0,0.0,0,0.0,0.0,0,-0.2326447467246302,prop:zQooe,11.2786,14.467,5.3072,14.0,4.1583,13.0,30.0,14.565,5.16,15.0,2.565,-1.0875,15.425,63,0,ai_equal_to_proposer,1,1,7,3Z33IC0JD3SMJCBCWZ2FP1NIKQ99VU,40,real,15,20,20,24,39,A1T20#####O4RS,-10,2,1,1,-1,1,-2,1,-1,1,-1,-1,1,1,1,1,-1,2,-2,1,1,-1,-1,-2,2,2,-1,-2,-1,1,-1,114,92,12,A1WWE#####SVZ0,2.935,1.04,1.2000000000000002,3.5,6.0,52,2019-11-11 03:08:39.321616,A1T20#####O4RS
0.706,0.8212,1,50,47,1,50,1.1441994342256387,0.12188122545031213,213.0,0.25,1,153.25,0.6666666666666666,4,1.1052170494915392,prop:pdCNC,8.4258,12.639000000000001,0.9475,7.0,6.5,13.0,10.22,11.525,5.16,14.5,2.015,-1.0875,15.425,24,0,ai_equal_to_proposer,1,5,4,3Z33IC0JD3SMJCBCWZ2FP1NIKQ99VU,50,real,50,50,50,20,45,A37C9#####EWEB,-31,1,-1,1,1,3,3,2,1,1,1,3,3,-2,1,3,3,2,-2,2,-3,-3,1,-1,-2,3,3,1,2,-1,-3,173,93,21,A1N9Z#####R7OU,4.645,1.09,1.99,5.5,10.0,46,2019-11-11 03:08:36.663941,A37C9#####EWEB
0.706,0.8212,1,50,36,1,50,0.7862472003636766,-0.14646590795280967,211.0,0.25,1,246.4,0.8333333333333334,5,1.6419113162977828,prop:XaIt4,8.6006,10.880999999999998,3.5372,7.0,4.1583,13.0,10.22,14.565,5.16,15.0,2.565,-1.0875,15.425,68,0,ai_slighly_better,5,3,5,3Z33IC0JD3SMJCBCWZ2FP1NIKQ99VU,40,real,50,50,50,14,36,AA4KK#####3NY,0,-1,-1,-1,1,-1,-2,2,1,-2,-1,1,1,-1,-1,-1,-1,1,-1,-1,1,1,-1,-1,1,1,-1,2,1,1,-1,148,94,11,A3HL2#####PZT8,2.2225,1.0499999999999998,1.3299999999999998,2.52,3.99,101,2019-11-11 03:08:24.716313,AA4KK#####3NY
0.0782:0.706,0.0007:0.8212,2,20:50,45:11,2,50,1.2137316295023657,0.0914639071371534,0.0,0.0,0,427.0,0.8333333333333334,5,2.1177709464777092,prop:6NlI2,8.4182,10.119,3.645,7.0,6.5,13.0,10.22,11.525,5.16,14.5,2.565,-1.0875,14.8,72,2,ai_sligthly_worse,2,4,6,3Z33IC0JD3SMJCBCWZ2FP1NIKQ99VU,50,real,50,50,50,15,47,A1G86#####OW12,-62,3,-3,3,1,3,-2,3,2,-2,-3,3,3,-3,-2,-3,2,3,-3,3,-2,-3,-2,-2,3,3,-1,-2,-3,1,2,211,95,8,A3TDA#####QFE3,1.6425,1.0,1.0,1.53,3.04,21,2019-11-11 03:09:14.072292,A1G86#####OW12
0.1363,0.0336,1,40,70,1,50,0.6262834321863123,-0.4837107830508505,344.0,0.5,2,323.6,0.8333333333333334,5,0.9674215661017009,prop:7pk0D,10.8128,14.062000000000001,4.4910000000000005,7.0,6.5,13.0,30.0,14.565,5.16,15.0,2.565,-1.0875,15.425,138,0,ai_sligthly_worse,4,5,4,3Z33IC0JD3SMJCBCWZ2FP1NIKQ99VU,35,real,40,40,40,24,65,A35TT#####1OOF,-1,2,1,1,-2,1,-2,-1,1,-2,1,-2,2,1,-2,-1,-2,-1,-1,2,1,-1,-1,-2,1,2,-2,-1,2,1,1,113,96,19,A2VTY#####N75V,4.645,1.09,1.99,5.5,10.0,106,2019-11-11 03:09:26.288000,A35TT#####1OOF
0.706,0.8212,1,50,17,1,50,1.7663033243692394,0.35981104054027524,0.0,0.0,0,339.25,0.6666666666666666,4,1.5810766796714653,prop:BR7u4,10.2121,11.67,5.9712,7.0,4.1583,13.0,30.0,11.525,5.16,15.0,2.565,-1.0875,14.8,75,0,ai_equal_to_proposer,3,4,7,3Z33IC0JD3SMJCBCWZ2FP1NIKQ99VU,30,real,50,50,50,5,18,AZXRW#####FJN,-46,-1,-3,3,3,3,3,2,3,3,-3,3,3,3,3,-2,-1,2,-3,3,-3,-3,1,-3,3,1,1,3,2,-1,3,128,97,10,AG491#####Q8X,1.0,1.0,1.0,1.0,1.0,17,2019-11-11 03:11:52.650826,AZXRW#####FJN
,,0,,,0,50,0.7862472003636766,-0.14646590795280967,315.0,0.25,1,395.0,0.8333333333333334,5,1.6419113162977828,prop:O32t4,10.1394,9.357000000000001,7.7923,14.0,4.1583,2.2333,30.0,14.565,5.16,15.0,2.565,-1.0875,14.8,110,0,ai_equal_to_proposer,2,5,6,3Z33IC0JD3SMJCBCWZ2FP1NIKQ99VU,50,real,45,45,45,17,23,A2MFM#####1ZIT,25,2,-1,-2,-3,2,-3,1,-2,-3,1,-2,1,1,2,1,-2,-1,2,1,2,2,-1,1,2,3,-2,1,2,2,-2,190,98,12,A1WEN#####ZZ1U,4.0825,1.0,1.3299999999999998,4.0,10.0,78,2019-11-11 03:09:51.570990,A2MFM#####1ZIT
0.706:0.9277,0.8212:0.0528,2,50:75,33:9,2,50,0.3842982336128855,-0.6914970635503189,256.5,0.5,2,348.66666666666674,1.0,6,1.3829941271006378,prop:3yIaK,9.7373,13.872,4.0672,7.0,4.1583,13.0,30.0,14.565,5.16,14.5,2.565,-9.0,15.425,148,0,ai_much_worse,1,5,3,3Z33IC0JD3SMJCBCWZ2FP1NIKQ99VU,25,real,50,50,50,10,46,A1KUS#####M4SH,-3,2,1,2,3,-1,1,-2,-3,-2,-1,2,2,2,1,2,2,2,-2,-1,-1,-3,3,-2,-2,1,1,3,-2,1,-2,149,99,8,A3HSO#####NZR4,2.5875,1.04,1.3299999999999998,3.0,4.98,83,2019-11-11 03:09:50.002624,A1KUS#####M4SH
0.0628,0.001,1,5,43,1,50,0.7447665023958179,1.266671753738323,0.0,0.0,0,0.0,0.0,0,-0.2326447467246302,prop:TN3YW,9.5432,13.365,5.1575,7.0,6.5,13.0,30.0,11.525,3.4167,15.0,2.565,-9.0,15.425,91,2,ai_much_better,7,7,6,3Z33IC0JD3SMJCBCWZ2FP1NIKQ99VU,40,real,5,5,5,34,16,A3MSQ#####A7I0,-38,3,-2,-1,2,2,2,3,2,-3,-2,3,2,-2,1,-2,3,2,-1,2,3,3,-2,-2,3,1,2,-1,-3,1,1,176,100,12,APJ3Z#####UWX,3.25,1.0,1.0,1.0,10.0,66,2019-11-11 03:11:16.905791,A3MSQ#####A7I0
0.706,0.8212,1,50,30,1,50,1.7663033243692394,0.35981104054027524,0.0,0.0,0,354.5,0.6666666666666666,4,1.5810766796714653,prop:5uW6A,10.5759,11.577,7.7635,7.0,6.5,13.0,30.0,14.565,3.4167,15.0,2.565,-1.0875,14.8,169,0,ai_slighly_better,3,3,6,3Z33IC0JD3SMJCBCWZ2FP1NIKQ99VU,50,real,50,50,50,13,27,A2ZNN#####A2EU,20,-2,-2,-2,-3,2,-3,2,2,-2,-2,-2,-1,2,-1,-1,-2,-2,1,-2,1,2,1,1,-1,-1,-1,-2,-2,2,-2,148,101,9,A2FBJ#####9SQ6,2.3425,1.0499999999999998,1.3299999999999998,3.0,3.99,52,2019-11-11 03:32:34.279237,A2ZNN#####A2EU
0.1538,0.0767,1,45,43,1,50,0.7862472003636766,0.8209556581488914,359.0,0.25,1,311.0,0.16666666666666666,1,-0.2929318159056193,prop:4PoZm,11.0542,15.632,4.9548,14.0,4.1583,13.0,30.0,14.565,3.4167,14.5,2.565,-1.0875,15.425,240,0,ai_sligthly_worse,2,6,3,3Z33IC0JD3SMJCBCWZ2FP1NIKQ99VU,25,real,50,50,50,10,45,AIOZF#####0LT,-28,1,1,1,-3,2,-3,2,2,-2,-3,-2,-1,-3,-2,-1,1,2,-2,3,-3,-3,-1,-2,1,3,-2,1,-3,-1,1,293,102,13,A354D#####ODP1,4.645,1.09,1.99,5.5,10.0,196,2019-11-11 03:50:11.083356,AIOZF#####0LT
0.706,0.8212,1,50,31,1,50,0.7447665023958179,-0.1163223733623151,0.0,0.0,0,340.3333333333333,1.0,6,2.533343507476646,prop:jHY23,7.7593,10.936,3.0473,7.0,4.1583,13.0,10.22,14.565,5.16,14.5,2.565,-9.0,15.425,124,100,ai_equal_to_proposer,1,2,7,3Z33IC0JD3SMJCBCWZ2FP1NIKQ99VU,10,real,50,50,50,18,21,AQ2Z8#####8H6,-24,2,-3,2,1,2,1,1,-1,-3,-1,2,1,-2,-2,1,-1,3,-2,2,-1,1,-2,-1,2,1,-1,2,-2,1,-1,125,103,9,AVD6H#####LFI,4.475,1.02,1.38,5.5,10.0,96,2019-11-11 04:13:14.048515,AQ2Z8#####8H6
0.083:0.706:0.1007:0.1538,0.0007:0.8212:0.0192:0.0767,5,25:50:35:45,35:7:5:3,4,50,1.2554175313546805,0.33724487509804085,65.0,0.25,1,303.3333333333333,0.5,3,0.6744897501960817,prop:YSPyX,10.0344,10.507,6.2398,14.0,4.1583,2.2333,30.0,14.565,5.16,14.5,2.015,-1.0875,14.8,192,0,ai_equal_to_proposer,2,2,6,3Z33IC0JD3SMJCBCWZ2FP1NIKQ99VU,40,real,25,25,25,19,43,A1RDR#####7U96,2,2,2,-3,-2,1,-2,1,1,-2,-2,2,-2,-3,1,2,2,1,-2,1,-1,2,2,-2,-1,2,-2,-1,-1,2,-2,202,104,31,A1FHK#####9RU,2.715,1.0499999999999998,1.3299999999999998,3.5,4.98,215,2019-11-11 04:46:43.306848,A1RDR#####7U96
0.8876:0.083,0.13:0.0007,2,65:25,14:21,2,50,1.7663033243692394,0.35981104054027524,0.0,0.0,0,306.75,0.6666666666666666,4,1.5810766796714653,prop:hRyZM,9.8979,12.23,4.4362,14.0,4.1583,2.2333,30.0,11.525,5.16,15.0,2.565,-1.0875,15.425,67,0,ai_equal_to_proposer,6,5,3,3Z33IC0JD3SMJCBCWZ2FP1NIKQ99VU,50,real,10,60,60,7,36,ABW38#####94V,-6,1,1,1,3,3,-3,1,1,1,-2,3,-1,-1,3,2,-2,2,-1,2,1,2,-1,-2,-2,2,-2,2,-3,1,-2,121,105,7,A1PLZ#####W43J,3.315,1.05,1.71,3.5,7.0,35,2019-11-11 12:32:12.254110,ABW38#####94V
