cc_beta,cc_criterion,cc_false_alarm_avg_click_delay,cc_false_alarm_rate,cc_false_alarms,cc_hit_avg_click_delay,cc_hit_rate,cc_hits,cc_sensitivity,cpc_expected_value,cpc_expected_value_max,cpc_expected_value_min,cpc_q1,cpc_q10,cpc_q2,cpc_q3,cpc_q4,cpc_q5,cpc_q6,cpc_q7,cpc_q8,cpc_q9,cpc_time_spent,exp_ultimatum_game_experience,job_id,min_offer,ras_assertiveness,ras_q1,ras_q10,ras_q11,ras_q12,ras_q13,ras_q14,ras_q15,ras_q16,ras_q17,ras_q18,ras_q19,ras_q2,ras_q20,ras_q21,ras_q22,ras_q23,ras_q24,ras_q25,ras_q26,ras_q27,ras_q28,ras_q29,ras_q3,ras_q30,ras_q4,ras_q5,ras_q6,ras_q7,ras_q8,ras_q9,ras_time_spent,resp_time_spent,risk_expected_value,risk_q1,risk_q2,risk_q3,risk_q4,risk_time_spent,worker_id,status,updated,resp_worker_id,ai_offer,model_type
0.4824547397462529,-0.3542521884522782,193.0,0.25,1,330.6666666666667,1.0,6,2.05748387729672,11.1661,13.097000000000001,6.4523,14.0,4.1583,13.0,30.0,14.565,5.16,14.5,2.565,-1.0875,14.8,82,0,REFT11C,45,51,-2,-2,-1,-2,1,-3,-2,-1,-2,-1,-1,-2,1,2,2,-2,-2,3,-1,1,2,2,3,-2,-3,-3,2,2,3,-3,161,10,4.645,1.09,1.99,5.5,10.0,95,A3QNC#####AVOV,judged,1577128163.5051098,AQV46#####8WI,50,real
0.7862472003636766,-0.14646590795280967,367.0,0.25,1,284.2,0.8333333333333334,5,1.6419113162977828,11.2259,13.367,7.2735,14.0,6.5,13.0,30.0,14.565,3.4167,14.5,2.565,-1.0875,14.8,91,0,REFT11C,50,15,-2,1,2,1,-1,2,-1,-1,2,1,-1,1,1,-1,2,-2,1,2,2,1,2,2,-2,-2,-2,-2,1,-2,2,-2,196,4,1.8225,1.0499999999999998,1.2000000000000002,2.0,3.04,58,A38QG#####NQ4B,judged,1577128311.4071057,A1OZR#####OZY5,50,real
0.7447665023958179,-0.1163223733623151,0.0,0.0,0,323.6666666666667,1.0,6,2.533343507476646,9.1979,11.58,3.6862,7.0,4.1583,2.2333,30.0,11.525,5.16,15.0,2.565,-1.0875,15.425,61,0,REFT11C,40,-28,2,3,3,3,2,-2,-1,1,1,-2,2,1,-1,1,2,-1,2,-1,3,-3,-3,-1,1,1,1,2,2,-3,-2,1,106,7,4.17,1.08,1.6,5.0,9.0,42,A3IY8#####SLI4,judged,1577128393.0968373,A1OSE#####3NFB,50,real
1.7663033243692394,0.7905383398357327,0.0,0.0,0,481.5,0.3333333333333333,2,0.7196220810805503,10.4847,11.142000000000001,9.2635,14.0,6.5,13.0,30.0,14.565,3.4167,15.0,2.565,-9.0,14.8,76,0,REFT11C,50,-41,2,-3,-1,3,3,3,3,2,-1,-3,3,2,-2,2,1,1,1,-2,2,-3,1,-1,-2,-1,2,1,2,-3,-1,2,169,7,1.0,1.0,1.0,1.0,1.0,31,AWBE1#####I0I,judged,1577128569.1927361,A2S0M#####8DF,50,real
0.7447665023958179,1.266671753738323,0.0,0.0,0,0.0,0.0,0,-0.2326447467246302,8.1791,8.744,4.6388,7.0,4.1583,13.0,10.22,11.525,5.16,15.0,2.015,-1.0875,14.8,55,100,REFT11C,50,67,-3,3,-3,-3,-3,-3,-3,-3,-3,3,3,-3,-2,3,3,-3,-3,3,-3,3,3,-1,3,-3,3,-3,3,1,3,-3,96,9,4.645,1.09,1.99,5.5,10.0,44,A2HAP#####WYKR,judged,1577128603.790702,AV5FC#####SKR,50,real
0.7447665023958179,-0.1163223733623151,0.0,0.0,0,339.8333333333333,1.0,6,2.533343507476646,8.1841,9.874,3.7112,7.0,4.1583,13.0,10.22,11.525,5.16,14.5,2.565,-1.0875,14.8,96,0,REFT11C,50,-24,1,-3,3,3,3,-3,-2,3,1,-1,2,3,1,1,-1,1,1,-2,3,-1,2,1,-1,3,-1,-1,2,-2,1,1,214,11,4.645,1.09,1.99,5.5,10.0,74,A2DOI#####5HHU,judged,1577128694.417968,A2T1J#####QHH9,50,real
1.1441994342256387,0.5526085247457696,118.0,0.25,1,19.0,0.3333333333333333,2,0.2437624509006241,6.9906,8.679,3.2413,7.0,4.1583,2.2333,10.22,11.525,3.4167,15.0,2.015,-1.0875,15.425,19,1,REFT11C,40,72,-3,1,-3,-3,1,-3,-3,-3,-3,3,-1,-3,-3,3,1,-3,-3,3,-3,3,3,3,3,-3,-3,-3,2,2,3,-3,64,9,4.645,1.09,1.99,5.5,10.0,59,A2T9G#####VDXG,judged,1577128700.985632,A2E3T#####Q9XU,50,real
0.7447665023958179,1.266671753738323,0.0,0.0,0,0.0,0.0,0,-0.2326447467246302,7.2172,6.404,5.8725,7.0,6.5,2.2333,10.22,11.525,3.4167,15.0,2.565,-1.0875,14.8,44,1,REFT11C,50,76,-3,2,-3,-3,-3,-3,-3,-3,-3,2,2,-3,2,3,3,-3,-3,2,-3,3,2,3,2,-3,-3,-3,2,2,2,-3,79,9,1.7375,1.05,1.3299999999999998,1.53,3.04,36,A15SU#####ZFCD,judged,1577128711.4466016,A3QCK#####AAVE,50,real
1.7663033243692394,0.7905383398357327,0.0,0.0,0,395.5,0.3333333333333333,2,0.7196220810805503,10.1621,12.81,4.7312,7.0,4.1583,13.0,30.0,11.525,5.16,14.5,2.565,-1.0875,14.8,86,1,REFT11C,20,-28,-1,-2,2,3,3,2,2,1,1,-1,1,2,1,1,1,2,2,-1,3,-1,-1,2,-2,2,1,1,2,-2,1,-1,110,5,3.72,1.08,1.8,5.0,7.0,35,A312D#####WC4N,judged,1577128989.1202006,A31J3#####PIMW,50,real
0.7862472003636766,-0.14646590795280967,309.0,0.25,1,308.2,0.8333333333333334,5,1.6419113162977828,9.6198,11.372,6.1398,7.0,4.1583,13.0,30.0,14.565,5.16,14.5,2.015,-9.0,14.8,84,1,REFT11C,50,21,-2,1,1,1,2,-3,2,-2,-3,1,1,-1,1,3,3,-1,2,-1,2,1,2,2,-1,-1,2,-1,2,2,1,-3,120,12,1.51,1.0,1.0,1.0,3.04,18,A2LX4#####LYEO,judged,1577128951.453648,A21XQ#####HL4A,50,real
0.4824547397462529,1.0287419386483598,231.0,0.25,1,0.0,0.0,0,-0.7085043769045564,10.609000000000002,12.257,7.136,14.0,6.5,13.0,30.0,14.565,5.16,14.5,2.565,-9.0,14.8,26,3,REFT11C,60,2,2,1,2,3,2,1,2,-2,2,3,2,3,1,2,-1,-2,2,3,-1,2,3,2,2,-1,3,2,1,2,3,2,87,60,3.5975,1.09,1.8,4.5,7.0,21,A3VPK#####Y78Q,judged,1577128964.5555944,A2V68#####OWI1,50,real
0.7447665023958179,1.266671753738323,0.0,0.0,0,0.0,0.0,0,-0.2326447467246302,10.5161,11.307,6.9422,7.0,4.1583,13.0,30.0,14.565,5.16,15.0,2.565,-1.0875,14.8,99,2,REFT11C,35,26,-2,-2,1,-2,2,-2,-2,3,-3,2,2,2,2,-2,1,-1,2,1,-2,1,1,3,2,-2,-2,-3,1,2,3,-2,115,9,4.645,1.09,1.99,5.5,10.0,50,A2JTS#####Q8FR,judged,1577129006.0880985,A2IMA#####8170,50,real
1.93799095924558,0.5751746901880039,0.0,0.0,0,365.66666666666674,0.5,3,1.150349380376008,10.609000000000002,12.257,7.136,14.0,6.5,13.0,30.0,14.565,5.16,14.5,2.565,-9.0,14.8,58,0,REFT11C,50,-8,1,-3,2,-1,1,1,-1,1,-2,1,-2,3,-1,1,-1,-3,1,-1,1,-1,-1,-1,1,1,1,-3,1,-3,-1,-2,69,7,1.0,1.0,1.0,1.0,1.0,18,A2H8B#####2GD,judged,1577128986.8941908,A2YQ3#####COL1,50,real
0.6262834321863123,-0.4837107830508505,134.5,0.5,2,340.2,0.8333333333333334,5,0.9674215661017009,10.4248,10.872,8.4422,14.0,4.1583,13.0,30.0,14.565,5.16,15.0,2.565,-9.0,14.8,65,0,REFT11C,5,-7,1,-1,-1,-2,-1,-2,1,-2,-1,2,-1,-1,-2,1,1,-1,2,-3,1,-2,-3,1,-3,1,1,-1,-1,-3,-2,-2,78,12,2.875,1.0,1.0,3.5,6.0,41,A1F4N#####YKVZ,judged,1577128987.943761,A265Z#####2TGT,50,real
0.4824547397462529,-0.3542521884522782,470.0,0.25,1,391.5,1.0,6,2.05748387729672,10.1208,11.235,7.4712,14.0,4.1583,13.0,30.0,11.525,5.16,15.0,2.565,-9.0,14.8,121,50,REFT11C,25,-53,3,-2,2,3,3,2,2,2,2,-2,3,3,-1,1,-2,1,2,-2,2,-2,-1,-2,-2,2,2,-1,1,-2,-2,2,119,17,2.595,1.02,1.38,3.0,4.98,39,A1IQU#####63YF,judged,1577129043.5913544,AAURS#####SXC,50,real
0.7447665023958179,1.266671753738323,0.0,0.0,0,0.0,0.0,0,-0.2326447467246302,10.7215,13.627,5.9910000000000005,14.0,6.5,13.0,30.0,14.565,5.16,15.0,2.565,-9.0,15.425,119,0,REFT11C,50,2,1,-2,-2,-2,-2,1,-1,-2,-2,-2,3,1,-2,2,-2,-2,1,-2,-2,-2,-2,1,-1,1,-1,-3,-2,1,2,-2,168,12,4.645,1.09,1.99,5.5,10.0,32,A1IFI#####WBER,judged,1577129082.6020682,ALYR5#####2JC,50,real
0.4824547397462529,-1.0287419386483598,253.33333333333331,0.75,3,224.83333333333331,1.0,6,0.7085043769045564,9.908999999999999,11.607000000000001,6.386,7.0,6.5,13.0,30.0,14.565,5.16,14.5,2.565,-9.0,14.8,100,1,REFT11C,50,41,2,3,-3,-3,-2,-3,-2,-2,-3,-1,1,-2,3,3,2,-1,1,2,1,-3,1,3,1,-2,-2,-2,1,1,1,-2,165,12,3.0125,1.05,1.5,3.5,6.0,30,A2FWD#####HUL2,judged,1577129550.1986787,A2S5G#####4S7T,50,real
0.7447665023958179,-0.1163223733623151,0.0,0.0,0,395.16666666666674,1.0,6,2.533343507476646,9.7248,10.222000000000001,7.6922,7.0,4.1583,13.0,30.0,14.565,5.16,15.0,2.565,-9.0,14.8,89,0,REFT11C,40,-46,1,-3,3,3,3,-1,2,2,-2,-3,-1,2,-2,-2,-2,2,2,-2,1,-3,-1,-2,-2,1,2,2,2,-2,-1,1,153,6,2.85,1.02,1.38,3.0,6.0,51,A24CV#####KE52,judged,1577129193.5741427,A1R8A#####N7RH,50,real
0.7447665023958179,-0.1163223733623151,0.0,0.0,0,284.8333333333333,1.0,6,2.533343507476646,8.2838,9.201,5.2085,14.0,6.5,2.2333,10.22,14.565,3.4167,15.0,2.565,-1.0875,15.425,23,1,REFT11C,50,8,-2,-1,1,-1,-1,1,-1,-2,1,-1,-1,-2,-1,1,1,-1,-1,-2,-2,-1,-1,-1,-1,-2,1,-1,-1,1,1,-1,65,10,2.85,1.02,1.38,3.0,6.0,11,A15XX#####29E7,judged,1577129211.5864174,A182N#####SCZG,50,real
1.93799095924558,0.5751746901880039,0.0,0.0,0,349.33333333333326,0.5,3,1.150349380376008,9.4833,13.095,4.3362,7.0,4.1583,13.0,30.0,11.525,5.16,15.0,2.565,-9.0,15.425,30,0,REFT11C,25,38,-3,-1,3,-3,3,-3,-3,3,-3,-3,-3,3,3,3,3,3,-3,3,3,3,3,3,3,-3,-3,-3,3,-3,3,-3,105,12,3.2825,1.05,1.6,5.5,4.98,27,A3ENS#####ODR6,judged,1577129251.906531,A3SCN#####12HR,50,real
0.7447665023958179,1.266671753738323,0.0,0.0,0,0.0,0.0,0,-0.2326447467246302,11.2786,14.467,5.3073,14.0,4.1583,13.0,30.0,14.565,5.16,15.0,2.565,-1.0875,15.425,106,0,REFT11C,40,51,-2,2,-2,2,-2,-3,-3,-3,-3,-2,-2,-2,-2,2,3,-3,-3,3,-3,3,3,2,3,-2,-2,-3,1,-2,2,3,185,5,2.2225,1.0499999999999998,1.3299999999999998,2.52,3.99,70,AMTTB#####RM7,judged,1577129254.7907782,AJ9I2#####IS8,50,real
0.7447665023958179,-0.1163223733623151,0.0,0.0,0,381.0,1.0,6,2.533343507476646,11.4627,15.852,4.001,14.0,6.5,13.0,30.0,14.565,5.16,14.5,2.565,-1.0875,15.425,93,0,REFT11C,20,-32,1,-2,2,3,2,-1,2,-1,-2,-2,1,1,-1,-2,-2,1,2,-2,2,-2,-2,-2,-3,2,1,-2,1,2,-2,-1,174,9,4.645,1.09,1.99,5.5,10.0,143,A1ZE8#####A44A,judged,1577129310.196731,A3JWP#####COBP,50,real
1.7663033243692394,0.35981104054027524,0.0,0.0,0,321.0,0.6666666666666666,4,1.5810766796714653,10.4847,11.142000000000001,9.2635,14.0,6.5,13.0,30.0,14.565,3.4167,15.0,2.565,-9.0,14.8,68,0,REFT11C,55,-40,3,2,3,-3,-3,-3,3,3,3,-3,-3,3,-3,-3,-3,3,3,-3,3,3,-1,-3,-3,-3,3,2,3,-3,-3,3,118,8,4.375,1.0,1.0,5.5,10.0,19,A2852#####S2IX,judged,1577129353.7771523,A1NV5#####LC92,50,real
0.3842982336128855,-0.6914970635503189,201.5,0.5,2,315.1666666666667,1.0,6,1.3829941271006378,8.7723,8.616,5.856,7.0,6.5,13.0,10.22,14.565,5.16,15.0,2.565,-1.0875,14.8,20,0,REFT11C,40,-74,-2,-3,3,3,3,3,3,3,3,-3,3,-2,-3,-3,-2,3,3,-3,2,-2,-1,-2,-3,3,3,3,-3,-3,-3,3,149,13,1.8675,1.0499999999999998,1.38,2.0,3.04,17,A309E#####L8X2,judged,1577129323.8553827,A2WF2#####7OHV,50,real
0.7447665023958179,-0.1163223733623151,0.0,0.0,0,342.1666666666667,1.0,6,2.533343507476646,9.4107,10.782,6.1572,14.0,4.1583,2.2333,30.0,14.565,5.16,15.0,2.565,-9.0,15.425,123,0,REFT11C,25,14,-1,2,-2,3,-2,1,1,-1,1,-3,1,-1,1,2,1,2,2,1,1,3,2,2,1,-3,2,1,2,1,3,-1,125,15,1.9825,1.04,1.3299999999999998,2.52,3.04,120,A2FFS#####ME56,judged,1577129307.042849,AV2JA#####AJM,50,real
1.2137316295023657,1.0588854732388544,0.0,0.0,0,398.0,0.16666666666666666,1,0.1829278142743068,10.8002,14.855,5.2238,14.0,4.1583,13.0,30.0,11.525,3.4167,15.0,2.565,-1.0875,15.425,130,0,REFT11C,25,-23,3,-3,1,2,3,-2,1,-2,1,-3,1,1,-3,1,3,2,3,-2,-3,2,1,-1,1,1,2,-3,-3,-3,-1,1,198,11,2.59,1.0499999999999998,1.3299999999999998,3.0,4.98,90,A3CWW#####3I14,judged,1577129348.7182932,A2TI9#####47MZ,50,real
0.7447665023958179,-0.1163223733623151,0.0,0.0,0,310.6666666666667,1.0,6,2.533343507476646,10.5236,13.827,4.2448,7.0,4.1583,13.0,30.0,14.565,5.16,15.0,2.015,-1.0875,15.425,97,0,REFT11C,5,-14,2,-3,3,-2,-2,-1,1,-2,2,-1,3,3,-3,1,-1,-2,-1,-3,1,-3,1,-1,-2,-2,2,-1,2,2,2,1,175,23,2.175,0.99,1.2000000000000002,2.52,3.99,29,A2GCN#####OZ9Z,judged,1577129384.9773438,AZ5ZY#####XDL,50,real
0.7447665023958179,-0.1163223733623151,0.0,0.0,0,419.5,1.0,6,2.533343507476646,9.6061,9.755,7.3962,14.0,4.1583,2.2333,30.0,11.525,3.4167,15.0,2.015,-1.0875,14.8,34,0,REFT11C,45,-27,2,1,-2,1,3,-2,1,2,-3,-3,2,1,-1,2,-2,1,1,-3,1,-1,1,-1,-2,1,3,1,-2,-3,1,1,162,15,2.5175,1.08,1.5,3.5,3.99,64,A2WZ7#####JPV,judged,1577129407.911055,A1NWX#####0M8U,50,real
1.1441994342256387,0.12188122545031213,131.0,0.25,1,320.0,0.6666666666666666,4,1.1052170494915392,9.854,11.617,6.0735,7.0,6.5,13.0,30.0,14.565,5.16,14.5,2.015,-9.0,14.8,82,0,REFT11C,50,14,-2,2,-1,-1,-2,-1,-1,-1,-1,-1,-2,-2,-1,2,-1,-1,-2,-2,1,-2,-2,1,-2,1,-1,-1,1,-1,2,-1,146,7,4.52,1.09,1.99,5.0,10.0,58,A324V#####G5IB,judged,1577129441.151985,A1NLD#####2CX,50,real
0.6262834321863123,-0.4837107830508505,376.0,0.5,2,397.8,0.8333333333333334,5,0.9674215661017009,11.0417,11.982000000000001,8.5798,14.0,4.1583,13.0,30.0,14.565,3.4167,15.0,2.565,-1.0875,14.8,37,1,REFT11C,50,24,-1,1,-2,-3,-3,-1,-2,-2,-3,-3,-1,-2,-1,-1,-1,-2,-2,-1,-2,1,-1,-1,2,-2,-2,-2,-2,-1,-1,-1,57,13,1.245,1.0,1.0,1.0,1.98,25,A28IF#####33RZ,judged,1577129456.626811,AO2A1#####0KB,50,real
1.93799095924558,0.5751746901880039,0.0,0.0,0,421.33333333333326,0.5,3,1.150349380376008,9.9151,10.522,7.4397,14.0,4.1583,2.2333,30.0,14.565,3.4167,14.5,2.565,-1.0875,14.8,70,0,REFT11C,40,-13,1,1,2,3,2,-1,-1,1,-1,-2,2,-3,-2,2,2,1,-1,-2,1,-3,-1,-1,-2,2,3,-1,1,1,1,-2,120,18,3.7675,1.05,1.5,2.52,10.0,139,A1HDD#####D33I,judged,1577129477.6581633,A38C2#####2LTS,50,real
0.7447665023958179,1.266671753738323,0.0,0.0,0,0.0,0.0,0,-0.2326447467246302,9.5948,12.167,4.851,14.0,6.5,2.2333,30.0,14.565,5.16,14.5,2.565,-9.0,15.425,202,0,REFT11C,40,12,2,3,-3,-3,3,1,-1,-3,-3,1,3,-3,-1,2,-2,-2,2,-3,-2,1,-1,2,-2,-2,2,-1,2,-2,-1,-3,200,15,2.2225,1.0499999999999998,1.3299999999999998,2.52,3.99,91,AHPOO#####04D,judged,1577129495.8504612,AV76C#####6U,50,real
1.1441994342256387,-0.12188122545031208,209.0,0.75,3,259.5,0.3333333333333333,2,-1.1052170494915392,9.2651,8.732000000000001,7.9298,7.0,4.1583,2.2333,30.0,14.565,3.4167,15.0,2.565,-1.0875,14.8,50,0,REFT11C,50,-3,1,1,2,1,2,1,1,1,1,2,2,2,2,2,1,-2,1,-1,-1,-1,1,-1,1,-1,1,1,2,2,1,2,71,12,2.2225,1.0499999999999998,1.3299999999999998,2.52,3.99,25,A19IJ#####9LMC,judged,1577129578.7198825,A1N53#####CR7Q,50,real
1.2554175313546805,0.33724487509804085,243.0,0.25,1,226.66666666666663,0.5,3,0.6744897501960817,9.1479,12.72,2.4463,7.0,4.1583,2.2333,30.0,11.525,5.16,14.5,2.565,-1.0875,15.425,25,0,REFT11C,50,-3,2,-1,-1,-1,-1,-1,-1,1,2,2,2,1,1,1,-1,2,1,-1,-1,-1,1,1,2,1,-1,-1,-1,-1,-2,-1,135,20,2.2225,1.0499999999999998,1.3299999999999998,2.52,3.99,25,A2PZG#####ESH9,judged,1577129679.9758098,AA116#####DS8,50,real
0.7447665023958179,-0.1163223733623151,0.0,0.0,0,348.83333333333326,1.0,6,2.533343507476646,10.4175,13.99,5.02,14.0,6.5,13.0,30.0,11.525,5.16,15.0,2.565,-9.0,15.425,148,0,REFT11C,50,-53,2,-2,3,3,3,-1,2,3,2,-3,3,1,1,-3,-1,2,3,-3,3,-3,-3,-3,-3,3,2,1,2,-3,3,-3,169,8,3.295,1.08,1.6,3.5,7.0,149,A34KB#####H924,judged,1577129799.6261501,A1P63#####GF5E,50,real
1.1441994342256387,-0.5526085247457696,168.33333333333334,0.75,3,207.75,0.6666666666666666,4,-0.24376245090062426,10.3861,13.252,4.101,14.0,6.5,2.2333,30.0,14.565,5.16,14.5,2.565,-1.0875,15.425,79,0,REFT11C,40,15,-2,2,-1,-2,-1,-1,-1,-2,-1,-1,1,-3,-1,1,1,-1,-1,-1,1,1,1,-1,-1,1,-1,1,-1,1,-1,-2,126,18,2.09,1.04,1.3299999999999998,2.0,3.99,40,A37Q4#####4RNA,judged,1577129757.6486845,A1N8T#####92QR,50,real
0.7862472003636766,0.8209556581488914,286.0,0.25,1,273.0,0.16666666666666666,1,-0.2929318159056193,9.9715,14.117,4.001,7.0,6.5,13.0,30.0,14.565,5.16,14.5,2.565,-9.0,15.425,111,10,REFT11C,40,-55,3,-1,3,3,3,2,3,2,3,-3,3,2,2,-2,-3,3,-3,-2,3,-3,-2,-1,-2,3,2,3,-1,1,2,2,164,11,1.3775,1.0,1.0,1.53,1.98,37,A10S3#####XJ5D,judged,1577129886.9652674,A1618#####5OJV,50,real
1.2137316295023657,1.0588854732388544,0.0,0.0,0,263.0,0.16666666666666666,1,0.1829278142743068,8.1791,8.744,4.6388,7.0,4.1583,13.0,10.22,11.525,5.16,15.0,2.015,-1.0875,14.8,97,0,REFT11C,50,14,-1,2,-2,-2,-2,-2,2,-2,-2,-2,2,-3,1,1,1,1,2,2,-2,1,1,1,1,1,2,1,1,-3,-2,-2,179,13,2.6025,1.05,1.38,3.0,4.98,97,A17CP#####MA2O,judged,1577130030.6591027,A233H#####FSNY,50,real
1.1441994342256387,0.5526085247457696,261.0,0.25,1,315.0,0.3333333333333333,2,0.2437624509006241,7.4739,9.421,2.3973,7.0,4.1583,2.2333,10.22,14.565,5.16,14.5,2.565,-1.0875,15.425,45,0,REFT11C,50,41,-3,3,-3,-3,-3,-3,3,-3,-3,3,3,-3,1,1,3,-3,3,-1,-3,3,3,1,1,-1,3,2,3,-3,3,-3,212,13,1.0,1.0,1.0,1.0,1.0,27,A6JKK#####4KD,judged,1577130016.7580323,A2WJM#####QG3Z,50,real
1.2554175313546805,0.33724487509804085,317.0,0.25,1,444.33333333333326,0.5,3,0.6744897501960817,10.9746,14.83,4.3362,14.0,4.1583,13.0,30.0,11.525,5.16,15.0,2.565,-1.0875,15.425,100,0,REFT11C,50,-5,-2,3,2,-3,-3,-2,2,-2,-2,-1,-1,-2,-3,3,2,3,-1,-3,2,-3,-3,2,-3,-3,3,1,-3,-1,-1,2,158,13,2.34,1.0499999999999998,1.3299999999999998,2.0,4.98,56,AIZ4C#####2WG,judged,1577130069.70401,A1XAF#####H6S5,50,real
1.93799095924558,0.5751746901880039,0.0,0.0,0,371.0,0.5,3,1.150349380376008,11.2161,11.957,7.6922,14.0,4.1583,13.0,30.0,14.565,5.16,15.0,2.565,-1.0875,14.8,123,1,REFT11C,50,5,1,1,-2,1,1,-1,1,1,-2,-3,2,1,-2,1,2,-2,1,1,1,2,1,1,-2,-1,2,-2,2,-1,2,-2,165,18,2.875,1.0,1.0,3.5,6.0,108,AEWGY#####A32,judged,1577130111.3829067,A3AD8#####C20E,50,real
0.9114094758506124,-0.21536364964772872,355.5,0.5,2,384.5,0.6666666666666666,4,0.43072729929545744,9.9715,14.117,4.001,7.0,6.5,13.0,30.0,14.565,5.16,14.5,2.565,-9.0,15.425,217,1,REFT11C,5,-21,2,-1,-2,-1,2,1,2,1,-3,-3,1,-2,1,1,-1,3,2,-1,1,-3,-1,1,-2,-1,3,-1,-1,-3,1,1,148,7,2.6025,1.0499999999999998,1.38,3.0,4.98,124,A89RA#####0C6,judged,1577130285.5579722,A3DNY#####1FQF,50,real
1.2137316295023657,0.0914639071371534,0.0,0.0,0,327.2,0.8333333333333334,5,2.1177709464777092,10.3748,12.012,7.2023,14.0,4.1583,13.0,30.0,14.565,5.16,14.5,2.565,-9.0,14.8,117,0,REFT11C,45,-14,1,-1,2,1,2,-1,2,2,-1,-2,-1,2,-1,1,1,-2,2,-2,1,-1,-1,1,-2,1,2,-3,1,-3,2,-3,209,14,1.5575,1.0499999999999998,1.2000000000000002,2.0,1.98,63,ANK9K#####KOR,judged,1577130342.2133126,A1UBV#####VDVV,50,real
1.1441994342256387,0.12188122545031213,332.0,0.25,1,361.75,0.6666666666666666,4,1.1052170494915392,10.7215,13.627,5.9910000000000005,14.0,6.5,13.0,30.0,14.565,5.16,15.0,2.565,-9.0,15.425,116,25,REFT11C,20,-55,2,1,3,3,1,3,3,1,3,-3,2,3,1,-2,-2,3,3,-2,1,-3,-3,-1,-1,3,3,1,1,-3,2,2,131,13,2.6025,1.05,1.38,3.0,4.98,93,A2SS9#####UWU8,judged,1577130370.005304,A224B#####MZSN,50,real
0.7447665023958179,1.266671753738323,0.0,0.0,0,0.0,0.0,0,-0.2326447467246302,11.2161,11.957,7.6922,14.0,4.1583,13.0,30.0,14.565,5.16,15.0,2.565,-1.0875,14.8,49,1,REFT11C,45,-13,2,-2,-2,2,2,2,2,-2,-2,-2,-2,2,2,2,2,2,-2,-2,-2,2,-2,-2,2,3,2,2,-2,-2,2,2,150,9,3.42,1.08,1.6,4.0,7.0,26,AKLYZ#####X0F,judged,1577130292.4472125,AE2QW#####JAN,50,real
0.7447665023958179,1.266671753738323,0.0,0.0,0,0.0,0.0,0,-0.2326447467246302,9.1863,11.947000000000001,5.8048,14.0,4.1583,2.2333,30.0,14.565,3.4167,14.5,2.565,-9.0,15.425,140,0,REFT11C,5,-12,2,1,2,2,3,3,3,-2,3,-3,-1,1,1,2,1,1,1,2,1,2,3,-2,2,1,1,1,3,-2,1,1,159,14,4.645,1.09,1.99,5.5,10.0,113,A1ZDR#####92LI,judged,1577130319.5218036,A2AUR#####R39J,50,real
0.7862472003636766,0.8209556581488914,330.0,0.25,1,30.0,0.16666666666666666,1,-0.2929318159056193,10.4347,12.282,8.0235,14.0,6.5,13.0,30.0,14.565,3.4167,14.5,2.565,-9.0,14.8,18,1,REFT11C,100,67,3,3,-3,-3,-3,-3,-3,-3,2,3,-3,-3,3,3,3,-3,-3,3,-3,3,3,3,3,-3,1,3,3,1,3,-3,373,19,2.6025,1.05,1.38,3.0,4.98,7,A3UJS#####BQ6Z,judged,1577131179.3803685,A36G4#####F8V8,50,real
1.2137316295023657,1.0588854732388544,0.0,0.0,0,484.0,0.16666666666666666,1,0.1829278142743068,8.0435,10.041,4.221,7.0,6.5,13.0,10.22,14.565,5.16,15.0,2.565,-9.0,15.425,83,5,REFT11C,45,-14,1,-1,1,1,1,-1,1,-1,-1,-1,-2,1,-2,-1,-1,1,2,-1,1,1,1,-1,-1,1,1,-1,-1,-2,1,-1,175,201,4.645,1.09,1.99,5.5,10.0,43,A2RVF#####EHDV,judged,1577130557.82044,A1GRL#####2RBJ,50,real
1.2554175313546805,0.33724487509804085,166.0,0.25,1,287.3333333333333,0.5,3,0.6744897501960817,10.2505,10.897,9.3298,14.0,4.1583,13.0,30.0,14.565,3.4167,15.0,2.565,-9.0,14.8,118,2,REFT11C,40,68,-3,-1,-3,-3,-3,-3,-3,-3,-3,2,-3,-3,-1,1,1,-3,-3,3,-3,3,3,2,3,-3,-3,-3,1,-3,3,-3,155,13,1.0,1.0,1.0,1.0,1.0,61,A3RCX#####6HHW,judged,1577130657.8532565,A2I9P#####ZBO8,50,real
0.7447665023958179,1.266671753738323,0.0,0.0,0,0.0,0.0,0,-0.2326447467246302,11.2759,12.227,8.5135,14.0,6.5,13.0,30.0,14.565,3.4167,15.0,2.565,-1.0875,14.8,43,0,REFT11C,20,16,2,2,-2,-2,2,-2,-2,2,-2,-2,1,-2,2,2,2,-2,1,2,2,-3,-2,1,2,2,2,-2,1,2,3,-2,87,7,3.095,1.0499999999999998,1.3299999999999998,1.0,9.0,38,A3NUY#####PYBB,judged,1577130704.8666115,A3BXI#####DUHW,50,real
0.7447665023958179,1.266671753738323,0.0,0.0,0,0.0,0.0,0,-0.2326447467246302,11.2161,11.957,7.6922,14.0,4.1583,13.0,30.0,14.565,5.16,15.0,2.565,-1.0875,14.8,84,0,REFT11C,50,-12,-1,-3,1,2,-2,-2,1,1,2,-2,2,2,-1,1,2,1,3,-2,3,-3,2,3,-2,-1,3,1,2,2,3,-2,159,9,3.5975,1.08,1.8,3.5,8.01,50,ADXRJ#####XRE,judged,1577130707.5795298,A1UU7#####ILG6,50,real
0.7447665023958179,1.266671753738323,0.0,0.0,0,0.0,0.0,0,-0.2326447467246302,10.4873,13.382,6.0573,14.0,4.1583,13.0,30.0,14.565,5.16,15.0,2.565,-9.0,15.425,137,0,REFT11C,20,-3,-1,-3,-1,-1,2,-1,1,1,-3,-2,1,-2,-3,-1,-2,-2,1,-1,1,-1,1,1,-1,1,1,-2,1,-1,2,-3,120,12,2.355,1.0499999999999998,1.38,3.0,3.99,56,A1WKF#####V0H2,judged,1577130675.0593476,A1PTK#####Z0QB,50,real
0.7447665023958179,1.266671753738323,0.0,0.0,0,0.0,0.0,0,-0.2326447467246302,10.4611,11.317,6.6298,7.0,4.1583,13.0,30.0,14.565,5.16,15.0,2.015,-1.0875,14.8,101,0,REFT11C,40,46,-2,1,-2,-2,-1,-3,-1,-2,-2,-1,-1,-2,1,2,2,-2,-3,1,-2,1,1,2,1,-2,1,-2,1,1,2,-3,142,11,4.645,1.09,1.99,5.5,10.0,82,AKNLD#####W4U,judged,1577130708.665046,A3RHF#####JC4V,50,real
1.2137316295023657,0.0914639071371534,0.0,0.0,0,336.8,0.8333333333333334,5,2.1177709464777092,11.2161,11.957,7.6922,14.0,4.1583,13.0,30.0,14.565,5.16,15.0,2.565,-1.0875,14.8,153,0,REFT11C,0,-4,1,-1,3,2,-1,-1,1,2,-2,-1,-1,2,1,-1,-2,-1,1,2,3,-2,-1,2,2,2,1,-2,2,2,1,-2,120,15,4.6425,1.08,1.99,5.5,10.0,206,A1LHZ#####6R7T,judged,1577130753.7167325,AHNFZ#####H6B,50,real
0.7447665023958179,1.266671753738323,0.0,0.0,0,0.0,0.0,0,-0.2326447467246302,9.1182,10.769,4.395,14.0,6.5,13.0,10.22,11.525,5.16,14.5,2.565,-1.0875,14.8,78,0,REFT11C,40,72,-3,3,-3,-3,-3,-3,-3,-3,-3,3,-3,-3,3,3,3,-3,3,3,-3,3,3,3,3,-3,3,3,3,3,3,-3,325,18,2.125,1.0,1.0,5.5,1.0,51,A3ON3#####GN4E,judged,1577130804.0835652,A2DNC#####HCBS,50,real
1.7663033243692394,0.35981104054027524,0.0,0.0,0,402.25,0.6666666666666666,4,1.5810766796714653,9.7873,12.732000000000001,5.3073,7.0,4.1583,13.0,30.0,14.565,5.16,15.0,2.565,-9.0,15.425,258,0,REFT11C,30,-36,1,-1,2,2,1,1,1,1,2,-2,-1,2,-1,-1,-1,-1,2,-3,2,-2,-1,-1,-3,1,2,1,-1,-2,1,-1,165,10,1.82,1.04,1.2000000000000002,2.0,3.04,70,A1X0E#####6GOJ,judged,1577130835.3575873,ABGFB#####C23,50,real
1.0,0.0,322.0,0.5,2,428.33333333333326,0.5,3,0.0,8.2389,9.014,5.46,7.0,6.5,13.0,10.22,11.525,3.4167,15.0,2.015,-1.0875,14.8,94,0,REFT11C,50,15,-2,-1,2,1,1,-3,-2,-2,-2,-1,1,2,-2,3,3,-3,-3,-2,2,1,1,2,-1,-2,-2,-3,-1,-2,-1,-1,211,12,1.895,1.04,1.5,2.0,3.04,102,A95I4#####Q23,judged,1577130817.7725935,A3P34#####IKQY,50,real
0.7447665023958179,-0.1163223733623151,0.0,0.0,0,408.5,1.0,6,2.533343507476646,10.1071,12.82,4.4188,7.0,4.1583,13.0,30.0,11.525,5.16,14.5,2.015,-1.0875,14.8,148,0,REFT11C,30,44,2,2,-2,-3,-1,-3,-2,-3,-2,1,-1,-3,2,2,1,-3,1,1,-3,3,1,1,1,-3,1,-3,-1,-2,1,-3,153,15,3.6925,1.05,1.71,4.0,8.01,131,A188Z#####E5U4,judged,1577130896.4403617,A2QXN#####RNL7,50,real
1.1441994342256387,0.12188122545031213,185.0,0.25,1,371.0,0.6666666666666666,4,1.1052170494915392,11.3952,12.212,7.3135,14.0,6.5,13.0,30.0,14.565,5.16,15.0,2.015,-1.0875,14.8,212,0,REFT11C,30,26,1,2,-2,1,-2,-2,-2,-3,-1,2,-3,-3,1,3,-1,1,-2,-2,1,-2,-1,-1,2,-2,-1,-2,2,3,-2,1,144,14,3.0125,1.05,1.5,3.5,6.0,86,A1TOR#####FMCQ,judged,1577131020.971783,A2X3F#####GHJU,50,real
0.7447665023958179,-0.1163223733623151,0.0,0.0,0,314.5,1.0,6,2.533343507476646,11.2161,11.957,7.6922,14.0,4.1583,13.0,30.0,14.565,5.16,15.0,2.565,-1.0875,14.8,148,0,REFT11C,50,29,1,-2,-2,-2,1,-3,-2,-2,-2,-2,-1,-2,-2,1,1,-3,-1,-1,1,2,2,1,2,-1,-2,-3,2,1,-1,-2,212,11,4.645,1.09,1.99,5.5,10.0,206,A2XGV#####R173,judged,1577131077.4719422,A3B1P#####AM2B,50,real
0.7447665023958179,1.266671753738323,0.0,0.0,0,0.0,0.0,0,-0.2326447467246302,9.5005,11.387,7.3398,7.0,4.1583,13.0,30.0,14.565,3.4167,14.5,2.565,-9.0,14.8,194,0,REFT11C,45,19,2,-1,-1,-3,-2,-3,-1,-1,-3,-2,-1,-3,-1,2,2,-2,-1,-2,-2,-3,-2,-1,-2,-2,1,-2,2,-2,2,-3,294,17,2.2225,1.0499999999999998,1.3299999999999998,2.52,3.99,138,A28HB#####FGEW,judged,1577131163.299701,A1XRW#####K1J4,50,real
0.7447665023958179,-0.1163223733623151,0.0,0.0,0,357.66666666666674,1.0,6,2.533343507476646,10.4847,11.142000000000001,9.2635,14.0,6.5,13.0,30.0,14.565,3.4167,15.0,2.565,-9.0,14.8,211,0,REFT11C,5,-55,3,-3,3,3,3,-3,1,2,-1,-3,3,3,-3,-2,-1,2,2,-1,3,-3,-1,-3,1,3,2,-1,-1,-3,-3,1,216,14,2.235,1.05,1.38,2.52,3.99,97,A1HMO#####UPWJ,judged,1577131260.983593,A3SFM#####I36J,50,real
0.7447665023958179,1.266671753738323,0.0,0.0,0,0.0,0.0,0,-0.2326447467246302,10.7377,12.345,7.6087,14.0,4.1583,13.0,30.0,11.525,3.4167,15.0,2.565,-1.0875,14.8,116,0,REFT11C,50,27,-2,1,-2,-3,-1,-3,-2,-2,-3,-3,2,-3,1,2,-1,-3,-3,-2,1,1,-1,2,-3,-3,3,-3,1,-3,2,-3,301,24,3.2325,1.0499999999999998,1.38,3.5,7.0,163,A2DUH#####NM5K,judged,1577131297.596543,A15VI#####YO50,50,real
1.1441994342256387,0.5526085247457696,329.0,0.25,1,344.5,0.3333333333333333,2,0.2437624509006241,11.4502,12.202,7.626,14.0,6.5,13.0,30.0,14.565,5.16,15.0,2.565,-1.0875,14.8,212,1,REFT11C,35,-37,2,1,2,3,3,2,1,3,2,-2,-1,2,-2,-2,-1,3,2,-1,3,-1,-1,1,1,3,1,-1,-1,-2,1,-2,165,8,3.17,1.08,1.6,3.0,7.0,92,A3FJ6#####FJA7,judged,1577131312.7455714,A2WKX#####LNT9,50,real
1.1441994342256387,0.12188122545031213,320.0,0.25,1,365.25,0.6666666666666666,4,1.1052170494915392,9.3054,11.811,4.796,14.0,6.5,13.0,10.22,14.565,3.4167,15.0,2.015,-1.0875,15.425,205,1,REFT11C,25,22,-1,2,-2,-2,-1,-1,2,-2,1,-2,-1,-2,1,2,1,-2,-2,1,1,1,-1,1,1,1,1,-3,1,-2,1,-2,320,24,4.1375,1.0499999999999998,1.5,4.0,10.0,220,AOJF7#####5U3,judged,1577131273.966109,A3TKB#####PXBA,50,real
0.4824547397462529,-0.3542521884522782,270.0,0.25,1,398.0,1.0,6,2.05748387729672,11.2334,15.887,4.5760000000000005,14.0,6.5,13.0,30.0,14.565,3.4167,14.5,2.015,-1.0875,15.425,249,2,REFT11C,100,5,-2,-2,1,1,-1,-3,-1,-2,-3,-3,-1,1,-2,-1,-1,-2,1,-1,-1,1,-1,1,1,1,2,-2,1,-2,1,-2,336,7,2.355,1.0499999999999998,1.38,3.0,3.99,171,A1P6O#####HQRM,judged,1577131380.9588325,A15F4#####42BK,50,real
0.7447665023958179,1.266671753738323,0.0,0.0,0,0.0,0.0,0,-0.2326447467246302,7.0524,7.284,3.4988,7.0,4.1583,2.2333,10.22,11.525,5.16,14.5,2.015,-1.0875,14.8,30,5,REFT11C,30,-7,3,3,-1,-1,2,-1,2,1,-1,-1,-1,1,-1,1,-1,2,1,1,-1,-1,-1,1,-1,-1,2,2,-2,1,1,-2,88,11,3.0125,1.05,1.5,3.5,6.0,17,ALV4D#####J37,judged,1577131443.6841497,A3A8P#####0DWQ,50,real
0.4824547397462529,1.0287419386483598,76.0,0.25,1,0.0,0.0,0,-0.7085043769045564,8.8791,9.394,5.3888,14.0,4.1583,13.0,10.22,11.525,5.16,15.0,2.015,-1.0875,14.8,142,0,REFT11C,40,33,-3,3,-3,-3,-3,-3,-3,-3,1,3,3,-3,3,3,-3,-3,-3,-2,-3,-3,-3,-1,2,-3,3,-3,2,-3,3,3,103,24,4.645,1.09,1.99,5.5,10.0,57,A1DUA#####BORV,judged,1577131512.8052454,A1V6C#####OSAR,50,real
0.7447665023958179,1.266671753738323,0.0,0.0,0,0.0,0.0,0,-0.2326447467246302,10.9121,12.32,6.7212,14.0,4.1583,13.0,30.0,11.525,5.16,15.0,2.565,-1.0875,14.8,27,0,REFT11C,45,36,2,2,-1,-2,1,-3,-3,-1,-2,3,-2,2,3,2,3,-2,-3,2,-1,2,-2,2,-1,-2,2,3,2,1,3,-2,121,9,3.8475,1.0499999999999998,1.3299999999999998,5.0,8.01,39,A83OL#####083,judged,1577131531.7301686,A2H8H#####4A58,50,real
0.9114094758506122,0.2153636496477288,249.5,0.5,2,180.0,0.3333333333333333,2,-0.4307272992954576,9.1881,10.161,5.4323,14.0,4.1583,13.0,10.22,14.565,5.16,14.5,2.565,-1.0875,14.8,65,0,REFT11C,70,9,1,1,-2,-2,2,-3,1,-3,-1,-1,3,1,1,3,1,-2,2,-2,-1,1,1,1,-3,-2,2,1,1,-3,2,-3,164,7,2.475,1.02,1.38,2.52,4.98,9,A3DA8#####YGFC,judged,1577131750.7609131,A2090#####WA3F,50,real
1.7663033243692394,0.7905383398357327,0.0,0.0,0,414.5,0.3333333333333333,2,0.7196220810805503,11.4502,12.202,7.626,14.0,6.5,13.0,30.0,14.565,5.16,15.0,2.565,-1.0875,14.8,40,0,REFT11C,50,7,-2,1,1,-1,2,2,1,1,1,-1,-1,1,1,-1,1,1,1,2,1,1,-1,1,2,1,-1,-2,1,2,2,-2,95,9,3.0125,1.05,1.5,3.5,6.0,23,A2BK4#####WPLX,judged,1577131771.178992,A345T#####DQ3G,50,real
0.7447665023958179,1.266671753738323,0.0,0.0,0,0.0,0.0,0,-0.2326447467246302,9.3158,11.735,5.1688,7.0,4.1583,13.0,30.0,11.525,5.16,14.5,2.015,-9.0,14.8,33,3,REFT11C,50,14,2,2,3,1,-1,2,1,-2,1,2,1,1,-1,3,2,1,-1,1,-1,3,2,1,-2,-1,1,-1,2,3,1,-2,104,16,1.1525,1.0,1.08,1.53,1.0,34,A34DY#####5VK,judged,1577131925.851215,A29CQ#####N3DJ,50,real
0.7447665023958179,1.266671753738323,0.0,0.0,0,0.0,0.0,0,-0.2326447467246302,7.2503,7.084,5.245,14.0,6.5,2.2333,10.22,11.525,5.16,14.5,2.565,-9.0,14.8,32,2,REFT11C,50,-1,2,2,2,2,2,2,1,2,2,2,1,-2,1,1,2,-2,1,1,1,2,1,1,-1,1,-1,2,2,2,1,2,165,9,2.595,1.02,1.38,3.0,4.98,13,A2LGG#####Y9S9,judged,1577148107.9706259,A3JW2#####7ZTU,50,real
0.7447665023958179,1.266671753738323,0.0,0.0,0,0.0,0.0,0,-0.2326447467246302,8.0172,12.419,1.9012,7.0,4.1583,13.0,10.22,11.525,3.4167,14.5,2.015,-1.0875,15.425,24,2,REFT11C,40,4,-2,-2,-1,-1,1,-1,-1,1,-1,-1,-1,-1,1,1,-1,1,-1,1,2,-1,1,1,1,2,-1,1,-1,-1,1,-1,50,32,2.875,1.0,1.5,3.0,6.0,15,A1OBB#####K9KK,judged,1577132119.2861505,AWZCV#####PT,50,real
1.7663033243692394,0.7905383398357327,0.0,0.0,0,438.0,0.3333333333333333,2,0.7196220810805503,10.5161,11.307,6.9422,7.0,4.1583,13.0,30.0,14.565,5.16,15.0,2.565,-1.0875,14.8,155,0,REFT11C,45,45,-1,1,-1,-3,-2,-2,1,-2,-1,2,2,-2,1,2,2,-2,1,1,-2,2,1,3,1,-2,-2,-3,2,1,2,-3,150,14,4.0225,1.09,1.99,5.0,8.01,87,A2BA9#####6WS1,judged,1577132153.2089276,A1OZP#####1519,50,real
1.2137316295023657,0.0914639071371534,0.0,0.0,0,329.8,0.8333333333333334,5,2.1177709464777092,9.309,13.12,5.2238,7.0,4.1583,13.0,30.0,11.525,3.4167,15.0,2.565,-9.0,15.425,117,10,REFT11C,5,21,-2,-2,2,-2,1,-3,1,2,-3,-2,2,1,2,2,3,-1,-2,-1,-3,1,2,1,-1,-1,-2,-3,-2,-1,3,-3,117,13,2.8425,1.04,1.3299999999999998,3.0,6.0,68,A3MK7#####0AZT,judged,1577132140.520991,ASIIB#####7J7,50,real
0.7447665023958179,-0.1163223733623151,0.0,0.0,0,380.66666666666674,1.0,6,2.533343507476646,11.4002,13.342,6.386,14.0,6.5,13.0,30.0,14.565,5.16,14.5,2.565,-1.0875,14.8,210,1,REFT11C,50,-6,-1,2,-3,2,3,1,2,-1,-3,1,1,-3,2,-1,1,2,3,-2,3,1,1,1,-1,2,2,1,2,-3,2,1,182,14,2.23,1.05,1.3299999999999998,3.5,3.04,173,A20C7#####1JUO,judged,1577132310.2098713,A2RMR#####75XZ,50,real
0.4824547397462529,-0.3542521884522782,197.0,0.25,1,303.5,1.0,6,2.05748387729672,10.604000000000001,11.127,8.0635,14.0,6.5,13.0,30.0,14.565,5.16,15.0,2.015,-9.0,14.8,89,0,REFT11C,30,-24,2,-3,2,1,-2,-2,2,-1,-1,-1,2,1,-2,-3,1,1,3,-2,2,-1,-2,-1,1,1,-1,-2,-1,-2,-1,-1,155,16,4.645,1.09,1.99,5.5,10.0,85,A748N#####HR4,judged,1577132703.7710385,A12HW#####ITHD,50,real
0.9114094758506124,-0.21536364964772872,232.5,0.5,2,295.0,0.6666666666666666,4,0.43072729929545744,11.2161,11.957,7.6922,14.0,4.1583,13.0,30.0,14.565,5.16,15.0,2.565,-1.0875,14.8,38,0,REFT11C,30,-41,1,2,3,3,2,2,-1,3,2,2,3,2,-1,-2,1,3,3,-3,2,-2,1,-2,-3,3,1,3,2,1,-1,1,141,10,2.6025,1.05,1.38,3.0,4.98,30,A1REJ#####LBXY,judged,1577132818.0465178,A36P1#####F567,50,real
0.7447665023958179,1.266671753738323,0.0,0.0,0,0.0,0.0,0,-0.2326447467246302,6.9831,6.159,5.9388,7.0,4.1583,2.2333,10.22,11.525,3.4167,15.0,2.565,-1.0875,14.8,72,0,REFT11C,45,0,-1,1,-1,-1,1,-1,-1,1,2,-3,2,-1,1,1,-1,1,2,-1,1,1,1,2,1,1,-1,1,1,-3,2,-2,191,11,3.0125,1.05,1.5,3.5,6.0,41,A2DDO#####99X4,judged,1577132846.225212,A2QBB#####PTYR,50,real
0.7447665023958179,1.266671753738323,0.0,0.0,0,0.0,0.0,0,-0.2326447467246302,8.3762,12.046,3.1848,7.0,4.1583,13.0,10.22,14.565,3.4167,14.5,2.565,-1.0875,15.425,71,0,REFT11C,5,-3,-2,-2,1,-2,2,-3,2,1,-2,-2,-1,1,-2,2,-1,-1,3,-2,2,-1,2,1,-1,1,1,-2,2,2,2,2,110,14,4.645,1.09,1.99,5.5,10.0,60,A33ID#####QIQ4,judged,1577133075.8604345,A38A8#####ZMDV,50,real
1.2137316295023657,0.0914639071371534,0.0,0.0,0,378.4,0.8333333333333334,5,2.1177709464777092,11.0962,13.705,5.415,14.0,6.5,13.0,30.0,11.525,5.16,14.5,2.565,-1.0875,14.8,50,0,REFT11C,50,-15,1,-1,-2,2,-1,-3,1,1,-1,-3,2,1,-1,1,-1,1,1,-2,-2,-2,-1,-1,-1,-1,2,1,-1,-2,2,-1,133,8,4.645,1.09,1.99,5.5,10.0,62,A2I43#####M00C,judged,1577148165.7333012,A2DV8#####RIL0,50,real
0.7447665023958179,1.266671753738323,0.0,0.0,0,0.0,0.0,0,-0.2326447467246302,8.1791,8.744,4.6388,7.0,4.1583,13.0,10.22,11.525,5.16,15.0,2.015,-1.0875,14.8,63,0,REFT11C,85,-22,2,3,2,1,2,2,2,1,-2,-2,2,2,2,2,2,2,2,-2,1,-1,-1,-1,-2,2,1,1,1,-2,3,1,236,40,1.395,0.99,1.08,1.53,1.98,52,AOHAL#####BOB,judged,1577133520.266048,AJQ71#####1HZ,50,real
1.2554175313546805,0.33724487509804085,295.0,0.25,1,474.33333333333326,0.5,3,0.6744897501960817,9.7873,12.732000000000001,5.3073,7.0,4.1583,13.0,30.0,14.565,5.16,15.0,2.565,-9.0,15.425,113,1,REFT11C,50,57,-2,3,-3,-3,-3,-3,-3,-3,-3,3,1,-3,-1,2,3,-3,1,-1,-3,1,1,2,-2,-3,-1,-1,2,3,3,-3,112,15,4.645,1.09,1.99,5.5,10.0,100,ANOMR#####MQS,judged,1577133518.79455,A2QX3#####HHVV,50,real
1.1441994342256387,0.12188122545031213,328.0,0.25,1,406.5,0.6666666666666666,4,1.1052170494915392,8.1614,6.421,6.7723,14.0,4.1583,2.2333,10.22,14.565,5.16,15.0,2.565,-1.0875,14.8,64,2,REFT11C,50,29,-1,2,-1,-2,1,-3,-2,-2,-2,-1,-1,-2,-2,2,-1,-2,-2,2,2,-1,2,-1,2,-1,-1,-3,2,-2,1,-2,182,12,2.555,1.04,1.2000000000000002,3.0,4.98,57,ASTR3#####EXV,judged,1577133778.7873037,A14AD#####6TDY,50,real
0.7447665023958179,1.266671753738323,0.0,0.0,0,0.0,0.0,0,-0.2326447467246302,10.9246,15.97,3.0963,14.0,4.1583,13.0,30.0,11.525,5.16,14.5,2.565,-1.0875,15.425,168,0,REFT11C,25,-58,3,-3,3,3,3,-1,2,-2,-3,-3,3,3,-3,-1,-2,3,3,-3,3,-3,-2,1,-3,2,3,2,2,-3,-2,3,177,11,3.6725,1.08,1.6,4.0,8.01,111,A1G33#####SJAM,judged,1577134892.7063544,A8YLQ#####KPR,50,real
0.7862472003636766,-0.14646590795280967,220.0,0.25,1,243.0,0.8333333333333334,5,1.6419113162977828,7.2996,9.446,3.2848,7.0,4.1583,2.2333,10.22,14.565,3.4167,14.5,2.565,-1.0875,15.425,114,0,REFT11C,40,-20,2,-1,1,1,3,-1,2,2,1,-2,2,1,1,-1,1,1,2,1,1,-1,-1,-1,1,1,2,-1,2,-1,1,-1,195,11,1.3775,1.0,1.0,1.53,1.98,132,A1XG6#####TSI3,judged,1577135101.9182334,A1O6W#####9R9C,50,real
1.2137316295023657,1.0588854732388544,0.0,0.0,0,365.0,0.16666666666666666,1,0.1829278142743068,9.2506,12.671,3.0473,14.0,4.1583,13.0,10.22,14.565,5.16,14.5,2.565,-1.0875,15.425,168,0,REFT11C,25,48,-1,2,-2,-2,-2,-2,-2,-2,-2,3,-2,-3,2,2,1,-2,-2,2,-2,-2,1,2,-1,-2,-1,-1,3,-1,2,-2,219,21,3.0125,1.05,1.5,3.5,6.0,185,A1F66#####IJW0,judged,1577135221.2667825,A14Z1#####JEON,50,real
1.1441994342256387,0.12188122545031213,248.0,0.25,1,387.0,0.6666666666666666,4,1.1052170494915392,7.1574,6.1339999999999995,5.0513,7.0,4.1583,2.2333,10.22,11.525,5.16,15.0,2.565,-1.0875,14.8,152,0,REFT11C,15,-51,2,-1,2,3,1,-1,2,3,1,-2,2,3,1,1,-2,2,3,-2,2,-3,-2,-1,-3,2,2,2,-1,-1,-1,3,173,12,4.1475,1.09,1.99,5.5,8.01,234,A1JGZ#####YJ30,judged,1577135268.2862291,A1FAJ#####S6CX,50,real
0.3842982336128855,-0.6914970635503189,243.0,0.5,2,379.0,1.0,6,1.3829941271006378,9.6736,13.395,4.0838,14.0,4.1583,2.2333,30.0,11.525,3.4167,14.5,2.565,-1.0875,15.425,141,0,REFT11C,0,-7,-1,-2,2,1,1,-2,2,1,2,-2,2,-1,1,1,2,2,1,-1,1,1,2,2,1,1,2,-1,2,-2,2,1,174,10,4.645,1.09,1.99,5.5,10.0,220,A2P88#####27ZF,judged,1577135438.2956073,A2KDO#####8S8D,50,real
1.2137316295023657,1.0588854732388544,0.0,0.0,0,364.0,0.16666666666666666,1,0.1829278142743068,10.0276,11.892000000000001,6.2948,14.0,4.1583,2.2333,30.0,14.565,3.4167,15.0,2.565,-1.0875,15.425,98,0,REFT11C,50,35,-2,1,-2,1,3,-2,-3,-3,-3,-2,-2,-1,-3,3,3,-3,-2,-2,3,3,3,3,3,-1,-2,3,3,-2,3,-3,434,23,2.47,1.0499999999999998,1.3299999999999998,2.52,4.98,68,A3VZ5#####6NN8,judged,1577137739.9576454,A2QO8#####DXU2,50,real
0.4824547397462529,-0.3542521884522782,224.0,0.25,1,282.3333333333333,1.0,6,2.05748387729672,10.4248,10.872,8.4422,14.0,4.1583,13.0,30.0,14.565,5.16,15.0,2.565,-9.0,14.8,273,0,REFT11C,45,33,1,1,-1,-2,-2,-2,1,-3,-3,-1,-2,-1,-1,-1,1,-2,1,1,-1,2,2,1,1,-1,-2,-2,2,1,1,-2,265,27,2.925,1.0,1.2000000000000002,3.5,6.0,173,A1CRE#####JZ6V,judged,1577148193.4915967,A2XS5#####MG9N,50,real
0.7447665023958179,1.266671753738323,0.0,0.0,0,0.0,0.0,0,-0.2326447467246302,10.4248,10.872,8.4422,14.0,4.1583,13.0,30.0,14.565,5.16,15.0,2.565,-9.0,14.8,111,0,REFT11C,50,47,-3,3,-3,-3,-3,-3,-3,-2,-3,-1,2,-3,-3,2,3,-3,-3,1,-1,-1,1,1,2,-2,2,-2,1,-1,3,-3,615,13,4.395,1.08,1.5,5.0,10.0,334,A36GT#####HUL1,judged,1577148282.962345,A2S6J#####VW1R,50,real
0.7447665023958179,1.266671753738323,0.0,0.0,0,0.0,0.0,0,-0.2326447467246302,8.2939,9.004,5.7725,7.0,6.5,13.0,10.22,11.525,3.4167,15.0,2.565,-1.0875,14.8,94,0,REFT11C,100,-2,2,1,3,-2,1,-2,-2,2,-2,-2,1,2,-1,1,1,-2,-1,-1,1,1,-1,-1,1,1,1,-2,1,-2,2,1,131,12,2.415,1.08,1.6,2.0,4.98,50,A2VNS#####ZBAM,judged,1577148386.0310493,A1GMG#####0V7T,50,real
1.93799095924558,0.5751746901880039,0.0,0.0,0,340.3333333333333,0.5,3,1.150349380376008,10.2917,12.472000000000001,6.5898,7.0,4.1583,13.0,30.0,14.565,3.4167,14.5,2.565,-1.0875,14.8,120,0,REFT11C,20,15,-2,1,-2,-2,1,1,-1,1,-2,1,2,-1,-1,2,2,-1,-2,-1,1,1,1,2,-1,-1,2,1,-1,1,1,-2,85,17,2.595,1.02,1.38,3.0,4.98,50,A20X6#####ZGNZ,judged,1577149183.4300694,A1GV0#####2ORS,50,real
1.2554175313546805,0.33724487509804085,371.0,0.25,1,440.0,0.5,3,0.6744897501960817,10.9246,15.97,3.0963,14.0,4.1583,13.0,30.0,11.525,5.16,14.5,2.565,-1.0875,15.425,128,0,REFT11C,5,22,-3,-1,-3,2,-3,3,1,-2,3,3,3,-1,-1,2,3,2,1,-2,-3,1,3,3,-1,1,2,-3,3,3,3,-3,170,15,2.595,1.02,1.38,3.0,4.98,91,AX3EX#####9ZJ,judged,1577149487.7019439,ALZDJ#####919,50,real
0.6262834321863123,-0.4837107830508505,300.5,0.5,2,395.2,0.8333333333333334,5,0.9674215661017009,7.2199,8.644,2.6663,7.0,4.1583,2.2333,10.22,11.525,5.16,15.0,2.565,-1.0875,15.425,122,3,REFT11C,5,-23,2,1,3,3,3,2,2,1,-2,-3,2,2,1,2,1,2,2,-1,2,1,1,1,-1,-1,3,-2,-1,-1,1,1,342,8,4.635,1.05,1.99,5.5,10.0,64,A3URL#####4ARU,judged,1577150354.3684537,A1UY2#####CWN,50,real
1.2137316295023657,1.0588854732388544,0.0,0.0,0,368.0,0.16666666666666666,1,0.1829278142743068,6.5503,6.434,4.495,7.0,6.5,2.2333,10.22,11.525,5.16,14.5,2.565,-9.0,14.8,25,8,REFT11C,60,1,1,1,-1,-1,1,-1,-1,1,1,-1,1,2,-1,1,1,-2,-1,1,-1,1,-1,-2,2,1,-1,-1,1,-1,-1,2,68,16,2.99,1.08,1.38,3.5,6.0,13,A20IA#####F683,judged,1577150891.7407494,AZ62O#####EYR,50,real
1.1441994342256387,0.5526085247457696,353.0,0.25,1,158.5,0.3333333333333333,2,0.2437624509006241,8.4581,9.176,4.321000000000001,14.0,6.5,2.2333,10.22,14.565,5.16,15.0,2.565,-1.0875,15.425,26,6,REFT11C,45,-3,2,3,2,1,2,3,2,3,3,2,2,-1,3,3,2,1,3,2,2,3,3,3,2,3,3,2,2,3,2,3,135,13,4.3475,1.09,1.8,5.5,9.0,21,AOB5R#####ZPS,judged,1577151740.6072257,A41ZM#####BVC,50,real
1.2137316295023657,0.0914639071371534,0.0,0.0,0,280.2,0.8333333333333334,5,2.1177709464777092,10.0821,13.615,3.13,14.0,6.5,2.2333,30.0,11.525,5.16,14.5,2.565,-1.0875,15.425,105,0,REFT11C,50,27,-2,3,-2,-2,-3,-1,2,-2,-2,2,2,-3,-1,3,3,-2,1,-2,-1,2,2,-1,-1,2,2,-2,1,2,-2,-3,323,16,2.48,1.05,1.3299999999999998,4.5,3.04,105,A32JE#####3HDF,judged,1577151851.6862257,A27NB#####JS8Q,50,real
0.7862472003636766,-0.14646590795280967,395.0,0.25,1,233.8,0.8333333333333334,5,1.6419113162977828,11.4502,12.202,7.626,14.0,6.5,13.0,30.0,14.565,5.16,15.0,2.565,-1.0875,14.8,18,0,REFT11C,100,-4,2,2,1,-2,1,2,1,-1,2,2,1,1,2,2,-1,1,-1,1,2,1,2,-1,-1,1,-1,1,-1,1,-1,1,108,8,3.0125,1.05,1.5,3.5,6.0,17,A3E6Z#####K0RW,judged,1577152561.961081,A1PP1#####QA79,50,real
0.7447665023958179,1.266671753738323,0.0,0.0,0,0.0,0.0,0,-0.2326447467246302,11.2161,11.957,7.6922,14.0,4.1583,13.0,30.0,14.565,5.16,15.0,2.565,-1.0875,14.8,379,0,REFT11C,50,56,-2,3,-3,-3,-2,-3,-2,-3,-3,3,-2,-2,1,3,2,1,1,2,-3,2,3,3,2,-3,1,1,2,-2,3,-2,253,12,4.0725,1.08,1.71,4.5,9.0,204,A3K00#####92BJ,judged,1577153513.1252668,AWDVZ#####E7K,50,real
0.7447665023958179,1.266671753738323,0.0,0.0,0,0.0,0.0,0,-0.2326447467246302,9.357999999999999,9.682,8.1235,14.0,6.5,2.2333,30.0,14.565,3.4167,14.5,2.565,-9.0,14.8,40,5,REFT11C,25,5,1,-2,-3,-1,-3,-3,-3,-2,-3,-3,-3,-2,-3,-3,-3,1,-3,-3,-3,-2,-1,-3,-1,-2,-1,-2,-1,-2,-1,-1,48,8,2.8925,0.99,1.6,4.0,4.98,10,A38K4#####7TKB,judged,1577155284.7569783,A2XBT#####QXAY,50,real
