,ai_calls_acceptance_probability,ai_calls_best_offer_probability,ai_calls_count_repeated,ai_calls_offers,ai_calls_pauses,ai_nb_calls,ai_offer,cc_beta,cc_criterion,cc_false_alarm_avg_click_delay,cc_false_alarm_rate,cc_false_alarms,cc_hit_avg_click_delay,cc_hit_rate,cc_hits,cc_sensitivity,completion_code,cpc_expected_value,cpc_expected_value_max,cpc_expected_value_min,cpc_q1,cpc_q10,cpc_q2,cpc_q3,cpc_q4,cpc_q5,cpc_q6,cpc_q7,cpc_q8,cpc_q9,cpc_time_spent,exp_ultimatum_game_experience,feedback_accuracy,feedback_explanation,feedback_understanding,job_id,min_offer,model_type,offer,offer_dss,offer_final,prop_time_spent,prop_worker_id,ras_assertiveness,ras_q1,ras_q10,ras_q11,ras_q12,ras_q13,ras_q14,ras_q15,ras_q16,ras_q17,ras_q18,ras_q19,ras_q2,ras_q20,ras_q21,ras_q22,ras_q23,ras_q24,ras_q25,ras_q26,ras_q27,ras_q28,ras_q29,ras_q3,ras_q30,ras_q4,ras_q5,ras_q6,ras_q7,ras_q8,ras_q9,ras_time_spent,resp_rowid,resp_time_spent,resp_worker_id,risk_expected_value,risk_q1,risk_q2,risk_q3,risk_q4,risk_time_spent,timestamp,worker_id
0,0.089:0.1348:0.7155,0.0012:0.0327:0.8256,3,30:40:50,233:4:3,3,50,0.48245473974625286,-0.3542521884522782,193.0,0.25,1,330.6666666666667,1.0,6,2.0574838772967197,prop:sUJ7y,11.1661,13.097,6.4523,14.0,4.1583,13.0,30.0,14.565,5.16,14.5,2.565,-1.0875,14.8,82,0,80_percent,6,2,3PA41K45WQA509QNVQVW5D7U1XU7P9,45,real,50,50,50,25,A2GZ0#####6L3X,51,-2,-2,-1,-2,1,-3,-2,-1,-2,-1,-1,-2,1,2,2,-2,-2,3,-1,1,2,2,3,-2,-3,-3,2,2,3,-3,161,1,10,AQV46#####8WI,4.645,1.09,1.99,5.5,10.0,95,2019-12-06 03:20:18.269935,A2GZ0#####6L3X
1,0.7155:0.9091:0.9491:0.0675:0.1348:0.1491:0.7837,0.8256:0.0767:0.0563:0.0009:0.0327:0.0751:0.4112,8,50:70:90:10:40:45:60,34:8:12:9:4:46:5,7,50,0.7862472003636766,-0.14646590795280967,367.0,0.25,1,284.2,0.8333333333333334,5,1.6419113162977828,prop:FFbrH,11.2259,13.367,7.2735,14.0,6.5,13.0,30.0,14.565,3.4167,14.5,2.565,-1.0875,14.8,91,0,40_percent,2,7,3PA41K45WQA509QNVQVW5D7U1XU7P9,50,real,50,50,50,14,A1R5W#####ROD8,15,-2,1,2,1,-1,2,-1,-1,2,1,-1,1,1,-1,2,-2,1,2,2,1,2,2,-2,-2,-2,-2,1,-2,2,-2,196,2,4,A1OZR#####OZY5,1.8225,1.0499999999999998,1.2000000000000002,2.0,3.04,58,2019-12-06 03:40:26.248505,A1R5W#####ROD8
2,0.0822,0.0007,1,25,28,1,50,1.7663033243692394,0.7905383398357327,0.0,0.0,0,481.5,0.3333333333333333,2,0.7196220810805503,prop:0PT2G,10.4847,11.142,9.2635,14.0,6.5,13.0,30.0,14.565,3.4167,15.0,2.565,-9.0,14.8,76,0,40_percent,2,6,3PA41K45WQA509QNVQVW5D7U1XU7P9,50,real,25,50,50,15,AP4OD#####BNR,-41,2,-3,-1,3,3,3,3,2,-1,-3,3,2,-2,2,1,1,1,-2,2,-3,1,-1,-2,-1,2,1,2,-3,-1,2,169,4,7,A2S0M#####8DF,1.0,1.0,1.0,1.0,1.0,31,2019-12-06 03:53:02.880831,AP4OD#####BNR
3,0.7155,0.8256,1,50,8,1,50,0.7447665023958179,-0.1163223733623151,0.0,0.0,0,323.6666666666667,1.0,6,2.533343507476646,prop:KuwLZ,9.1979,11.58,3.6862,7.0,4.1583,2.2333,30.0,11.525,5.16,15.0,2.565,-1.0875,15.425,61,0,80_percent,5,4,3PA41K45WQA509QNVQVW5D7U1XU7P9,40,real,50,50,50,4,AGRKG#####MD8,-28,2,3,3,3,2,-2,-1,1,1,-2,2,1,-1,1,2,-1,2,-1,3,-3,-3,-1,1,1,1,2,2,-3,-2,1,106,3,7,A1OSE#####3NFB,4.17,1.08,1.6,5.0,9.0,42,2019-12-06 03:53:21.438615,AGRKG#####MD8
4,0.7155,0.8256,1,50,50,1,50,0.7447665023958179,1.266671753738323,0.0,0.0,0,0.0,0.0,0,-0.2326447467246302,prop:3SIfq,8.1791,8.744,4.6388,7.0,4.1583,13.0,10.22,11.525,5.16,15.0,2.015,-1.0875,14.8,55,100,60_percent,4,5,3PA41K45WQA509QNVQVW5D7U1XU7P9,50,real,50,50,50,18,A2DFS#####2HDC,67,-3,3,-3,-3,-3,-3,-3,-3,-3,3,3,-3,-2,3,3,-3,-3,3,-3,3,3,-1,3,-3,3,-3,3,1,3,-3,96,5,9,AV5FC#####SKR,4.645,1.09,1.99,5.5,10.0,44,2019-12-06 04:01:16.598443,A2DFS#####2HDC
5,0.9263,0.0297,1,75,22,1,50,0.7447665023958179,-0.1163223733623151,0.0,0.0,0,339.8333333333333,1.0,6,2.533343507476646,prop:ibdPz,8.1841,9.874,3.7112,7.0,4.1583,13.0,10.22,11.525,5.16,14.5,2.565,-1.0875,14.8,96,0,100_percent,7,7,3PA41K45WQA509QNVQVW5D7U1XU7P9,50,real,75,60,60,15,A10SQ#####1XVY,-24,1,-3,3,3,3,-3,-2,3,1,-1,2,3,1,1,-1,1,1,-2,3,-1,2,1,-1,3,-1,-1,2,-2,1,1,214,6,11,A2T1J#####QHH9,4.645,1.09,1.99,5.5,10.0,74,2019-12-06 04:03:54.157355,A10SQ#####1XVY
6,0.7155:0.1491,0.8256:0.0751,3,50:45,66:8,2,50,1.1441994342256387,0.5526085247457696,118.0,0.25,1,19.0,0.3333333333333333,2,0.24376245090062415,prop:ohbMH,6.9906,8.679,3.2413,7.0,4.1583,2.2333,10.22,11.525,3.4167,15.0,2.015,-1.0875,15.425,19,1,80_percent,2,6,3PA41K45WQA509QNVQVW5D7U1XU7P9,40,real,50,50,50,10,A2IKZ#####PJXO,72,-3,1,-3,-3,1,-3,-3,-3,-3,3,-1,-3,-3,3,1,-3,-3,3,-3,3,3,3,3,-3,-3,-3,2,2,3,-3,64,7,9,A2E3T#####Q9XU,4.645,1.09,1.99,5.5,10.0,59,2019-12-06 04:07:35.631170,A2IKZ#####PJXO
7,,,0,,,0,50,0.7447665023958179,1.266671753738323,0.0,0.0,0,0.0,0.0,0,-0.2326447467246302,prop:zhknU,7.2172,6.404,5.8725,7.0,6.5,2.2333,10.22,11.525,3.4167,15.0,2.565,-1.0875,14.8,44,1,40_percent,5,6,3PA41K45WQA509QNVQVW5D7U1XU7P9,50,real,50,50,50,61,A3NOA#####8MYM,76,-3,2,-3,-3,-3,-3,-3,-3,-3,2,2,-3,2,3,3,-3,-3,2,-3,3,2,3,2,-3,-3,-3,2,2,2,-3,79,8,9,A3QCK#####AAVE,1.7375,1.05,1.3299999999999998,1.53,3.04,36,2019-12-06 04:08:51.497231,A3NOA#####8MYM
8,0.0775,0.0007,1,20,23,1,50,0.7447665023958179,1.266671753738323,0.0,0.0,0,0.0,0.0,0,-0.2326447467246302,prop:U3dqv,10.5161,11.307,6.9422,7.0,4.1583,13.0,30.0,14.565,5.16,15.0,2.565,-1.0875,14.8,99,2,40_percent,1,5,3PA41K45WQA509QNVQVW5D7U1XU7P9,35,real,20,25,25,14,A19V3#####WL77,26,-2,-2,1,-2,2,-2,-2,3,-3,2,2,2,2,-2,1,-1,2,1,-2,1,1,3,2,-2,-2,-3,1,2,3,-2,115,12,9,A2IMA#####8170,4.645,1.09,1.99,5.5,10.0,50,2019-12-06 04:09:54.273220,A19V3#####WL77
9,,,0,,,0,50,0.48245473974625286,1.0287419386483598,231.0,0.25,1,0.0,0.0,0,-0.7085043769045564,prop:KH5Kw,10.609,12.257,7.136,14.0,6.5,13.0,30.0,14.565,5.16,14.5,2.565,-9.0,14.8,26,3,40_percent,1,7,3PA41K45WQA509QNVQVW5D7U1XU7P9,60,real,50,60,60,30,A1K61#####ZUML,2,2,1,2,3,2,1,2,-2,2,3,2,3,1,2,-1,-2,2,3,-1,2,3,2,2,-1,3,2,1,2,3,2,87,11,60,A2V68#####OWI1,3.5975,1.09,1.8,4.5,7.0,21,2019-12-06 04:09:56.844995,A1K61#####ZUML
10,0.7155,0.8256,1,50,37,1,50,1.7663033243692394,0.7905383398357327,0.0,0.0,0,395.5,0.3333333333333333,2,0.7196220810805503,prop:7vzUZ,10.1621,12.81,4.7312,7.0,4.1583,13.0,30.0,11.525,5.16,14.5,2.565,-1.0875,14.8,86,1,80_percent,4,5,3PA41K45WQA509QNVQVW5D7U1XU7P9,20,real,50,50,50,17,A173A#####AX9F,-28,-1,-2,2,3,3,2,2,1,1,-1,1,2,1,1,1,2,2,-1,3,-1,-1,2,-2,2,1,1,2,-2,1,-1,110,9,5,A31J3#####PIMW,3.72,1.08,1.8,5.0,7.0,35,2019-12-06 04:10:07.804075,A173A#####AX9F
11,0.7155:0.7837:0.8914:0.7255,0.8256:0.4112:0.081:0.2156,8,50:60:65:55,45:28:10:6,4,50,0.7862472003636766,-0.14646590795280967,309.0,0.25,1,308.2,0.8333333333333334,5,1.6419113162977828,prop:DJYsg,9.6198,11.372,6.1398,7.0,4.1583,13.0,30.0,14.565,5.16,14.5,2.015,-9.0,14.8,84,1,80_percent,4,4,3PA41K45WQA509QNVQVW5D7U1XU7P9,50,real,50,60,60,27,API17#####J7Z,21,-2,1,1,1,2,-3,2,-2,-3,1,1,-1,1,3,3,-1,2,-1,2,1,2,2,-1,-1,2,-1,2,2,1,-3,120,10,12,A21XQ#####HL4A,1.51,1.0,1.0,1.0,3.04,18,2019-12-06 04:11:05.146366,API17#####J7Z
12,0.089,0.0012,1,30,29,1,50,1.9379909592455802,0.5751746901880039,0.0,0.0,0,365.6666666666667,0.5,3,1.1503493803760079,prop:kjPSE,10.609,12.257,7.136,14.0,6.5,13.0,30.0,14.565,5.16,14.5,2.565,-9.0,14.8,58,0,80_percent,2,5,3PA41K45WQA509QNVQVW5D7U1XU7P9,50,real,30,50,50,10,A1NQB#####RGG6,-8,1,-3,2,-1,1,1,-1,1,-2,1,-2,3,-1,1,-1,-3,1,-1,1,-1,-1,-1,1,1,1,-3,1,-3,-1,-2,69,13,7,A2YQ3#####COL1,1.0,1.0,1.0,1.0,1.0,18,2019-12-06 04:12:33.276269,A1NQB#####RGG6
13,0.0822:0.089:0.7155:0.1348,0.0007:0.0012:0.8256:0.0327,4,25:30:50:40,34:9:4:6,4,50,0.7447665023958179,-0.1163223733623151,0.0,0.0,0,395.1666666666667,1.0,6,2.533343507476646,prop:exugE,9.7248,10.222,7.6922,7.0,4.1583,13.0,30.0,14.565,5.16,15.0,2.565,-9.0,14.8,89,0,40_percent,7,1,3PA41K45WQA509QNVQVW5D7U1XU7P9,40,real,25,25,25,15,ARB80#####Q5O,-46,1,-3,3,3,3,-1,2,2,-2,-3,-1,2,-2,-2,-2,2,2,-2,1,-3,-1,-2,-2,1,2,2,2,-2,-1,1,153,18,6,A1R8A#####N7RH,2.85,1.02,1.38,3.0,6.0,51,2019-12-06 04:13:27.858915,ARB80#####Q5O
14,0.1348,0.0327,1,40,48,1,50,0.7447665023958179,1.266671753738323,0.0,0.0,0,0.0,0.0,0,-0.2326447467246302,prop:Tz0ts,10.7215,13.627,5.991,14.0,6.5,13.0,30.0,14.565,5.16,15.0,2.565,-9.0,15.425,119,0,60_percent,4,5,3PA41K45WQA509QNVQVW5D7U1XU7P9,50,real,40,35,35,25,A1ZCP#####MAHN,2,1,-2,-2,-2,-2,1,-1,-2,-2,-2,3,1,-2,2,-2,-2,1,-2,-2,-2,-2,1,-1,1,-1,-3,-2,1,2,-2,168,16,12,ALYR5#####2JC,4.645,1.09,1.99,5.5,10.0,32,2019-12-06 04:13:30.808944,A1ZCP#####MAHN
15,0.7255:0.0675:0.1491:0.8914:0.7155:0.0701,0.2156:0.0009:0.0751:0.081:0.8256:0.0008,6,55:10:45:65:50:15,34:11:7:33:6:16,6,50,0.48245473974625286,-1.0287419386483598,253.33333333333334,0.75,3,224.83333333333334,1.0,6,0.7085043769045564,prop:BRCh1,9.909,11.607,6.386,7.0,6.5,13.0,30.0,14.565,5.16,14.5,2.565,-9.0,14.8,100,1,60_percent,4,5,3PA41K45WQA509QNVQVW5D7U1XU7P9,50,real,50,45,45,20,A30KT#####5L9S,41,2,3,-3,-3,-2,-3,-2,-2,-3,-1,1,-2,3,3,2,-1,1,2,1,-3,1,3,1,-2,-2,-2,1,1,1,-2,165,17,12,A2S5G#####4S7T,3.0125,1.05,1.5,3.5,6.0,30,2019-12-06 04:13:58.925339,A30KT#####5L9S
16,,,0,,,0,50,0.6262834321863123,-0.4837107830508505,134.5,0.5,2,340.2,0.8333333333333334,5,0.967421566101701,prop:Avh3c,10.4248,10.872,8.4422,14.0,4.1583,13.0,30.0,14.565,5.16,15.0,2.565,-9.0,14.8,65,0,no_clue,4,4,3PA41K45WQA509QNVQVW5D7U1XU7P9,5,real,25,25,25,26,A27CZ#####2LTT,-7,1,-1,-1,-2,-1,-2,1,-2,-1,2,-1,-1,-2,1,1,-1,2,-3,1,-2,-3,1,-3,1,1,-1,-1,-3,-2,-2,78,14,12,A265Z#####2TGT,2.875,1.0,1.0,3.5,6.0,41,2019-12-06 04:14:00.958316,A27CZ#####2LTT
17,0.1348:0.0997,0.0327:0.0193,2,40:35,23:20,2,50,1.7663033243692394,0.35981104054027524,0.0,0.0,0,321.0,0.6666666666666666,4,1.5810766796714653,prop:TfUMx,10.4847,11.142,9.2635,14.0,6.5,13.0,30.0,14.565,3.4167,15.0,2.565,-9.0,14.8,68,0,40_percent,5,4,3PA41K45WQA509QNVQVW5D7U1XU7P9,55,real,20,35,35,14,A7HAW#####1M4,-40,3,2,3,-3,-3,-3,3,3,3,-3,-3,3,-3,-3,-3,3,3,-3,3,3,-1,-3,-3,-3,3,2,3,-3,-3,3,118,23,8,A1NV5#####LC92,4.375,1.0,1.0,5.5,10.0,19,2019-12-06 04:14:23.649313,A7HAW#####1M4
18,,,0,,,0,50,1.9379909592455802,0.5751746901880039,0.0,0.0,0,349.3333333333333,0.5,3,1.1503493803760079,prop:8MPvz,9.4833,13.095,4.3362,7.0,4.1583,13.0,30.0,11.525,5.16,15.0,2.565,-9.0,15.425,30,0,80_percent,6,5,3PA41K45WQA509QNVQVW5D7U1XU7P9,25,real,50,50,50,12,A1S88#####8CNC,38,-3,-1,3,-3,3,-3,-3,3,-3,-3,-3,3,3,3,3,3,-3,3,3,3,3,3,3,-3,-3,-3,3,-3,3,-3,105,20,12,A3SCN#####12HR,3.2825,1.05,1.6,5.5,4.98,27,2019-12-06 04:14:34.821156,A1S88#####8CNC
19,0.7155,0.8256,1,50,47,1,50,0.7447665023958179,-0.1163223733623151,0.0,0.0,0,381.0,1.0,6,2.533343507476646,prop:TilTK,11.4627,15.852,4.001,14.0,6.5,13.0,30.0,14.565,5.16,14.5,2.565,-1.0875,15.425,93,0,80_percent,4,5,3PA41K45WQA509QNVQVW5D7U1XU7P9,20,real,50,50,50,15,A4DWW#####07K,-32,1,-2,2,3,2,-1,2,-1,-2,-2,1,1,-1,-2,-2,1,2,-2,2,-2,-2,-2,-3,2,1,-2,1,2,-2,-1,174,22,9,A3JWP#####COBP,4.645,1.09,1.99,5.5,10.0,143,2019-12-06 04:15:04.488615,A4DWW#####07K
20,0.7155,0.8256,2,50,29,1,50,0.38429823361288545,-0.691497063550319,201.5,0.5,2,315.1666666666667,1.0,6,1.382994127100638,prop:Tzn2m,8.7723,8.616,5.856,7.0,6.5,13.0,10.22,14.565,5.16,15.0,2.565,-1.0875,14.8,20,0,60_percent,3,5,3PA41K45WQA509QNVQVW5D7U1XU7P9,40,real,50,50,50,11,A13WY#####6ODX,-74,-2,-3,3,3,3,3,3,3,3,-3,3,-2,-3,-3,-2,3,3,-3,2,-2,-1,-2,-3,3,3,3,-3,-3,-3,3,149,24,13,A2WF2#####7OHV,1.8675,1.0499999999999998,1.38,2.0,3.04,17,2019-12-06 04:15:18.492787,A13WY#####6ODX
21,0.7155:0.089:0.9091:0.7837,0.8256:0.0012:0.0767:0.4112,6,50:30:70:60,58:9:8:10,4,50,0.7447665023958179,1.266671753738323,0.0,0.0,0,0.0,0.0,0,-0.2326447467246302,prop:2apME,11.2786,14.467,5.3073,14.0,4.1583,13.0,30.0,14.565,5.16,15.0,2.565,-1.0875,15.425,106,0,40_percent,6,4,3PA41K45WQA509QNVQVW5D7U1XU7P9,40,real,50,50,50,16,A32ZG#####9AN3,51,-2,2,-2,2,-2,-3,-3,-3,-3,-2,-2,-2,-2,2,3,-3,-3,3,-3,3,3,2,3,-2,-2,-3,1,-2,2,3,185,21,5,AJ9I2#####IS8,2.2225,1.0499999999999998,1.3299999999999998,2.52,3.9899999999999998,70,2019-12-06 04:15:42.982237,A32ZG#####9AN3
22,0.7155,0.8256,1,50,152,1,50,0.48245473974625286,-0.3542521884522782,470.0,0.25,1,391.5,1.0,6,2.0574838772967197,prop:GlTlj,10.1208,11.235,7.4712,14.0,4.1583,13.0,30.0,11.525,5.16,15.0,2.565,-9.0,14.8,121,50,80_percent,4,4,3PA41K45WQA509QNVQVW5D7U1XU7P9,25,real,50,50,50,21,A1SRX#####C3TD,-53,3,-2,2,3,3,2,2,2,2,-2,3,3,-1,1,-2,1,2,-2,2,-2,-1,-2,-2,2,2,-1,1,-2,-2,2,119,15,17,AAURS#####SXC,2.595,1.02,1.38,3.0,4.98,39,2019-12-06 04:15:45.230210,A1SRX#####C3TD
23,0.0623,0.001,1,5,31,1,50,0.7447665023958179,-0.1163223733623151,0.0,0.0,0,310.6666666666667,1.0,6,2.533343507476646,prop:Gmxvq,10.5236,13.827,4.2448,7.0,4.1583,13.0,30.0,14.565,5.16,15.0,2.015,-1.0875,15.425,97,0,40_percent,2,4,3PA41K45WQA509QNVQVW5D7U1XU7P9,5,real,50,50,50,13,A23HA#####ADUC,-14,2,-3,3,-2,-2,-1,1,-2,2,-1,3,3,-3,1,-1,-2,-1,-3,1,-3,1,-1,-2,-2,2,-1,2,2,2,1,175,27,23,AZ5ZY#####XDL,2.175,0.9900000000000001,1.2000000000000002,2.52,3.9899999999999998,29,2019-12-06 04:16:04.747433,A23HA#####ADUC
24,0.7255:0.9321:0.0623:0.0675:0.0775:0.9091:0.8914:0.7837:0.7155:0.1491,0.2156:0.0547:0.001:0.0009:0.0007:0.0767:0.081:0.4112:0.8256:0.0751,25,55:80:5:10:20:70:65:60:50:45,68:8:3:3:2:3:11:4:5:4,10,50,0.7447665023958179,-0.1163223733623151,0.0,0.0,0,284.8333333333333,1.0,6,2.533343507476646,prop:3ulpA,8.2838,9.201,5.2085,14.0,6.5,2.2333,10.22,14.565,3.4167,15.0,2.565,-1.0875,15.425,23,1,20_percent,1,7,3PA41K45WQA509QNVQVW5D7U1XU7P9,50,real,55,65,65,42,A3EPB#####RHVY,8,-2,-1,1,-1,-1,1,-1,-2,1,-1,-1,-2,-1,1,1,-1,-1,-2,-2,-1,-1,-1,-1,-2,1,-1,-1,1,1,-1,65,19,10,A182N#####SCZG,2.85,1.02,1.38,3.0,6.0,11,2019-12-06 04:16:07.861984,A3EPB#####RHVY
25,0.0068:0.0623:0.0675:0.089:0.7155:0.1348,0.0479:0.001:0.0009:0.0012:0.8256:0.0327,6,0:5:10:30:50:40,32:6:1:2:2:2,6,50,0.7447665023958179,-0.1163223733623151,0.0,0.0,0,419.5,1.0,6,2.533343507476646,prop:0EFaT,9.6061,9.755,7.3962,14.0,4.1583,2.2333,30.0,11.525,3.4167,15.0,2.015,-1.0875,14.8,34,0,no_clue,2,1,3PA41K45WQA509QNVQVW5D7U1XU7P9,45,real,5,5,5,16,A3CXK#####U27V,-27,2,1,-2,1,3,-2,1,2,-3,-3,2,1,-1,2,-2,1,1,-3,1,-1,1,-1,-2,1,3,1,-2,-3,1,1,162,28,15,A1NWX#####0M8U,2.5175,1.08,1.5,3.5,3.9899999999999998,64,2019-12-06 04:16:35.894822,A3CXK#####U27V
26,0.7155,0.8256,1,50,34,1,50,0.7447665023958179,-0.1163223733623151,0.0,0.0,0,342.1666666666667,1.0,6,2.533343507476646,prop:kBMQB,9.4107,10.782,6.1572,14.0,4.1583,2.2333,30.0,14.565,5.16,15.0,2.565,-9.0,15.425,123,0,80_percent,3,6,3PA41K45WQA509QNVQVW5D7U1XU7P9,25,real,50,50,50,9,A16HS#####7QA7,14,-1,2,-2,3,-2,1,1,-1,1,-3,1,-1,1,2,1,2,2,1,1,3,2,2,1,-3,2,1,2,1,3,-1,125,25,15,AV2JA#####AJM,1.9825,1.04,1.3299999999999998,2.52,3.04,120,2019-12-06 04:16:49.705420,A16HS#####7QA7
27,0.1348:0.0623:0.9491:0.7837:0.7255:0.7155:0.1491,0.0327:0.001:0.0563:0.4112:0.2156:0.8256:0.0751,9,40:5:90:60:55:50:45,37:10:2:3:2:2:2,7,50,1.1441994342256387,0.12188122545031213,131.0,0.25,1,320.0,0.6666666666666666,4,1.1052170494915392,prop:aMeXu,9.854,11.617,6.0735,7.0,6.5,13.0,30.0,14.565,5.16,14.5,2.015,-9.0,14.8,82,0,40_percent,5,5,3PA41K45WQA509QNVQVW5D7U1XU7P9,50,real,45,50,50,23,A2GW9#####VO32,14,-2,2,-1,-1,-2,-1,-1,-1,-1,-1,-2,-2,-1,2,-1,-1,-2,-2,1,-2,-2,1,-2,1,-1,-1,1,-1,2,-1,146,29,7,A1NLD#####2CX,4.52,1.09,1.99,5.0,10.0,58,2019-12-06 04:16:54.676482,A2GW9#####VO32
28,0.0822,0.0007,1,25,34,1,50,1.9379909592455802,0.5751746901880039,0.0,0.0,0,421.3333333333333,0.5,3,1.1503493803760079,prop:TuOBF,9.9151,10.522,7.4397,14.0,4.1583,2.2333,30.0,14.565,3.4167,14.5,2.565,-1.0875,14.8,70,0,40_percent,1,7,3PA41K45WQA509QNVQVW5D7U1XU7P9,40,real,20,0,0,14,A1DJ4#####H3T,-13,1,1,2,3,2,-1,-1,1,-1,-2,2,-3,-2,2,2,1,-1,-2,1,-3,-1,-1,-2,2,3,-1,1,1,1,-2,120,31,18,A38C2#####2LTS,3.7675,1.05,1.5,2.52,10.0,139,2019-12-06 04:17:05.537061,A1DJ4#####H3T
29,1.0,0.0254,1,100,29,1,50,1.1441994342256387,-0.12188122545031208,209.0,0.75,3,259.5,0.3333333333333333,2,-1.1052170494915392,prop:Iyiur,9.2651,8.732,7.9298,7.0,4.1583,2.2333,30.0,14.565,3.4167,15.0,2.565,-1.0875,14.8,50,0,60_percent,5,5,3PA41K45WQA509QNVQVW5D7U1XU7P9,50,real,100,100,100,16,A1O4W#####6HY0,-3,1,1,2,1,2,1,1,1,1,2,2,2,2,2,1,-2,1,-1,-1,-1,1,-1,1,-1,1,1,2,2,1,2,71,33,12,A1N53#####CR7Q,2.2225,1.0499999999999998,1.3299999999999998,2.52,3.9899999999999998,25,2019-12-06 04:17:09.006058,A1O4W#####6HY0
30,0.7155:0.7837,0.8256:0.4112,3,50:60,95:22,2,50,0.7447665023958179,1.266671753738323,0.0,0.0,0,0.0,0.0,0,-0.2326447467246302,prop:veh9i,9.5948,12.167,4.851,14.0,6.5,2.2333,30.0,14.565,5.16,14.5,2.565,-9.0,15.425,202,0,60_percent,6,5,3PA41K45WQA509QNVQVW5D7U1XU7P9,40,real,50,50,50,50,AA3I6#####96P,12,2,3,-3,-3,3,1,-1,-3,-3,1,3,-3,-1,2,-2,-2,2,-3,-2,1,-1,2,-2,-2,2,-1,2,-2,-1,-3,200,32,15,AV76C#####6U,2.2225,1.0499999999999998,1.3299999999999998,2.52,3.9899999999999998,91,2019-12-06 04:18:24.546577,AA3I6#####96P
31,0.0997:0.1348:0.7155:0.7255:0.7837:0.9263,0.0193:0.0327:0.8256:0.2156:0.4112:0.0297,8,35:40:50:55:60:75,130:9:4:10:5:11,6,50,1.2137316295023657,1.0588854732388544,0.0,0.0,0,398.0,0.16666666666666666,1,0.18292781427430682,prop:pQTm4,10.8002,14.855,5.2238,14.0,4.1583,13.0,30.0,11.525,3.4167,15.0,2.565,-1.0875,15.425,130,0,40_percent,5,4,3PA41K45WQA509QNVQVW5D7U1XU7P9,25,real,40,40,40,68,A2637#####Q58H,-23,3,-3,1,2,3,-2,1,-2,1,-3,1,1,-3,1,3,2,3,-2,-3,2,1,-1,1,1,2,-3,-3,-3,-1,1,198,26,11,A2TI9#####47MZ,2.59,1.0499999999999998,1.3299999999999998,3.0,4.98,90,2019-12-06 04:18:48.752498,A2637#####Q58H
32,0.9491:0.9602:1.0,0.0563:0.1672:0.0254,3,90:95:100,38:10:2,3,50,0.7447665023958179,-0.1163223733623151,0.0,0.0,0,348.8333333333333,1.0,6,2.533343507476646,prop:qBymK,10.4175,13.99,5.02,14.0,6.5,13.0,30.0,11.525,5.16,15.0,2.565,-9.0,15.425,148,0,80_percent,6,5,3PA41K45WQA509QNVQVW5D7U1XU7P9,50,real,60,100,100,11,A1RKH#####6ZPK,-53,2,-2,3,3,3,-1,2,3,2,-3,3,1,1,-3,-1,2,3,-3,3,-3,-3,-3,-3,3,2,1,2,-3,3,-3,169,35,8,A1P63#####GF5E,3.295,1.08,1.6,3.5,7.0,149,2019-12-06 04:18:53.966396,A1RKH#####6ZPK
33,0.7155:0.7837:0.7255,0.8256:0.4112:0.2156,4,50:60:55,138:20:6,3,50,0.6262834321863123,-0.4837107830508505,376.0,0.5,2,397.8,0.8333333333333334,5,0.967421566101701,prop:UQr36,11.0417,11.982,8.5798,14.0,4.1583,13.0,30.0,14.565,3.4167,15.0,2.565,-1.0875,14.8,37,1,80_percent,6,2,3PA41K45WQA509QNVQVW5D7U1XU7P9,50,real,50,50,50,29,A19OE#####NCD1,24,-1,1,-2,-3,-3,-1,-2,-2,-3,-3,-1,-2,-1,-1,-1,-2,-2,-1,-2,1,-1,-1,2,-2,-2,-2,-2,-1,-1,-1,57,30,13,AO2A1#####0KB,1.245,1.0,1.0,1.0,1.9800000000000002,25,2019-12-06 04:19:06.141096,A19OE#####NCD1
34,0.089:0.1348:0.7155,0.0012:0.0327:0.8256,3,30:40:50,78:15:6,3,50,1.2554175313546803,0.33724487509804085,243.0,0.25,1,226.66666666666666,0.5,3,0.6744897501960817,prop:X0ItN,9.1479,12.72,2.4463,7.0,4.1583,2.2333,30.0,11.525,5.16,14.5,2.565,-1.0875,15.425,25,0,100_percent,1,7,3PA41K45WQA509QNVQVW5D7U1XU7P9,50,real,50,50,50,38,A1M3S#####JDAH,-3,2,-1,-1,-1,-1,-1,-1,1,2,2,2,1,1,1,-1,2,1,-1,-1,-1,1,1,2,1,-1,-1,-1,-1,-2,-1,135,34,20,AA116#####DS8,2.2225,1.0499999999999998,1.3299999999999998,2.52,3.9899999999999998,25,2019-12-06 04:19:09.324390,A1M3S#####JDAH
35,0.0701,0.0008,1,15,26,1,50,1.1441994342256387,-0.5526085247457696,168.33333333333334,0.75,3,207.75,0.6666666666666666,4,-0.24376245090062426,prop:yVMgv,10.3861,13.252,4.101,14.0,6.5,2.2333,30.0,14.565,5.16,14.5,2.565,-1.0875,15.425,79,0,20_percent,6,3,3PA41K45WQA509QNVQVW5D7U1XU7P9,40,real,15,25,25,9,A2CB7#####6VVN,15,-2,2,-1,-2,-1,-1,-1,-2,-1,-1,1,-3,-1,1,1,-1,-1,-1,1,1,1,-1,-1,1,-1,1,-1,1,-1,-2,126,36,18,A1N8T#####92QR,2.09,1.04,1.3299999999999998,2.0,3.9899999999999998,40,2019-12-06 04:19:41.898763,A2CB7#####6VVN
36,0.0822,0.0007,1,25,22,1,50,0.9114094758506123,-0.21536364964772872,355.5,0.5,2,384.5,0.6666666666666666,4,0.43072729929545744,prop:1TiZC,9.9715,14.117,4.001,7.0,6.5,13.0,30.0,14.565,5.16,14.5,2.565,-9.0,15.425,217,1,40_percent,2,5,3PA41K45WQA509QNVQVW5D7U1XU7P9,5,real,10,30,30,11,A133Q#####GS3I,-21,2,-1,-2,-1,2,1,2,1,-3,-3,1,-2,1,1,-1,3,2,-1,1,-3,-1,1,-2,-1,3,-1,-1,-3,1,1,148,42,7,A3DNY#####1FQF,2.6025,1.0499999999999998,1.38,3.0,4.98,124,2019-12-06 04:19:46.544562,A133Q#####GS3I
37,0.0623:0.9602,0.001:0.1672,2,5:95,33:10,2,50,1.1441994342256387,0.5526085247457696,261.0,0.25,1,315.0,0.3333333333333333,2,0.24376245090062415,prop:jJW6s,7.4739,9.421,2.3973,7.0,4.1583,2.2333,10.22,14.565,5.16,14.5,2.565,-1.0875,15.425,45,0,80_percent,6,5,3PA41K45WQA509QNVQVW5D7U1XU7P9,50,real,5,15,15,24,A27VI#####7EID,41,-3,3,-3,-3,-3,-3,3,-3,-3,3,3,-3,1,1,3,-3,3,-1,-3,3,3,1,1,-1,3,2,3,-3,3,-3,212,39,13,A2WJM#####QG3Z,1.0,1.0,1.0,1.0,1.0,27,2019-12-06 04:20:01.030659,A27VI#####7EID
38,0.0775,0.0007,1,20,37,1,50,0.7862472003636766,0.8209556581488914,286.0,0.25,1,273.0,0.16666666666666666,1,-0.29293181590561934,prop:XjFjl,9.9715,14.117,4.001,7.0,6.5,13.0,30.0,14.565,5.16,14.5,2.565,-9.0,15.425,111,10,80_percent,3,5,3PA41K45WQA509QNVQVW5D7U1XU7P9,40,real,20,25,25,11,A3DRY#####UDK,-55,3,-1,3,3,3,2,3,2,3,-3,3,2,2,-2,-3,3,-3,-2,3,-3,-2,-1,-2,3,2,3,-1,1,2,2,164,37,11,A1618#####5OJV,1.3775,1.0,1.0,1.53,1.9800000000000002,37,2019-12-06 04:20:17.727461,A3DRY#####UDK
39,0.7155,0.8256,1,50,21,1,50,1.1441994342256387,0.12188122545031213,332.0,0.25,1,361.75,0.6666666666666666,4,1.1052170494915392,prop:1ahGZ,10.7215,13.627,5.991,14.0,6.5,13.0,30.0,14.565,5.16,15.0,2.565,-9.0,15.425,116,25,60_percent,3,6,3PA41K45WQA509QNVQVW5D7U1XU7P9,20,real,50,50,50,9,A3FYR#####AN5B,-55,2,1,3,3,1,3,3,1,3,-3,2,3,1,-2,-2,3,3,-2,1,-3,-3,-1,-1,3,3,1,1,-3,2,2,131,44,13,A224B#####MZSN,2.6025,1.05,1.38,3.0,4.98,93,2019-12-06 04:21:20.661309,A3FYR#####AN5B
40,0.7155,0.8256,1,50,98,1,50,1.9379909592455802,0.5751746901880039,0.0,0.0,0,371.0,0.5,3,1.1503493803760079,prop:TYVvX,11.2161,11.957,7.6922,14.0,4.1583,13.0,30.0,14.565,5.16,15.0,2.565,-1.0875,14.8,123,1,80_percent,3,5,3PA41K45WQA509QNVQVW5D7U1XU7P9,50,real,50,55,55,14,A1SMY#####WB29,5,1,1,-2,1,1,-1,1,1,-2,-3,2,1,-2,1,2,-2,1,1,1,2,1,1,-2,-1,2,-2,2,-1,2,-2,165,41,18,A3AD8#####C20E,2.875,1.0,1.0,3.5,6.0,108,2019-12-06 04:21:33.802766,A1SMY#####WB29
41,0.7155:0.0822,0.8256:0.0007,3,50:25,72:34,2,50,1.2554175313546803,0.33724487509804085,317.0,0.25,1,444.3333333333333,0.5,3,0.6744897501960817,prop:kYpZt,10.9746,14.83,4.3362,14.0,4.1583,13.0,30.0,11.525,5.16,15.0,2.565,-1.0875,15.425,100,0,no_clue,6,5,3PA41K45WQA509QNVQVW5D7U1XU7P9,50,real,50,50,50,17,A1CUK#####W1DY,-5,-2,3,2,-3,-3,-2,2,-2,-2,-1,-1,-2,-3,3,2,3,-1,-3,2,-3,-3,2,-3,-3,3,1,-3,-1,-1,2,158,40,13,A1XAF#####H6S5,2.34,1.0499999999999998,1.3299999999999998,2.0,4.98,56,2019-12-06 04:21:34.704636,A1CUK#####W1DY
42,0.7837,0.4112,1,60,30,1,50,0.7447665023958179,1.266671753738323,0.0,0.0,0,0.0,0.0,0,-0.2326447467246302,prop:mLbqq,11.2161,11.957,7.6922,14.0,4.1583,13.0,30.0,14.565,5.16,15.0,2.565,-1.0875,14.8,49,1,60_percent,2,6,3PA41K45WQA509QNVQVW5D7U1XU7P9,45,real,5,50,50,13,A2180#####XVEW,-13,2,-2,-2,2,2,2,2,-2,-2,-2,-2,2,2,2,2,2,-2,-2,-2,2,-2,-2,2,3,2,2,-2,-2,2,2,150,45,9,AE2QW#####JAN,3.42,1.08,1.6,4.0,7.0,26,2019-12-06 04:22:06.530298,A2180#####XVEW
43,0.9434:0.0623:0.0675:0.7255:0.7155:0.1491,0.0329:0.001:0.0009:0.2156:0.8256:0.0751,7,85:5:10:55:50:45,163:6:3:4:6:4,6,50,1.2137316295023657,1.0588854732388544,0.0,0.0,0,263.0,0.16666666666666666,1,0.18292781427430682,prop:ulRDx,8.1791,8.744,4.6388,7.0,4.1583,13.0,10.22,11.525,5.16,15.0,2.015,-1.0875,14.8,97,0,80_percent,2,6,3PA41K45WQA509QNVQVW5D7U1XU7P9,50,real,50,50,50,9,A39TK#####LGK3,14,-1,2,-2,-2,-2,-2,2,-2,-2,-2,2,-3,1,1,1,1,2,2,-2,1,1,1,1,1,2,1,1,-3,-2,-2,179,38,13,A233H#####FSNY,2.6025,1.05,1.38,3.0,4.98,97,2019-12-06 04:22:23.279381,A39TK#####LGK3
44,0.7255,0.2156,1,55,141,1,50,1.2137316295023657,0.09146390713715341,0.0,0.0,0,327.2,0.8333333333333334,5,2.117770946477709,prop:ogH6n,10.3748,12.012,7.2023,14.0,4.1583,13.0,30.0,14.565,5.16,14.5,2.565,-9.0,14.8,117,0,80_percent,2,4,3PA41K45WQA509QNVQVW5D7U1XU7P9,45,real,55,55,55,34,A2ES6#####CG04,-14,1,-1,2,1,2,-1,2,2,-1,-2,-1,2,-1,1,1,-2,2,-2,1,-1,-1,1,-2,1,2,-3,1,-3,2,-3,209,43,14,A1UBV#####VDVV,1.5575,1.0499999999999998,1.2000000000000002,2.0,1.9800000000000002,63,2019-12-06 04:22:39.896541,A2ES6#####CG04
45,0.7155:0.9091:0.0775:0.1348:0.7837,0.8256:0.0767:0.0007:0.0327:0.4112,6,50:70:20:40:60,34:42:5:4:4,5,50,0.7447665023958179,1.266671753738323,0.0,0.0,0,0.0,0.0,0,-0.2326447467246302,prop:4bRFZ,9.1863,11.947,5.8048,14.0,4.1583,2.2333,30.0,14.565,3.4167,14.5,2.565,-9.0,15.425,140,0,60_percent,3,5,3PA41K45WQA509QNVQVW5D7U1XU7P9,5,real,50,50,50,9,A3KGE#####FSQ9,-12,2,1,2,2,3,3,3,-2,3,-3,-1,1,1,2,1,1,1,2,1,2,3,-2,2,1,1,1,3,-2,1,1,159,46,14,A2AUR#####R39J,4.645,1.09,1.99,5.5,10.0,113,2019-12-06 04:22:58.738253,A3KGE#####FSQ9
46,0.7155,0.8256,1,50,28,1,50,1.2137316295023657,1.0588854732388544,0.0,0.0,0,484.0,0.16666666666666666,1,0.18292781427430682,prop:wnfnm,8.0435,10.041,4.221,7.0,6.5,13.0,10.22,14.565,5.16,15.0,2.565,-9.0,15.425,83,5,60_percent,4,5,3PA41K45WQA509QNVQVW5D7U1XU7P9,45,real,50,50,50,11,A3EUG#####N4G1,-14,1,-1,1,1,1,-1,1,-1,-1,-1,-2,1,-2,-1,-1,1,2,-1,1,1,1,-1,-1,1,1,-1,-1,-2,1,-1,175,48,201,A1GRL#####2RBJ,4.645,1.09,1.99,5.5,10.0,43,2019-12-06 04:24:01.454690,A3EUG#####N4G1
47,0.7155:0.1348:0.1491:0.9321,0.8256:0.0327:0.0751:0.0547,4,50:40:45:80,37:12:5:4,4,50,0.7862472003636766,0.8209556581488914,330.0,0.25,1,30.0,0.16666666666666666,1,-0.29293181590561934,prop:MPKI9,10.4347,12.282,8.0235,14.0,6.5,13.0,30.0,14.565,3.4167,14.5,2.565,-9.0,14.8,18,1,40_percent,2,5,3PA41K45WQA509QNVQVW5D7U1XU7P9,100,real,50,50,50,23,AW2XW#####MR5,67,3,3,-3,-3,-3,-3,-3,-3,2,3,-3,-3,3,3,3,-3,-3,3,-3,3,3,3,3,-3,1,3,3,1,3,-3,373,47,19,A36G4#####F8V8,2.6025,1.05,1.38,3.0,4.98,7,2019-12-06 04:24:22.804439,AW2XW#####MR5
48,0.7155,0.8256,1,50,28,1,50,0.7447665023958179,1.266671753738323,0.0,0.0,0,0.0,0.0,0,-0.2326447467246302,prop:WtUwQ,11.2161,11.957,7.6922,14.0,4.1583,13.0,30.0,14.565,5.16,15.0,2.565,-1.0875,14.8,84,0,40_percent,2,5,3PA41K45WQA509QNVQVW5D7U1XU7P9,50,real,50,50,50,10,A21ST#####J2Z6,-12,-1,-3,1,2,-2,-2,1,1,2,-2,2,2,-1,1,2,1,3,-2,3,-3,2,3,-2,-1,3,1,2,2,3,-2,159,51,9,A1UU7#####ILG6,3.5975,1.08,1.8,3.5,8.01,50,2019-12-06 04:24:47.036869,A21ST#####J2Z6
49,0.1348,0.0327,1,40,52,1,50,0.7447665023958179,1.266671753738323,0.0,0.0,0,0.0,0.0,0,-0.2326447467246302,prop:Y9zqp,11.2759,12.227,8.5135,14.0,6.5,13.0,30.0,14.565,3.4167,15.0,2.565,-1.0875,14.8,43,0,40_percent,4,5,3PA41K45WQA509QNVQVW5D7U1XU7P9,20,real,50,65,65,15,A3II2#####HOF,16,2,2,-2,-2,2,-2,-2,2,-2,-2,1,-2,2,2,2,-2,1,2,2,-3,-2,1,2,2,2,-2,1,2,3,-2,87,50,7,A3BXI#####DUHW,3.095,1.0499999999999998,1.3299999999999998,1.0,9.0,38,2019-12-06 04:25:09.390855,A3II2#####HOF
50,0.0623,0.001,2,5,24,1,50,0.7447665023958179,1.266671753738323,0.0,0.0,0,0.0,0.0,0,-0.2326447467246302,prop:1l6Zg,10.4611,11.317,6.6298,7.0,4.1583,13.0,30.0,14.565,5.16,15.0,2.015,-1.0875,14.8,101,0,80_percent,1,6,3PA41K45WQA509QNVQVW5D7U1XU7P9,40,real,5,5,5,16,AM36K#####SC1,46,-2,1,-2,-2,-1,-3,-1,-2,-2,-1,-1,-2,1,2,2,-2,-3,1,-2,1,1,2,1,-2,1,-2,1,1,2,-3,142,53,11,A3RHF#####JC4V,4.645,1.09,1.99,5.5,10.0,82,2019-12-06 04:25:26.426579,AM36K#####SC1
51,0.1348:0.7155:0.1491:0.0675:0.7837,0.0327:0.8256:0.0751:0.0009:0.4112,5,40:50:45:10:60,79:11:6:3:4,5,50,1.2554175313546803,0.33724487509804085,166.0,0.25,1,287.3333333333333,0.5,3,0.6744897501960817,prop:HgqyF,10.2505,10.897,9.3298,14.0,4.1583,13.0,30.0,14.565,3.4167,15.0,2.565,-9.0,14.8,118,2,80_percent,3,6,3PA41K45WQA509QNVQVW5D7U1XU7P9,40,real,50,50,50,16,A2VGE#####8CBQ,68,-3,-1,-3,-3,-3,-3,-3,-3,-3,2,-3,-3,-1,1,1,-3,-3,3,-3,3,3,2,3,-3,-3,-3,1,-3,3,-3,155,49,13,A2I9P#####ZBO8,1.0,1.0,1.0,1.0,1.0,61,2019-12-06 04:26:02.820914,A2VGE#####8CBQ
52,0.7155,0.8256,1,50,26,1,50,1.0,0.0,322.0,0.5,2,428.3333333333333,0.5,3,0.0,prop:0ivkY,8.2389,9.014,5.46,7.0,6.5,13.0,10.22,11.525,3.4167,15.0,2.015,-1.0875,14.8,94,0,40_percent,5,1,3PA41K45WQA509QNVQVW5D7U1XU7P9,50,real,50,50,50,10,A2OHL#####X0Y8,15,-2,-1,2,1,1,-3,-2,-2,-2,-1,1,2,-2,3,3,-3,-3,-2,2,1,1,2,-1,-2,-2,-3,-1,-2,-1,-1,211,57,12,A3P34#####IKQY,1.895,1.04,1.5,2.0,3.04,102,2019-12-06 04:26:03.469383,A2OHL#####X0Y8
53,0.1348:0.7155:0.1491:0.0775:0.0675:0.0822,0.0327:0.8256:0.0751:0.0007:0.0009:0.0007,6,40:50:45:20:10:25,39:12:5:4:2:3,6,50,0.7447665023958179,1.266671753738323,0.0,0.0,0,0.0,0.0,0,-0.2326447467246302,prop:Ae6Ra,9.1182,10.769,4.395,14.0,6.5,13.0,10.22,11.525,5.16,14.5,2.565,-1.0875,14.8,78,0,40_percent,6,3,3PA41K45WQA509QNVQVW5D7U1XU7P9,40,real,40,35,35,18,A2CQP#####UC5V,72,-3,3,-3,-3,-3,-3,-3,-3,-3,3,-3,-3,3,3,3,-3,3,3,-3,3,3,3,3,-3,3,3,3,3,3,-3,325,55,18,A2DNC#####HCBS,2.125,1.0,1.0,5.5,1.0,51,2019-12-06 04:26:08.914222,A2CQP#####UC5V
54,0.7155:0.1348:0.7837:0.9602:0.7255:0.1491,0.8256:0.0327:0.4112:0.1672:0.2156:0.0751,10,50:40:60:95:55:45,15:8:5:65:9:9,6,50,1.2137316295023657,0.09146390713715341,0.0,0.0,0,336.8,0.8333333333333334,5,2.117770946477709,prop:F0ifE,11.2161,11.957,7.6922,14.0,4.1583,13.0,30.0,14.565,5.16,15.0,2.565,-1.0875,14.8,153,0,80_percent,5,4,3PA41K45WQA509QNVQVW5D7U1XU7P9,0,real,50,50,50,7,AIW85#####CQO,-4,1,-1,3,2,-1,-1,1,2,-2,-1,-1,2,1,-1,-2,-1,1,2,3,-2,-1,2,2,2,1,-2,2,2,1,-2,120,54,15,AHNFZ#####H6B,4.6425,1.08,1.99,5.5,10.0,206,2019-12-06 04:26:25.818868,AIW85#####CQO
55,0.0675:0.9434:0.0822,0.0009:0.0329:0.0007,3,10:85:25,25:32:3,3,50,0.7447665023958179,-0.1163223733623151,0.0,0.0,0,408.5,1.0,6,2.533343507476646,prop:5L0K5,10.1071,12.82,4.4188,7.0,4.1583,13.0,30.0,11.525,5.16,14.5,2.015,-1.0875,14.8,148,0,80_percent,2,5,3PA41K45WQA509QNVQVW5D7U1XU7P9,30,real,10,10,10,14,AVT79#####9LI,44,2,2,-2,-3,-1,-3,-2,-3,-2,1,-1,-3,2,2,1,-3,1,1,-3,3,1,1,1,-3,1,-3,-1,-2,1,-3,153,58,15,A2QXN#####RNL7,3.6925,1.05,1.71,4.0,8.01,131,2019-12-06 04:26:33.264981,AVT79#####9LI
56,0.7155,0.8256,1,50,53,1,50,1.7663033243692394,0.35981104054027524,0.0,0.0,0,402.25,0.6666666666666666,4,1.5810766796714653,prop:7prAe,9.7873,12.732,5.3073,7.0,4.1583,13.0,30.0,14.565,5.16,15.0,2.565,-9.0,15.425,258,0,40_percent,6,3,3PA41K45WQA509QNVQVW5D7U1XU7P9,30,real,50,50,50,17,A39MT#####GLBF,-36,1,-1,2,2,1,1,1,1,2,-2,-1,2,-1,-1,-1,-1,2,-3,2,-2,-1,-1,-3,1,2,1,-1,-2,1,-1,165,56,10,ABGFB#####C23,1.82,1.04,1.2000000000000002,2.0,3.04,70,2019-12-06 04:26:53.791612,A39MT#####GLBF
57,0.7155,0.8256,1,50,42,1,50,0.7447665023958179,-0.1163223733623151,0.0,0.0,0,314.5,1.0,6,2.533343507476646,prop:7xtQF,11.2161,11.957,7.6922,14.0,4.1583,13.0,30.0,14.565,5.16,15.0,2.565,-1.0875,14.8,148,0,40_percent,5,3,3PA41K45WQA509QNVQVW5D7U1XU7P9,50,real,50,50,50,11,A1DMH#####NVP2,29,1,-2,-2,-2,1,-3,-2,-2,-2,-2,-1,-2,-2,1,1,-3,-1,-1,1,2,2,1,2,-1,-2,-3,2,1,-1,-2,212,60,11,A3B1P#####AM2B,4.645,1.09,1.99,5.5,10.0,206,2019-12-06 04:27:05.729134,A1DMH#####NVP2
58,0.7155:0.7255,0.8256:0.2156,4,50:55,96:32,2,50,0.7447665023958179,1.266671753738323,0.0,0.0,0,0.0,0.0,0,-0.2326447467246302,prop:2Hzae,10.4873,13.382,6.0573,14.0,4.1583,13.0,30.0,14.565,5.16,15.0,2.565,-9.0,15.425,137,0,80_percent,4,7,3PA41K45WQA509QNVQVW5D7U1XU7P9,20,real,50,50,50,19,A55CX#####R0N,-3,-1,-3,-1,-1,2,-1,1,1,-3,-2,1,-2,-3,-1,-2,-2,1,-1,1,-1,1,1,-1,1,1,-2,1,-1,2,-3,120,52,12,A1PTK#####Z0QB,2.355,1.0499999999999998,1.38,3.0,3.9899999999999998,56,2019-12-06 04:27:25.915407,A55CX#####R0N
59,1.0:0.7155:0.9263,0.0254:0.8256:0.0297,4,100:50:75,43:11:10,3,50,0.7447665023958179,1.266671753738323,0.0,0.0,0,0.0,0.0,0,-0.2326447467246302,prop:Dj412,9.5005,11.387,7.3398,7.0,4.1583,13.0,30.0,14.565,3.4167,14.5,2.565,-9.0,14.8,194,0,60_percent,1,6,3PA41K45WQA509QNVQVW5D7U1XU7P9,45,real,100,55,55,13,A3HX3#####L28S,19,2,-1,-1,-3,-2,-3,-1,-1,-3,-2,-1,-3,-1,2,2,-2,-1,-2,-2,-3,-2,-1,-2,-2,1,-2,2,-2,2,-3,294,61,17,A1XRW#####K1J4,2.2225,1.0499999999999998,1.3299999999999998,2.52,3.9899999999999998,138,2019-12-06 04:27:37.865843,A3HX3#####L28S
60,0.7155,0.8256,1,50,35,1,50,1.1441994342256387,0.5526085247457696,329.0,0.25,1,344.5,0.3333333333333333,2,0.24376245090062415,prop:TMvCL,11.4502,12.202,7.626,14.0,6.5,13.0,30.0,14.565,5.16,15.0,2.565,-1.0875,14.8,212,1,40_percent,4,5,3PA41K45WQA509QNVQVW5D7U1XU7P9,35,real,50,50,50,19,A2FPC#####HGZF,-37,2,1,2,3,3,2,1,3,2,-2,-1,2,-2,-2,-1,3,2,-1,3,-1,-1,1,1,3,1,-1,-1,-2,1,-2,165,64,8,A2WKX#####LNT9,3.17,1.08,1.6,3.0,7.0,92,2019-12-06 04:28:03.331339,A2FPC#####HGZF
61,0.0775:0.1348:0.7155:0.1491:0.7255,0.0007:0.0327:0.8256:0.0751:0.2156,5,20:40:50:45:55,71:14:9:6:5,5,50,0.7447665023958179,-0.1163223733623151,0.0,0.0,0,357.6666666666667,1.0,6,2.533343507476646,prop:HG2y1,10.4847,11.142,9.2635,14.0,6.5,13.0,30.0,14.565,3.4167,15.0,2.565,-9.0,14.8,211,0,40_percent,6,2,3PA41K45WQA509QNVQVW5D7U1XU7P9,5,real,40,40,40,23,A1H19#####37T1,-55,3,-3,3,3,3,-3,1,2,-1,-3,3,3,-3,-2,-1,2,2,-1,3,-3,-1,-3,1,3,2,-1,-1,-3,-3,1,216,62,14,A3SFM#####I36J,2.235,1.05,1.38,2.52,3.9899999999999998,97,2019-12-06 04:28:28.031287,A1H19#####37T1
62,0.1348:0.0068:1.0:0.9091:0.7155:0.1491:0.7255:0.7837:0.9321:0.9491,0.0327:0.0479:0.0254:0.0767:0.8256:0.0751:0.2156:0.4112:0.0547:0.0563,12,40:0:100:70:50:45:55:60:80:90,40:5:4:3:2:4:3:2:5:2,10,50,0.7447665023958179,1.266671753738323,0.0,0.0,0,0.0,0.0,0,-0.2326447467246302,prop:3WCFM,10.7377,12.345,7.6087,14.0,4.1583,13.0,30.0,11.525,3.4167,15.0,2.565,-1.0875,14.8,116,0,40_percent,1,7,3PA41K45WQA509QNVQVW5D7U1XU7P9,50,real,50,50,50,9,A2W12#####QK1,27,-2,1,-2,-3,-1,-3,-2,-2,-3,-3,2,-3,1,2,-1,-3,-3,-2,1,1,-1,2,-3,-3,3,-3,1,-3,2,-3,301,63,24,A15VI#####YO50,3.2325,1.0499999999999998,1.38,3.5,7.0,163,2019-12-06 04:29:00.165467,A2W12#####QK1
63,0.089:0.1348:0.7155:0.1491,0.0012:0.0327:0.8256:0.0751,5,30:40:50:45,156:17:5:9,4,50,1.1441994342256387,0.12188122545031213,185.0,0.25,1,371.0,0.6666666666666666,4,1.1052170494915392,prop:yX51D,11.3952,12.212,7.3135,14.0,6.5,13.0,30.0,14.565,5.16,15.0,2.015,-1.0875,14.8,212,0,40_percent,3,6,3PA41K45WQA509QNVQVW5D7U1XU7P9,30,real,50,50,50,71,A91KO#####423,26,1,2,-2,1,-2,-2,-2,-3,-1,2,-3,-3,1,3,-1,1,-2,-2,1,-2,-1,-1,2,-2,-1,-2,2,3,-2,1,144,59,14,A2X3F#####GHJU,3.0125,1.05,1.5,3.5,6.0,86,2019-12-06 04:30:10.073091,A91KO#####423
64,0.7155:0.1348:0.7255:0.7837:0.8914,0.8256:0.0327:0.2156:0.4112:0.081,5,50:40:55:60:65,65:4:3:2:6,5,50,1.1441994342256387,0.12188122545031213,320.0,0.25,1,365.25,0.6666666666666666,4,1.1052170494915392,prop:Qb9JQ,9.3054,11.811,4.796,14.0,6.5,13.0,10.22,14.565,3.4167,15.0,2.015,-1.0875,15.425,205,1,80_percent,2,6,3PA41K45WQA509QNVQVW5D7U1XU7P9,25,real,50,65,65,32,AFTXB#####SSH,22,-1,2,-2,-2,-1,-1,2,-2,1,-2,-1,-2,1,2,1,-2,-2,1,1,1,-1,1,1,1,1,-3,1,-2,1,-2,320,65,24,A3TKB#####PXBA,4.1375,1.0499999999999998,1.5,4.0,10.0,220,2019-12-06 04:30:26.415014,AFTXB#####SSH
65,0.7155,0.8256,1,50,64,1,50,0.48245473974625286,-0.3542521884522782,270.0,0.25,1,398.0,1.0,6,2.0574838772967197,prop:edzVJ,11.2334,15.887,4.576,14.0,6.5,13.0,30.0,14.565,3.4167,14.5,2.015,-1.0875,15.425,249,2,80_percent,5,4,3PA41K45WQA509QNVQVW5D7U1XU7P9,100,real,50,50,50,14,A12BP#####NZT9,5,-2,-2,1,1,-1,-3,-1,-2,-3,-3,-1,1,-2,-1,-1,-2,1,-1,-1,1,-1,1,1,1,2,-2,1,-2,1,-2,336,66,7,A15F4#####42BK,2.355,1.0499999999999998,1.38,3.0,3.9899999999999998,171,2019-12-06 04:32:10.096592,A12BP#####NZT9
66,0.0623:0.0068:0.089:0.9602,0.001:0.0479:0.0012:0.1672,5,5:0:30:95,16:6:4:3,4,50,0.7447665023958179,1.266671753738323,0.0,0.0,0,0.0,0.0,0,-0.2326447467246302,prop:pNpG6,7.0524,7.284,3.4988,7.0,4.1583,2.2333,10.22,11.525,5.16,14.5,2.015,-1.0875,14.8,30,5,80_percent,2,6,3PA41K45WQA509QNVQVW5D7U1XU7P9,30,real,5,10,10,6,A1P6L#####MWAY,-7,3,3,-1,-1,2,-1,2,1,-1,-1,-1,1,-1,1,-1,2,1,1,-1,-1,-1,1,-1,-1,2,2,-2,1,1,-2,88,67,11,A3A8P#####0DWQ,3.0125,1.05,1.5,3.5,6.0,17,2019-12-06 04:35:12.505217,A1P6L#####MWAY
67,0.0822:0.1348:0.7155,0.0007:0.0327:0.8256,3,25:40:50,41:7:3,3,50,0.48245473974625286,1.0287419386483598,76.0,0.25,1,0.0,0.0,0,-0.7085043769045564,prop:PqEWw,8.8791,9.394,5.3888,14.0,4.1583,13.0,10.22,11.525,5.16,15.0,2.015,-1.0875,14.8,142,0,80_percent,2,6,3PA41K45WQA509QNVQVW5D7U1XU7P9,40,real,50,50,50,14,A2HC9#####AKNN,33,-3,3,-3,-3,-3,-3,-3,-3,1,3,3,-3,3,3,-3,-3,-3,-2,-3,-3,-3,-1,2,-3,3,-3,2,-3,3,3,103,68,24,A1V6C#####OSAR,4.645,1.09,1.99,5.5,10.0,57,2019-12-06 04:35:50.102841,A2HC9#####AKNN
68,0.0775,0.0007,1,20,28,1,50,0.7447665023958179,1.266671753738323,0.0,0.0,0,0.0,0.0,0,-0.2326447467246302,prop:z4vWe,10.9121,12.32,6.7212,14.0,4.1583,13.0,30.0,11.525,5.16,15.0,2.565,-1.0875,14.8,27,0,40_percent,3,5,3PA41K45WQA509QNVQVW5D7U1XU7P9,45,real,20,40,40,12,ANXIY#####O2Y,36,2,2,-1,-2,1,-3,-3,-1,-2,3,-2,2,3,2,3,-2,-3,2,-1,2,-2,2,-1,-2,2,3,2,1,3,-2,121,69,9,A2H8H#####4A58,3.8475,1.0499999999999998,1.3299999999999998,5.0,8.01,39,2019-12-06 04:37:09.116181,ANXIY#####O2Y
69,0.1348,0.0327,1,40,44,1,50,0.9114094758506122,0.21536364964772878,249.5,0.5,2,180.0,0.3333333333333333,2,-0.43072729929545756,prop:Soqf1,9.1881,10.161,5.4323,14.0,4.1583,13.0,10.22,14.565,5.16,14.5,2.565,-1.0875,14.8,65,0,40_percent,5,4,3PA41K45WQA509QNVQVW5D7U1XU7P9,70,real,50,45,45,19,A3L7T#####M0FG,9,1,1,-2,-2,2,-3,1,-3,-1,-1,3,1,1,3,1,-2,2,-2,-1,1,1,1,-3,-2,2,1,1,-3,2,-3,164,70,7,A2090#####WA3F,2.475,1.02,1.38,2.52,4.98,9,2019-12-06 04:38:24.825095,A3L7T#####M0FG
70,0.7155:0.0822:0.1491:0.7255:1.0:0.9602:0.9091,0.8256:0.0007:0.0751:0.2156:0.0254:0.1672:0.0767,13,50:25:45:55:100:95:70,43:10:5:4:4:3:30,7,50,1.7663033243692394,0.7905383398357327,0.0,0.0,0,414.5,0.3333333333333333,2,0.7196220810805503,prop:nQEgb,11.4502,12.202,7.626,14.0,6.5,13.0,30.0,14.565,5.16,15.0,2.565,-1.0875,14.8,40,0,40_percent,1,7,3PA41K45WQA509QNVQVW5D7U1XU7P9,50,real,50,50,50,13,AYOXZ#####HDT,7,-2,1,1,-1,2,2,1,1,1,-1,-1,1,1,-1,1,1,1,2,1,1,-1,1,2,1,-1,-2,1,2,2,-2,95,71,9,A345T#####DQ3G,3.0125,1.05,1.5,3.5,6.0,23,2019-12-06 04:38:58.146285,AYOXZ#####HDT
71,0.0623:0.0675,0.001:0.0009,2,5:10,26:30,2,50,0.7447665023958179,1.266671753738323,0.0,0.0,0,0.0,0.0,0,-0.2326447467246302,prop:tAEFe,7.2503,7.084,5.245,14.0,6.5,2.2333,10.22,11.525,5.16,14.5,2.565,-9.0,14.8,32,2,60_percent,4,5,3PA41K45WQA509QNVQVW5D7U1XU7P9,50,real,5,10,10,14,A1C9Z#####21PG,-1,2,2,2,2,2,2,1,2,2,2,1,-2,1,1,2,-2,1,1,1,2,1,1,-1,1,-1,2,2,2,1,2,165,73,9,A3JW2#####7ZTU,2.595,1.02,1.38,3.0,4.98,13,2019-12-06 04:40:11.627907,A1C9Z#####21PG
72,0.7155,0.8256,1,50,42,1,50,0.7447665023958179,1.266671753738323,0.0,0.0,0,0.0,0.0,0,-0.2326447467246302,prop:Sx064,9.3158,11.735,5.1688,7.0,4.1583,13.0,30.0,11.525,5.16,14.5,2.015,-9.0,14.8,33,3,60_percent,6,5,3PA41K45WQA509QNVQVW5D7U1XU7P9,50,real,50,50,50,11,AU04N#####GMK,14,2,2,3,1,-1,2,1,-2,1,2,1,1,-1,3,2,1,-1,1,-1,3,2,1,-2,-1,1,-1,2,3,1,-2,104,72,16,A29CQ#####N3DJ,1.1525,1.0,1.08,1.53,1.0,34,2019-12-06 04:40:21.650052,AU04N#####GMK
73,0.7155,0.8256,1,50,50,1,50,0.7447665023958179,1.266671753738323,0.0,0.0,0,0.0,0.0,0,-0.2326447467246302,prop:vTbqD,8.0172,12.419,1.9012,7.0,4.1583,13.0,10.22,11.525,3.4167,14.5,2.015,-1.0875,15.425,24,2,60_percent,1,5,3PA41K45WQA509QNVQVW5D7U1XU7P9,40,real,100,60,60,26,A2N5O#####M8Z4,4,-2,-2,-1,-1,1,-1,-1,1,-1,-1,-1,-1,1,1,-1,1,-1,1,2,-1,1,1,1,2,-1,1,-1,-1,1,-1,50,74,32,AWZCV#####PT,2.875,1.0,1.5,3.0,6.0,15,2019-12-06 04:41:35.572032,A2N5O#####M8Z4
74,,,0,,,0,50,1.2137316295023657,0.09146390713715341,0.0,0.0,0,329.8,0.8333333333333334,5,2.117770946477709,prop:7ikzR,9.309,13.12,5.2238,7.0,4.1583,13.0,30.0,11.525,3.4167,15.0,2.565,-9.0,15.425,117,10,60_percent,6,5,3PA41K45WQA509QNVQVW5D7U1XU7P9,5,real,40,40,40,36,A2Q45#####MPI4,21,-2,-2,2,-2,1,-3,1,2,-3,-2,2,1,2,2,3,-1,-2,-1,-3,1,2,1,-1,-1,-2,-3,-2,-1,3,-3,117,76,13,ASIIB#####7J7,2.8425,1.04,1.3299999999999998,3.0,6.0,68,2019-12-06 04:45:20.907305,A2Q45#####MPI4
75,0.7155,0.8256,1,50,25,1,50,0.9114094758506123,-0.21536364964772872,232.5,0.5,2,295.0,0.6666666666666666,4,0.43072729929545744,prop:mHJ93,11.2161,11.957,7.6922,14.0,4.1583,13.0,30.0,14.565,5.16,15.0,2.565,-1.0875,14.8,38,0,60_percent,5,6,3PA41K45WQA509QNVQVW5D7U1XU7P9,30,real,50,50,50,8,A2QCD#####4P48,-41,1,2,3,3,2,2,-1,3,2,2,3,2,-1,-2,1,3,3,-3,2,-2,1,-2,-3,3,1,3,2,1,-1,1,141,79,10,A36P1#####F567,2.6025,1.05,1.38,3.0,4.98,30,2019-12-06 04:46:01.377503,A2QCD#####4P48
76,0.7155,0.8256,1,50,52,1,50,0.7447665023958179,-0.1163223733623151,0.0,0.0,0,380.6666666666667,1.0,6,2.533343507476646,prop:5F2w7,11.4002,13.342,6.386,14.0,6.5,13.0,30.0,14.565,5.16,14.5,2.565,-1.0875,14.8,210,1,80_percent,2,6,3PA41K45WQA509QNVQVW5D7U1XU7P9,50,real,50,50,50,14,A1T2V#####6DJZ,-6,-1,2,-3,2,3,1,2,-1,-3,1,1,-3,2,-1,1,2,3,-2,3,1,1,1,-1,2,2,1,2,-3,2,1,182,77,14,A2RMR#####75XZ,2.23,1.05,1.3299999999999998,3.5,3.04,173,2019-12-06 04:46:12.150525,A1T2V#####6DJZ
77,0.1348:0.7155:0.1491,0.0327:0.8256:0.0751,4,40:50:45,40:8:7,3,50,0.7447665023958179,1.266671753738323,0.0,0.0,0,0.0,0.0,0,-0.2326447467246302,prop:Iy54G,6.9831,6.159,5.9388,7.0,4.1583,2.2333,10.22,11.525,3.4167,15.0,2.565,-1.0875,14.8,72,0,60_percent,5,3,3PA41K45WQA509QNVQVW5D7U1XU7P9,45,real,40,50,50,20,A3H2Y#####67J3,0,-1,1,-1,-1,1,-1,-1,1,2,-3,2,-1,1,1,-1,1,2,-1,1,1,1,2,1,1,-1,1,1,-3,2,-2,191,80,11,A2QBB#####PTYR,3.0125,1.05,1.5,3.5,6.0,41,2019-12-06 04:46:46.883045,A3H2Y#####67J3
78,,,0,,,0,50,1.7663033243692394,0.7905383398357327,0.0,0.0,0,438.0,0.3333333333333333,2,0.7196220810805503,prop:3jD0J,10.5161,11.307,6.9422,7.0,4.1583,13.0,30.0,14.565,5.16,15.0,2.565,-1.0875,14.8,155,0,100_percent,1,7,3PA41K45WQA509QNVQVW5D7U1XU7P9,45,real,50,50,50,67,A3DNZ#####47AR,45,-1,1,-1,-3,-2,-2,1,-2,-1,2,2,-2,1,2,2,-2,1,1,-2,2,1,3,1,-2,-2,-3,2,1,2,-3,150,75,14,A1OZP#####1519,4.0225,1.09,1.99,5.0,8.01,87,2019-12-06 04:47:56.637363,A3DNZ#####47AR
79,0.7155,0.8256,1,50,86,1,50,0.7447665023958179,1.266671753738323,0.0,0.0,0,0.0,0.0,0,-0.2326447467246302,prop:02Z0p,8.3762,12.046,3.1848,7.0,4.1583,13.0,10.22,14.565,3.4167,14.5,2.565,-1.0875,15.425,71,0,80_percent,6,4,3PA41K45WQA509QNVQVW5D7U1XU7P9,5,real,50,50,50,17,A214P#####H6KS,-3,-2,-2,1,-2,2,-3,2,1,-2,-2,-1,1,-2,2,-1,-1,3,-2,2,-1,2,1,-1,1,1,-2,2,2,2,2,110,81,14,A38A8#####ZMDV,4.645,1.09,1.99,5.5,10.0,60,2019-12-06 04:48:02.994664,A214P#####H6KS
80,0.7155,0.8256,1,50,64,1,50,0.7447665023958179,1.266671753738323,0.0,0.0,0,0.0,0.0,0,-0.2326447467246302,prop:244iz,8.1791,8.744,4.6388,7.0,4.1583,13.0,10.22,11.525,5.16,15.0,2.015,-1.0875,14.8,63,0,60_percent,2,6,3PA41K45WQA509QNVQVW5D7U1XU7P9,85,real,50,50,50,13,AU1A3#####FR3,-22,2,3,2,1,2,2,2,1,-2,-2,2,2,2,2,2,2,2,-2,1,-1,-1,-1,-2,2,1,1,1,-2,3,1,236,83,40,AJQ71#####1HZ,1.395,0.9900000000000001,1.08,1.53,1.9800000000000002,52,2019-12-06 04:48:40.250548,AU1A3#####FR3
81,,,0,,,0,50,1.2554175313546803,0.33724487509804085,295.0,0.25,1,474.3333333333333,0.5,3,0.6744897501960817,prop:PRMP1,9.7873,12.732,5.3073,7.0,4.1583,13.0,30.0,14.565,5.16,15.0,2.565,-9.0,15.425,113,1,80_percent,4,4,3PA41K45WQA509QNVQVW5D7U1XU7P9,50,real,20,25,25,10,ABOEY#####FRI,57,-2,3,-3,-3,-3,-3,-3,-3,-3,3,1,-3,-1,2,3,-3,1,-1,-3,1,1,2,-2,-3,-1,-1,2,3,3,-3,112,84,15,A2QX3#####HHVV,4.645,1.09,1.99,5.5,10.0,100,2019-12-06 04:48:56.430509,ABOEY#####FRI
82,0.1348:0.0775:0.7155,0.0327:0.0007:0.8256,4,40:20:50,49:15:6,3,50,1.2137316295023657,0.09146390713715341,0.0,0.0,0,378.4,0.8333333333333334,5,2.117770946477709,prop:nk9Hz,11.0962,13.705,5.415,14.0,6.5,13.0,30.0,11.525,5.16,14.5,2.565,-1.0875,14.8,50,0,40_percent,4,3,3PA41K45WQA509QNVQVW5D7U1XU7P9,50,real,40,40,40,27,A1HJN#####DPS8,-15,1,-1,-2,2,-1,-3,1,1,-1,-3,2,1,-1,1,-1,1,1,-2,-2,-2,-1,-1,-1,-1,2,1,-1,-2,2,-1,133,82,8,A2DV8#####RIL0,4.645,1.09,1.99,5.5,10.0,62,2019-12-06 04:49:18.203619,A1HJN#####DPS8
83,0.7837,0.4112,1,60,72,1,50,0.7862472003636766,-0.14646590795280967,220.0,0.25,1,243.0,0.8333333333333334,5,1.6419113162977828,prop:19n24,7.2996,9.446,3.2848,7.0,4.1583,2.2333,10.22,14.565,3.4167,14.5,2.565,-1.0875,15.425,114,0,60_percent,4,5,3PA41K45WQA509QNVQVW5D7U1XU7P9,40,real,60,60,60,24,A1BB6#####AMMO,-20,2,-1,1,1,3,-1,2,2,1,-2,2,1,1,-1,1,1,2,1,1,-1,-1,-1,1,1,2,-1,2,-1,1,-1,195,87,11,A1O6W#####9R9C,1.3775,1.0,1.0,1.53,1.9800000000000002,132,2019-12-06 04:50:13.893079,A1BB6#####AMMO
84,0.0775,0.0007,1,20,33,1,50,1.2137316295023657,1.0588854732388544,0.0,0.0,0,365.0,0.16666666666666666,1,0.18292781427430682,prop:7CvO3,9.2506,12.671,3.0473,14.0,4.1583,13.0,10.22,14.565,5.16,14.5,2.565,-1.0875,15.425,168,0,80_percent,3,7,3PA41K45WQA509QNVQVW5D7U1XU7P9,25,real,20,35,35,16,A1MYG#####7RWJ,48,-1,2,-2,-2,-2,-2,-2,-2,-2,3,-2,-3,2,2,1,-2,-2,2,-2,-2,1,2,-1,-2,-1,-1,3,-1,2,-2,219,88,21,A14Z1#####JEON,3.0125,1.05,1.5,3.5,6.0,185,2019-12-06 04:50:14.064421,A1MYG#####7RWJ
85,,,0,,,0,50,0.48245473974625286,-0.3542521884522782,197.0,0.25,1,303.5,1.0,6,2.0574838772967197,prop:bli7w,10.604,11.127,8.0635,14.0,6.5,13.0,30.0,14.565,5.16,15.0,2.015,-9.0,14.8,89,0,80_percent,3,6,3PA41K45WQA509QNVQVW5D7U1XU7P9,30,real,40,50,50,158,A2W1E#####JCLC,-24,2,-3,2,1,-2,-2,2,-1,-1,-1,2,1,-2,-3,1,1,3,-2,2,-1,-2,-1,1,1,-1,-2,-1,-2,-1,-1,155,78,16,A12HW#####ITHD,4.645,1.09,1.99,5.5,10.0,85,2019-12-06 04:50:46.143893,A2W1E#####JCLC
86,0.1348:0.0675:0.7837:0.9263:0.8914:0.7155:0.1491:0.7255,0.0327:0.0009:0.4112:0.0297:0.081:0.8256:0.0751:0.2156,9,40:10:60:75:65:50:45:55,50:8:3:3:4:4:2:3,8,50,1.1441994342256387,0.12188122545031213,248.0,0.25,1,387.0,0.6666666666666666,4,1.1052170494915392,prop:m1thy,7.1574,6.134,5.0513,7.0,4.1583,2.2333,10.22,11.525,5.16,15.0,2.565,-1.0875,14.8,152,0,80_percent,1,5,3PA41K45WQA509QNVQVW5D7U1XU7P9,15,real,50,50,50,9,A33XH#####J4LE,-51,2,-1,2,3,1,-1,2,3,1,-2,2,3,1,1,-2,2,3,-2,2,-3,-2,-1,-3,2,2,2,-1,-1,-1,3,173,89,12,A1FAJ#####S6CX,4.1475,1.09,1.99,5.5,8.01,234,2019-12-06 04:50:46.273974,A33XH#####J4LE
87,0.7155,0.8256,1,50,44,1,50,1.2137316295023657,1.0588854732388544,0.0,0.0,0,364.0,0.16666666666666666,1,0.18292781427430682,prop:cBN0e,10.0276,11.892,6.2948,14.0,4.1583,2.2333,30.0,14.565,3.4167,15.0,2.565,-1.0875,15.425,98,0,80_percent,2,6,3PA41K45WQA509QNVQVW5D7U1XU7P9,50,real,50,50,50,13,A1VAL#####9IN0,35,-2,1,-2,1,3,-2,-3,-3,-3,-2,-2,-1,-3,3,3,-3,-2,-2,3,3,3,3,3,-1,-2,3,3,-2,3,-3,434,91,23,A2QO8#####DXU2,2.47,1.0499999999999998,1.3299999999999998,2.52,4.98,68,2019-12-06 04:50:46.665521,A1VAL#####9IN0
88,0.7155:0.0822:0.089:0.0997,0.8256:0.0007:0.0012:0.0193,5,50:25:30:35,38:2:4:2,4,50,0.38429823361288545,-0.691497063550319,243.0,0.5,2,379.0,1.0,6,1.382994127100638,prop:httO9,9.6736,13.395,4.0838,14.0,4.1583,2.2333,30.0,11.525,3.4167,14.5,2.565,-1.0875,15.425,141,0,40_percent,1,4,3PA41K45WQA509QNVQVW5D7U1XU7P9,0,real,25,50,50,12,A2HSC#####N5LP,-7,-1,-2,2,1,1,-2,2,1,2,-2,2,-1,1,1,2,2,1,-1,1,1,2,2,1,1,2,-1,2,-2,2,1,174,90,10,A2KDO#####8S8D,4.645,1.09,1.99,5.5,10.0,220,2019-12-06 04:50:48.536122,A2HSC#####N5LP
89,0.7155:0.7837:0.0997:0.9321:0.7255:0.1348:0.1491,0.8256:0.4112:0.0193:0.0547:0.2156:0.0327:0.0751,12,50:60:35:80:55:40:45,66:17:5:5:29:18:25,7,50,0.7447665023958179,1.266671753738323,0.0,0.0,0,0.0,0.0,0,-0.2326447467246302,prop:j1zkQ,10.9246,15.97,3.0963,14.0,4.1583,13.0,30.0,11.525,5.16,14.5,2.565,-1.0875,15.425,168,0,40_percent,5,5,3PA41K45WQA509QNVQVW5D7U1XU7P9,25,real,50,50,50,19,A2A16#####BS7,-58,3,-3,3,3,3,-1,2,-2,-3,-3,3,3,-3,-1,-2,3,3,-3,3,-3,-2,1,-3,2,3,2,2,-3,-2,3,177,86,11,A8YLQ#####KPR,3.6725,1.08,1.6,4.0,8.01,111,2019-12-06 04:51:59.227726,A2A16#####BS7
90,0.7155,0.8256,1,50,19,1,50,0.7447665023958179,1.266671753738323,0.0,0.0,0,0.0,0.0,0,-0.2326447467246302,prop:pbDXl,10.4248,10.872,8.4422,14.0,4.1583,13.0,30.0,14.565,5.16,15.0,2.565,-9.0,14.8,111,0,60_percent,4,7,3PA41K45WQA509QNVQVW5D7U1XU7P9,50,real,50,50,50,11,A1SCT#####IS0V,47,-3,3,-3,-3,-3,-3,-3,-2,-3,-1,2,-3,-3,2,3,-3,-3,1,-1,-1,1,1,2,-2,2,-2,1,-1,3,-3,615,93,13,A2S6J#####VW1R,4.395,1.08,1.5,5.0,10.0,334,2019-12-06 04:52:20.948498,A1SCT#####IS0V
91,0.089:0.1348:0.1491:0.7155,0.0012:0.0327:0.0751:0.8256,5,30:40:45:50,76:15:6:8,4,50,0.48245473974625286,-0.3542521884522782,224.0,0.25,1,282.3333333333333,1.0,6,2.0574838772967197,prop:A1iQc,10.4248,10.872,8.4422,14.0,4.1583,13.0,30.0,14.565,5.16,15.0,2.565,-9.0,14.8,273,0,80_percent,3,5,3PA41K45WQA509QNVQVW5D7U1XU7P9,45,real,35,45,45,31,A2QQ3#####1SAX,33,1,1,-1,-2,-2,-2,1,-3,-3,-1,-2,-1,-1,-1,1,-2,1,1,-1,2,2,1,1,-1,-2,-2,2,1,1,-2,265,92,27,A2XS5#####MG9N,2.925,1.0,1.2000000000000002,3.5,6.0,173,2019-12-06 04:53:28.904814,A2QQ3#####1SAX
92,0.7255:0.7155:0.7837:0.9263:0.1348:0.1491:0.8914:0.0822:0.9321:1.0,0.2156:0.8256:0.4112:0.0297:0.0327:0.0751:0.081:0.0007:0.0547:0.0254,18,55:50:60:75:40:45:65:25:80:100,134:69:10:12:4:3:17:9:121:6,10,50,1.1441994342256387,0.12188122545031213,328.0,0.25,1,406.5,0.6666666666666666,4,1.1052170494915392,prop:Kz5xG,8.1614,6.421,6.7723,14.0,4.1583,2.2333,10.22,14.565,5.16,15.0,2.565,-1.0875,14.8,64,2,80_percent,5,5,3PA41K45WQA509QNVQVW5D7U1XU7P9,50,real,55,60,60,9,A2OG8#####6HS7,29,-1,2,-1,-2,1,-3,-2,-2,-2,-1,-1,-2,-2,2,-1,-2,-2,2,2,-1,2,-1,2,-1,-1,-3,2,-2,1,-2,182,85,12,A14AD#####6TDY,2.555,1.04,1.2000000000000002,3.0,4.98,57,2019-12-06 04:55:34.013648,A2OG8#####6HS7
93,0.7155:0.7837:0.9263:0.9434:0.8914:0.1348,0.8256:0.4112:0.0297:0.0329:0.081:0.0327,7,50:60:75:85:65:40,53:13:6:11:10:4,6,50,0.7447665023958179,1.266671753738323,0.0,0.0,0,0.0,0.0,0,-0.2326447467246302,prop:pxcvF,8.2939,9.004,5.7725,7.0,6.5,13.0,10.22,11.525,3.4167,15.0,2.565,-1.0875,14.8,94,0,80_percent,5,4,3PA41K45WQA509QNVQVW5D7U1XU7P9,100,real,50,50,50,9,A1OVB#####OVNT,-2,2,1,3,-2,1,-2,-2,2,-2,-2,1,2,-1,1,1,-2,-1,-1,1,1,-1,-1,1,1,1,-2,1,-2,2,1,131,94,12,A1GMG#####0V7T,2.415,1.08,1.6,2.0,4.98,50,2019-12-06 05:24:19.255227,A1OVB#####OVNT
94,0.0701,0.0008,1,15,47,1,50,1.9379909592455802,0.5751746901880039,0.0,0.0,0,340.3333333333333,0.5,3,1.1503493803760079,prop:424zd,10.2917,12.472,6.5898,7.0,4.1583,13.0,30.0,14.565,3.4167,14.5,2.565,-1.0875,14.8,120,0,60_percent,4,5,3PA41K45WQA509QNVQVW5D7U1XU7P9,20,real,25,15,15,20,AYM9V#####PZ5,15,-2,1,-2,-2,1,1,-1,1,-2,1,2,-1,-1,2,2,-1,-2,-1,1,1,1,2,-1,-1,2,1,-1,1,1,-2,85,95,17,A1GV0#####2ORS,2.595,1.02,1.38,3.0,4.98,50,2019-12-06 05:24:22.393236,AYM9V#####PZ5
95,0.9263,0.0297,1,75,21,1,50,1.2554175313546803,0.33724487509804085,371.0,0.25,1,440.0,0.5,3,0.6744897501960817,prop:Pfpcw,10.9246,15.97,3.0963,14.0,4.1583,13.0,30.0,11.525,5.16,14.5,2.565,-1.0875,15.425,128,0,80_percent,6,5,3PA41K45WQA509QNVQVW5D7U1XU7P9,5,real,90,95,95,12,A143V#####8CVI,22,-3,-1,-3,2,-3,3,1,-2,3,3,3,-1,-1,2,3,2,1,-2,-3,1,3,3,-1,1,2,-3,3,3,3,-3,170,96,15,ALZDJ#####919,2.595,1.02,1.38,3.0,4.98,91,2019-12-06 05:24:40.993736,A143V#####8CVI
96,0.7155,0.8256,1,50,102,1,50,0.6262834321863123,-0.4837107830508505,300.5,0.5,2,395.2,0.8333333333333334,5,0.967421566101701,prop:6exT7,7.2199,8.644,2.6663,7.0,4.1583,2.2333,10.22,11.525,5.16,15.0,2.565,-1.0875,15.425,122,3,80_percent,6,3,3PA41K45WQA509QNVQVW5D7U1XU7P9,5,real,50,55,55,13,A1KDW#####9LHM,-23,2,1,3,3,3,2,2,1,-2,-3,2,2,1,2,1,2,2,-1,2,1,1,1,-1,-1,3,-2,-1,-1,1,1,342,97,8,A1UY2#####CWN,4.635,1.05,1.99,5.5,10.0,64,2019-12-06 05:36:28.674825,A1KDW#####9LHM
97,,,0,,,0,50,1.2137316295023657,1.0588854732388544,0.0,0.0,0,368.0,0.16666666666666666,1,0.18292781427430682,prop:mSHqf,6.5503,6.434,4.495,7.0,6.5,2.2333,10.22,11.525,5.16,14.5,2.565,-9.0,14.8,25,8,60_percent,5,4,3PA41K45WQA509QNVQVW5D7U1XU7P9,60,real,55,15,15,13,A17BF#####0KQ0,1,1,1,-1,-1,1,-1,-1,1,1,-1,1,2,-1,1,1,-2,-1,1,-1,1,-1,-2,2,1,-1,-1,1,-1,-1,2,68,98,16,AZ62O#####EYR,2.99,1.08,1.38,3.5,6.0,13,2019-12-06 06:34:49.644847,A17BF#####0KQ0
98,0.7155:0.1348:0.7837:0.7255,0.8256:0.0327:0.4112:0.2156,5,50:40:60:55,63:13:6:5,4,50,1.1441994342256387,0.5526085247457696,353.0,0.25,1,158.5,0.3333333333333333,2,0.24376245090062415,prop:SbIZf,8.4581,9.176,4.321,14.0,6.5,2.2333,10.22,14.565,5.16,15.0,2.565,-1.0875,15.425,26,6,60_percent,4,6,3PA41K45WQA509QNVQVW5D7U1XU7P9,45,real,50,50,50,39,A36O6#####FT2Y,-3,2,3,2,1,2,3,2,3,3,2,2,-1,3,3,2,1,3,2,2,3,3,3,2,3,3,2,2,3,2,3,135,99,13,A41ZM#####BVC,4.3475,1.09,1.8,5.5,9.0,21,2019-12-06 07:14:29.389607,A36O6#####FT2Y
99,0.1348,0.0327,1,40,36,1,50,1.2137316295023657,0.09146390713715341,0.0,0.0,0,280.2,0.8333333333333334,5,2.117770946477709,prop:viaQw,10.0821,13.615,3.13,14.0,6.5,2.2333,30.0,11.525,5.16,14.5,2.565,-1.0875,15.425,105,0,80_percent,2,6,3PA41K45WQA509QNVQVW5D7U1XU7P9,50,real,40,40,40,22,A1HYD#####KM78,27,-2,3,-2,-2,-3,-1,2,-2,-2,2,2,-3,-1,3,3,-2,1,-2,-1,2,2,-1,-1,2,2,-2,1,2,-2,-3,323,100,16,A27NB#####JS8Q,2.48,1.05,1.3299999999999998,4.5,3.04,105,2019-12-06 07:23:41.689079,A1HYD#####KM78
100,1.0:0.0675:0.0068:0.7155:0.9321:0.9434:0.0822:0.7837,0.0254:0.0009:0.0479:0.8256:0.0547:0.0329:0.0007:0.4112,13,100:10:0:50:80:85:25:60,35:7:2:3:4:3:21:3,8,50,0.7862472003636766,-0.14646590795280967,395.0,0.25,1,233.8,0.8333333333333334,5,1.6419113162977828,prop:fJGMj,11.4502,12.202,7.626,14.0,6.5,13.0,30.0,14.565,5.16,15.0,2.565,-1.0875,14.8,18,0,60_percent,3,6,3PA41K45WQA509QNVQVW5D7U1XU7P9,100,real,100,100,100,8,A2QS8#####JAUU,-4,2,2,1,-2,1,2,1,-1,2,2,1,1,2,2,-1,1,-1,1,2,1,2,-1,-1,1,-1,1,-1,1,-1,1,108,101,8,A1PP1#####QA79,3.0125,1.05,1.5,3.5,6.0,17,2019-12-06 07:47:16.592739,A2QS8#####JAUU
101,0.1348:0.7155:0.1491:0.0822:0.9434:0.7837,0.0327:0.8256:0.0751:0.0007:0.0329:0.4112,6,40:50:45:25:85:60,45:19:4:3:3:10,6,50,0.7447665023958179,1.266671753738323,0.0,0.0,0,0.0,0.0,0,-0.2326447467246302,prop:2LQIE,11.2161,11.957,7.6922,14.0,4.1583,13.0,30.0,14.565,5.16,15.0,2.565,-1.0875,14.8,379,0,60_percent,6,3,3PA41K45WQA509QNVQVW5D7U1XU7P9,50,real,40,40,40,14,AJFVK#####SPE,56,-2,3,-3,-3,-2,-3,-2,-3,-3,3,-2,-2,1,3,2,1,1,2,-3,2,3,3,2,-3,1,1,2,-2,3,-2,253,102,12,AWDVZ#####E7K,4.0725,1.08,1.71,4.5,9.0,204,2019-12-06 08:46:03.048770,AJFVK#####SPE
