,cc_beta,cc_criterion,cc_false_alarm_avg_click_delay,cc_false_alarm_rate,cc_false_alarms,cc_hit_avg_click_delay,cc_hit_rate,cc_hits,cc_sensitivity,cpc_expected_value,cpc_expected_value_max,cpc_expected_value_min,cpc_q1,cpc_q10,cpc_q2,cpc_q3,cpc_q4,cpc_q5,cpc_q6,cpc_q7,cpc_q8,cpc_q9,cpc_time_spent,exp_ultimatum_game_experience,job_id,min_offer,ras_assertiveness,ras_q1,ras_q10,ras_q11,ras_q12,ras_q13,ras_q14,ras_q15,ras_q16,ras_q17,ras_q18,ras_q19,ras_q2,ras_q20,ras_q21,ras_q22,ras_q23,ras_q24,ras_q25,ras_q26,ras_q27,ras_q28,ras_q29,ras_q3,ras_q30,ras_q4,ras_q5,ras_q6,ras_q7,ras_q8,ras_q9,ras_time_spent,resp_time_spent,risk_expected_value,risk_q1,risk_q2,risk_q3,risk_q4,risk_time_spent,time_start,time_stop,timestamp,worker_id,status,updated,resp_worker_id,ai_offer,model_type
0,0.7862472003636766,-0.14646590795280967,322.0,0.25,1,291.0,0.8333333333333334,5,1.6419113162977828,9.9165,14.127,3.6885,7.0,6.5,13.0,30.0,14.565,5.16,14.5,2.015,-9.0,15.425,117,0,34HEO7RUH908VO40FLB5KZ9Z2IARAN,50,53,-1,1,-2,-3,-2,-3,-2,-2,-3,1,-1,-2,2,2,3,-2,-2,2,-2,2,1,1,2,-2,1,-2,1,1,2,-2,133,14,3.005,1.0499999999999998,1.99,4.0,4.98,74,1572988862.2114658,1572988876.5377624,2019-11-05 22:21:16.668128,A1TSV#####NTR4,judged,1572991110.5569859,A2W3A#####J861,50,real
1,0.7862472003636766,-0.14646590795280967,285.0,0.25,1,308.0,0.8333333333333334,5,1.6419113162977828,10.5161,11.307,6.9422,7.0,4.1583,13.0,30.0,14.565,5.16,15.0,2.565,-1.0875,14.8,96,0,34HEO7RUH908VO40FLB5KZ9Z2IARAN,40,36,1,-2,-1,1,-2,-3,1,-2,1,-1,-2,2,1,3,3,-2,-3,3,-3,2,3,1,2,-3,1,-3,3,-2,2,-1,413,12,1.82,1.04,1.2000000000000002,2.0,3.04,31,1572991796.0934827,1572991807.9458807,2019-11-05 23:10:08.114052,A2K17#####21BG,judged,1572994722.1867964,AT6LD#####USE,50,real
2,1.2137316295023657,0.09146390713715341,0.0,0.0,0,413.4,0.8333333333333334,5,2.117770946477709,11.4628,15.852,4.001,14.0,6.5,13.0,30.0,14.565,5.16,14.5,2.565,-1.0875,15.425,70,0,34HEO7RUH908VO40FLB5KZ9Z2IARAN,5,49,-2,2,-3,-3,-2,-3,-3,-2,-3,2,1,-3,2,2,3,-2,-3,-2,-3,1,1,-2,-1,-3,1,-3,2,-1,1,-3,94,6,4.645,1.09,1.99,5.5,10.0,47,1572992822.166591,1572992827.6997297,2019-11-05 23:27:07.812981,AEWT7#####L5V,judged,1573084296.163908,A3C0N#####FTZQ,50,real
3,1.2137316295023657,0.09146390713715341,0.0,0.0,0,310.8,0.8333333333333334,5,2.117770946477709,11.2786,14.467,5.3073,14.0,4.1583,13.0,30.0,14.565,5.16,15.0,2.565,-1.0875,15.425,131,0,34HEO7RUH908VO40FLB5KZ9Z2IARAN,40,2,1,-1,2,2,2,1,-2,-2,-3,-3,2,3,-1,-1,2,-2,2,-1,-2,1,2,-1,-1,-3,-1,-2,2,-1,1,-2,219,20,4.645,1.09,1.99,5.5,10.0,104,1573007492.7052495,1573007512.8178916,2019-11-06 03:31:52.984930,A2JDY#####M5UN,judged,1573080482.3881474,A26LO#####ZZCO,50,real
4,0.7862472003636766,-0.14646590795280967,211.0,0.25,1,295.0,0.8333333333333334,5,1.6419113162977828,11.4502,12.202,7.626,14.0,6.5,13.0,30.0,14.565,5.16,15.0,2.565,-1.0875,14.8,89,20,3M4KL7H8LYTJFHTGREFEY3P023061U,20,-61,3,-3,3,3,3,2,2,-1,2,-3,2,3,-1,-1,-2,3,2,-2,3,-1,-2,-2,-3,2,2,3,-1,-2,-2,-1,97,5,2.2475,1.0,1.0,3.0,3.9899999999999998,35,1573085000.6313813,1573085005.5383444,2019-11-07 01:03:25.738519,A3UQ9#####VQKR,judged,1573085684.1322405,A1N16#####QEY6,50,real
5,0.6262834321863123,-0.4837107830508505,172.0,0.5,2,288.6,0.8333333333333334,5,0.967421566101701,11.0418,11.982,8.5798,14.0,4.1583,13.0,30.0,14.565,3.4167,15.0,2.565,-1.0875,14.8,63,0,3M4KL7H8LYTJFHTGREFEY3P023061U,50,4,-1,2,-3,-3,-3,-3,3,1,-3,-2,2,-2,-2,1,-2,1,2,-3,-2,-3,-3,1,-1,-1,2,-3,2,-3,2,-2,117,7,1.3975,1.0,1.08,1.53,1.9800000000000002,47,1573085777.1834521,1573085784.2937944,2019-11-07 01:16:24.584742,A200R#####4AJ8,judged,1573086395.7494671,A1XE5#####O5HH,50,real
6,0.48245473974625286,-0.3542521884522782,443.0,0.25,1,380.8333333333333,1.0,6,2.0574838772967197,8.2966,11.244,2.5662,7.0,4.1583,13.0,10.22,11.525,5.16,15.0,2.565,-1.0875,15.425,130,1,3M4KL7H8LYTJFHTGREFEY3P023061U,5,11,-1,1,2,2,2,-2,-1,-1,1,2,-1,2,1,-1,-1,-3,2,1,2,1,2,-1,1,-2,-2,-3,2,-2,1,-1,241,11,1.395,0.9900000000000001,1.08,1.53,1.9800000000000002,67,1573087385.579064,1573087396.552444,2019-11-07 01:43:16.710307,A2UP4#####92NV,judged,1573088654.6399229,A3UEE#####25TS,50,real
7,0.7862472003636766,-0.14646590795280967,243.0,0.25,1,227.6,0.8333333333333334,5,1.6419113162977828,8.28,10.481,5.6123,14.0,4.1583,13.0,10.22,14.565,3.4167,15.0,2.015,-9.0,15.425,83,0,3M4KL7H8LYTJFHTGREFEY3P023061U,30,-12,1,-2,1,2,-2,-3,1,3,2,-2,3,1,1,1,1,-1,-1,-2,1,1,1,-1,-2,1,2,-1,2,-2,1,-1,139,9,2.8875,1.05,1.5,3.0,6.0,28,1573156946.129406,1573156954.9174974,2019-11-07 21:02:35.145852,A3KQT#####8T1Z,judged,1573160160.9055643,A11C2#####G6JK,50,real
8,1.2554175313546803,0.33724487509804085,298.0,0.25,1,232.66666666666666,0.5,3,0.6744897501960817,9.959,10.467,7.626,7.0,6.5,13.0,30.0,14.565,5.16,15.0,2.565,-9.0,14.8,102,1,3ICOHX7EOFHNL71D1DUCWMY3EAAE0E,50,-12,1,-2,-1,1,2,-2,-2,-1,-3,-1,3,1,-1,-1,-2,1,2,-2,1,-1,-3,1,-2,1,-1,-2,2,-2,2,-1,160,23,2.8425,1.04,1.3299999999999998,3.0,6.0,189,1573204201.9193392,1573204224.7188292,2019-11-08 10:10:24.901649,A4SC8#####GEG,judged,1573205645.8660035,ACRBW#####8F5,50,real
9,1.2137316295023657,0.09146390713715341,0.0,0.0,0,334.8,0.8333333333333334,5,2.117770946477709,11.3953,12.212,7.3135,14.0,6.5,13.0,30.0,14.565,5.16,15.0,2.015,-1.0875,14.8,95,0,3ICOHX7EOFHNL71D1DUCWMY3EAAE0E,50,-17,2,1,1,1,-1,1,1,2,2,-2,1,3,-2,1,2,-1,1,-1,2,-2,1,-1,1,-1,1,2,1,-1,1,-1,133,21,1.7775,0.9900000000000001,1.08,2.0,3.04,26,1573206029.0621626,1573206049.905372,2019-11-08 10:40:50.082568,A19ZA#####0BKI,judged,1573206851.2429342,A1OZN#####LC9V,50,real
10,0.7447665023958179,1.266671753738323,0.0,0.0,0,0.0,0.0,0,-0.2326447467246302,10.1669,13.09,5.24,7.0,6.5,13.0,30.0,11.525,3.4167,14.5,2.015,-1.0875,14.8,139,0,3ICOHX7EOFHNL71D1DUCWMY3EAAE0E,35,16,1,1,1,1,1,-1,1,-2,-1,1,1,-1,1,1,3,-1,1,2,-1,2,2,2,1,-1,2,2,1,-1,2,-1,211,21,1.8525,1.0499999999999998,1.38,3.0,1.9800000000000002,37,1573206007.6774383,1573206028.6809325,2019-11-08 10:40:28.823433,A12OZ#####1SJI,judged,1573207027.69136,A3U30#####P0J6,50,real
11,0.7447665023958179,1.266671753738323,0.0,0.0,0,0.0,0.0,0,-0.2326447467246302,11.4628,15.852,4.001,14.0,6.5,13.0,30.0,14.565,5.16,14.5,2.565,-1.0875,15.425,74,10,3ICOHX7EOFHNL71D1DUCWMY3EAAE0E,50,-7,2,1,1,1,-1,-1,-1,-1,1,1,-1,-1,1,1,1,-1,2,-1,-1,-1,-1,-1,-1,2,2,-1,1,-2,-2,2,145,9,3.0,1.0,1.5,3.5,6.0,45,1573206283.898405,1573206293.0140665,2019-11-08 10:44:53.171856,AFIK3#####6G6,judged,1573207102.210522,A1C7X#####D8JE,50,real
12,0.7447665023958179,1.266671753738323,0.0,0.0,0,0.0,0.0,0,-0.2326447467246302,8.3406,6.676,6.3935,14.0,6.5,2.2333,10.22,14.565,5.16,15.0,2.015,-1.0875,14.8,135,20,3ICOHX7EOFHNL71D1DUCWMY3EAAE0E,10,-21,1,1,2,3,1,2,1,2,-1,1,1,2,2,-2,-1,2,2,1,3,-1,1,-1,1,3,1,-1,1,1,2,3,290,14,2.4775,1.08,1.3299999999999998,2.52,4.98,149,1573208039.6182723,1573208053.3922663,2019-11-08 11:14:13.543084,A3UN1#####KKE6,judged,1573209696.9221683,A2U3H#####QNPE,50,real
13,0.7447665023958179,1.266671753738323,0.0,0.0,0,0.0,0.0,0,-0.2326447467246302,10.609,12.257,7.136,14.0,6.5,13.0,30.0,14.565,5.16,14.5,2.565,-9.0,14.8,30,2,3ICOHX7EOFHNL71D1DUCWMY3EAAE0E,40,33,-3,3,-1,3,3,-3,3,-3,-3,-3,3,-3,3,3,3,-3,-3,1,-3,3,-3,-3,3,1,3,-3,3,3,3,-2,452,25,3.0125,1.05,1.5,3.5,6.0,45,1573210343.5979483,1573210368.2608516,2019-11-08 11:52:48.720358,A1AEN#####Y9NJ,judged,1573222728.3216877,AUZPU#####TX5,50,real
14,1.1441994342256387,0.12188122545031213,360.0,0.25,1,414.25,0.6666666666666666,4,1.1052170494915392,7.4064,5.781,5.7098,7.0,4.1583,2.2333,10.22,14.565,5.16,15.0,2.015,-1.0875,14.8,28,0,3ICOHX7EOFHNL71D1DUCWMY3EAAE0E,100,-4,1,1,1,1,1,1,1,1,2,1,1,1,1,2,1,1,1,2,1,1,1,1,1,1,1,1,1,1,1,2,71,12,4.645,1.09,1.99,5.5,10.0,41,1573227160.1738696,1573227171.8366358,2019-11-08 16:32:51.994669,AL2JY#####Z2H,judged,1573228579.7941418,A2KBT#####J7X4,50,real
15,0.7447665023958179,1.266671753738323,0.0,0.0,0,0.0,0.0,0,-0.2326447467246302,10.609,12.257,7.136,14.0,6.5,13.0,30.0,14.565,5.16,14.5,2.565,-9.0,14.8,111,1,3ICOHX7EOFHNL71D1DUCWMY3EAAE0E,30,12,2,2,1,-1,1,-1,-1,-1,-3,-1,-1,1,-1,2,2,-1,1,1,-2,-1,-1,1,1,1,1,-2,1,-1,3,1,128,176,4.645,1.09,1.99,5.5,10.0,23,1573229426.9874294,1573229603.153243,2019-11-08 17:13:23.759106,A3BXT#####C6F3,judged,1573231592.1588516,A3C2X#####NNLV,50,real
16,1.2137316295023657,0.09146390713715341,0.0,0.0,0,372.8,0.8333333333333334,5,2.117770946477709,6.9831,6.159,5.9388,7.0,4.1583,2.2333,10.22,11.525,3.4167,15.0,2.565,-1.0875,14.8,46,10,3ICOHX7EOFHNL71D1DUCWMY3EAAE0E,50,-45,2,-3,2,2,3,1,2,3,-2,-2,2,2,1,1,1,2,1,-1,2,-2,-2,-1,-1,3,3,2,-1,-2,-2,1,109,5,1.395,0.9900000000000001,1.08,1.53,1.9800000000000002,20,1573232331.4340081,1573232336.8338587,2019-11-08 17:58:57.049438,A3NMU#####ZCNC,judged,1573235120.8599756,A39XI#####NHFU,50,real
17,0.7862472003636766,-0.14646590795280967,50.0,0.25,1,352.6,0.8333333333333334,5,1.6419113162977828,11.1661,13.097,6.4523,14.0,4.1583,13.0,30.0,14.565,5.16,14.5,2.565,-1.0875,14.8,94,5,3NBFJK3IPKO682PN9TMBMQFXPULGO5,50,-76,2,-3,3,3,3,3,3,3,3,-3,3,3,-3,-3,-2,2,3,-3,3,-3,-2,-3,-3,3,3,2,-1,1,-1,2,115,6,2.595,1.02,1.38,3.0,4.98,42,1573248398.0898833,1573248404.5880024,2019-11-08 22:26:44.709185,A36DK#####J942,judged,1573249283.4479766,A2GG7#####IXUR,50,real
18,1.2137316295023657,0.09146390713715341,0.0,0.0,0,316.8,0.8333333333333334,5,2.117770946477709,10.6715,14.767,4.751,14.0,6.5,13.0,30.0,14.565,5.16,14.5,2.565,-9.0,15.425,75,1,3NBFJK3IPKO682PN9TMBMQFXPULGO5,50,39,-3,-3,-3,-3,-3,-3,-3,-2,-1,-1,2,-3,-2,-3,3,-3,3,-1,-3,3,3,2,-2,-2,-2,-3,2,1,2,-3,179,7,1.0,1.0,1.0,1.0,1.0,30,1573248535.0875862,1573248542.4931996,2019-11-08 22:29:02.688287,A2WVC#####YGML,judged,1573249533.6321485,A26NG#####ATVN,50,real
19,0.7447665023958179,-0.1163223733623151,0.0,0.0,0,308.6666666666667,1.0,6,2.533343507476646,9.4722,9.266,6.606,14.0,6.5,13.0,10.22,14.565,5.16,15.0,2.565,-1.0875,14.8,74,0,3NBFJK3IPKO682PN9TMBMQFXPULGO5,50,-28,3,-3,1,3,3,-3,-1,2,-3,-3,-2,3,-2,3,-2,-2,2,-2,3,-2,-3,-2,-2,2,2,-3,2,-3,-1,-2,138,8,4.645,1.09,1.99,5.5,10.0,35,1573248603.2734344,1573248611.376803,2019-11-08 22:30:11.588615,A219Y#####4TM2,judged,1573249664.6597366,A270H#####LJ8W,50,real
20,0.7447665023958179,-0.1163223733623151,0.0,0.0,0,305.8333333333333,1.0,6,2.533343507476646,7.331,10.184,4.2038,7.0,4.1583,13.0,10.22,11.525,3.4167,15.0,2.565,-9.0,15.425,47,2,3NBFJK3IPKO682PN9TMBMQFXPULGO5,50,43,-1,1,-2,-2,-2,-3,-2,-2,-3,1,-2,-2,1,3,2,-2,-2,-1,-2,2,1,1,2,-2,1,-2,-1,-3,2,-2,102,4,4.645,1.09,1.99,5.5,10.0,23,1573249726.230169,1573249730.3497415,2019-11-08 22:48:50.458189,A3M8U#####JPDF,judged,1573250429.1859262,AOWW3#####J6U,50,real
21,1.2137316295023657,0.09146390713715341,0.0,0.0,0,295.4,0.8333333333333334,5,2.117770946477709,10.4248,10.872,8.4422,14.0,4.1583,13.0,30.0,14.565,5.16,15.0,2.565,-9.0,14.8,70,0,3NBFJK3IPKO682PN9TMBMQFXPULGO5,50,-29,1,-2,2,3,3,1,1,2,-1,-2,3,1,-1,-1,1,1,1,-2,-2,-2,1,-1,-2,1,-1,1,-1,-1,-1,-2,113,7,4.645,1.09,1.99,5.5,10.0,31,1573249899.3673837,1573249906.6980782,2019-11-08 22:51:46.902201,A2CJY#####7HN6,judged,1573250454.0897062,A3I0I#####KFFZ,50,real
22,1.2137316295023657,0.09146390713715341,0.0,0.0,0,369.0,0.8333333333333334,5,2.117770946477709,10.4248,10.872,8.4422,14.0,4.1583,13.0,30.0,14.565,5.16,15.0,2.565,-9.0,14.8,152,0,3NBFJK3IPKO682PN9TMBMQFXPULGO5,25,25,1,-1,1,-2,1,-3,-1,1,-3,-1,-1,-1,2,2,2,-1,2,1,-1,1,2,1,2,-1,1,-2,2,-1,2,-2,207,15,3.925,1.0,1.2000000000000002,3.5,10.0,102,1573249776.0263863,1573249791.3948786,2019-11-08 22:49:51.601567,A3UDU#####D833,judged,1573250743.807691,AMARS#####3TG,50,real
23,0.6262834321863123,0.4837107830508505,223.0,0.5,2,162.0,0.16666666666666666,1,-0.967421566101701,9.9952,15.355,2.9212,7.0,4.1583,13.0,30.0,11.525,3.4167,14.5,2.015,-1.0875,15.425,12,3,3NBFJK3IPKO682PN9TMBMQFXPULGO5,25,1,3,-2,-2,3,2,3,2,3,2,2,-2,1,-2,3,2,3,2,-1,-2,-1,3,2,2,-3,-2,-3,2,3,1,3,14,5,2.2275,1.05,1.38,4.5,1.9800000000000002,4,1573249935.1179647,1573249939.707592,2019-11-08 22:52:19.820279,A3LCU#####I8HC,judged,1573250785.065176,A3JLE#####17E2,50,real
24,1.1441994342256387,0.12188122545031213,203.0,0.25,1,348.25,0.6666666666666666,4,1.1052170494915392,8.1791,8.744,4.6388,7.0,4.1583,13.0,10.22,11.525,5.16,15.0,2.015,-1.0875,14.8,41,16,3NBFJK3IPKO682PN9TMBMQFXPULGO5,5,-9,-1,-3,3,3,3,-3,-3,-3,-3,-3,3,-3,-3,-3,-3,-3,3,3,3,3,-3,-3,-3,3,-3,-3,2,-3,3,-3,102,9,2.2225,1.0499999999999998,1.3299999999999998,2.52,3.9899999999999998,37,1573250840.1652315,1573250849.170114,2019-11-08 23:07:29.372856,AZ8JL#####Y4U,judged,1573251216.8799956,A2F2D#####U4AK,50,real
25,0.7447665023958179,-0.1163223733623151,0.0,0.0,0,359.8333333333333,1.0,6,2.533343507476646,9.9465,11.26,8.3587,14.0,4.1583,13.0,30.0,11.525,3.4167,15.0,2.565,-9.0,14.8,79,0,3NBFJK3IPKO682PN9TMBMQFXPULGO5,40,-2,-2,2,1,-1,1,1,1,1,-1,1,1,-2,-1,1,1,-1,1,-1,1,1,-1,1,-2,-1,2,2,-1,1,-1,-1,62,9,4.27,1.09,1.99,5.0,9.0,27,1573250897.308943,1573250906.5604637,2019-11-08 23:08:26.721989,A250F#####CGK9,judged,1573251240.331696,A2SO6#####GBB7,50,real
26,0.7862472003636766,0.8209556581488914,152.0,0.25,1,468.0,0.16666666666666666,1,-0.29293181590561934,9.0632,10.779,4.0825,14.0,6.5,13.0,10.22,11.525,5.16,14.5,2.015,-1.0875,14.8,32,0,3NBFJK3IPKO682PN9TMBMQFXPULGO5,40,-9,-1,-1,-1,1,2,1,-1,1,1,1,2,2,1,1,2,1,3,3,2,1,1,2,1,2,2,3,1,-2,1,1,46,10,1.395,0.9900000000000001,1.08,1.53,1.9800000000000002,23,1573250991.875655,1573251001.6041582,2019-11-08 23:10:01.807344,A1VL7#####NPX0,judged,1573251349.3752546,AWH9P#####UCX,50,real
27,0.48245473974625286,1.0287419386483598,181.0,0.25,1,0.0,0.0,0,-0.7085043769045564,10.4373,14.522,4.8173,14.0,4.1583,13.0,30.0,14.565,5.16,14.5,2.565,-9.0,15.425,54,25,3NBFJK3IPKO682PN9TMBMQFXPULGO5,40,-2,2,1,1,-2,-3,-3,2,-1,-2,-2,2,2,1,2,1,1,1,-3,-1,-2,-2,1,-2,1,1,-2,1,-2,1,-2,140,6,4.645,1.09,1.99,5.5,10.0,12,1573250932.3908472,1573250938.3776274,2019-11-08 23:08:58.554495,A1D9Z#####6SAF,judged,1573251416.4393516,AEF74#####EIA,50,real
28,1.2137316295023657,1.0588854732388544,0.0,0.0,0,175.0,0.16666666666666666,1,0.18292781427430682,8.4665,10.765,5.2575,7.0,6.5,2.2333,30.0,11.525,3.4167,15.0,2.565,-9.0,15.425,14,1,3NBFJK3IPKO682PN9TMBMQFXPULGO5,10,11,1,-2,2,-2,-1,-2,-1,-2,-2,-1,1,-2,1,-1,-2,1,1,-2,-1,1,1,2,-2,-2,1,-1,1,2,2,-2,103,279,3.9725,1.08,1.8,5.0,8.01,7,1573250985.7505853,1573251264.862696,2019-11-08 23:14:25.373447,A152N#####ZBUI,judged,1573252276.3063376,A2Y2A#####U47Q,50,real
29,1.7663033243692394,0.7905383398357327,0.0,0.0,0,353.0,0.3333333333333333,2,0.7196220810805503,10.1955,10.907,9.0172,14.0,4.1583,13.0,30.0,14.565,3.4167,15.0,2.015,-9.0,14.8,19,0,3NBFJK3IPKO682PN9TMBMQFXPULGO5,40,0,-1,-2,-2,2,1,1,2,2,-1,-1,1,1,-1,-1,2,1,1,2,1,2,1,1,1,-1,2,-1,1,1,2,-1,33,6,1.0,1.0,1.0,1.0,1.0,16,1573251467.805987,1573251474.1310718,2019-11-08 23:17:54.295712,A3OA4#####JOZ7,judged,1573252287.5723221,A16SA#####96G4,50,real
30,0.7447665023958179,-0.1163223733623151,0.0,0.0,0,393.5,1.0,6,2.533343507476646,10.1333,14.885,3.8463,14.0,4.1583,13.0,30.0,11.525,5.16,14.5,2.565,-9.0,15.425,86,0,3NBFJK3IPKO682PN9TMBMQFXPULGO5,25,-36,3,2,3,2,-1,-1,-1,1,1,2,-1,3,-3,1,-1,3,3,-2,3,-1,-2,-2,-1,3,3,2,1,-2,-1,1,163,21,2.7275,1.05,1.3299999999999998,1.53,7.0,36,1573251225.0961099,1573251245.7751477,2019-11-08 23:14:05.928575,A2FLO#####A4ZS,judged,1573252529.6974864,A28AX#####PH1F,50,real
31,1.2137316295023657,1.0588854732388544,0.0,0.0,0,340.0,0.16666666666666666,1,0.18292781427430682,7.7642,11.216,3.556,7.0,6.5,13.0,10.22,14.565,3.4167,14.5,2.015,-9.0,15.425,35,5,3NBFJK3IPKO682PN9TMBMQFXPULGO5,10,-2,1,-1,1,-1,1,-1,1,-1,1,-1,1,-1,-1,1,-1,1,-1,1,-1,1,-1,1,1,-1,-1,1,-1,1,-1,1,69,18,2.8125,1.0499999999999998,1.2000000000000002,2.0,7.0,38,1573251361.694516,1573251379.814713,2019-11-08 23:16:19.988220,A1NYI#####BOTP,judged,1573252551.4873528,A3SXE#####XBMM,50,real
32,0.7862472003636766,-0.14646590795280967,173.0,0.25,1,334.0,0.8333333333333334,5,1.6419113162977828,7.8574,6.784,5.8013,14.0,4.1583,2.2333,10.22,11.525,5.16,15.0,2.565,-1.0875,14.8,31,3,3NBFJK3IPKO682PN9TMBMQFXPULGO5,50,14,-1,3,-2,2,-1,1,1,1,1,1,3,-1,-1,1,1,-1,2,1,-1,1,3,2,-2,-1,1,1,3,2,1,-3,133,14,3.0125,1.0499999999999998,1.5,3.5,6.0,23,1573251534.089626,1573251547.9470758,2019-11-08 23:19:08.204611,AV8T3#####PPS,judged,1573252648.2998638,A2INX#####M92F,50,real
33,1.7663033243692394,0.7905383398357327,0.0,0.0,0,373.5,0.3333333333333333,2,0.7196220810805503,7.8699,10.434,2.1763,14.0,4.1583,2.2333,10.22,11.525,5.16,14.5,2.565,-1.0875,15.425,13,1,3NBFJK3IPKO682PN9TMBMQFXPULGO5,45,10,-2,-1,-1,-1,-1,-1,1,1,-1,-1,-1,2,-1,2,2,-1,1,2,-1,-1,2,-1,1,-1,-1,-1,2,-1,-1,2,52,10,2.595,1.02,1.38,3.0,4.98,68,1573252869.9969342,1573252880.183716,2019-11-08 23:41:20.375344,A3CWE#####V7TL,judged,1573253651.9010346,ATP43#####P0C,50,real
34,0.7862472003636766,0.14646590795280967,320.6666666666667,0.75,3,245.0,0.16666666666666666,1,-1.6419113162977828,6.6277,8.346,2.8348,7.0,4.1583,2.2333,10.22,14.565,5.16,14.5,2.015,-9.0,15.425,8,1,3NBFJK3IPKO682PN9TMBMQFXPULGO5,50,19,1,2,-2,1,-1,-2,1,-3,-3,-1,-3,-3,3,-2,-3,-3,1,-1,-1,-1,-2,1,1,-2,-3,-2,-1,-3,3,1,30,23,2.6925,1.08,1.71,3.0,4.98,14,1573252951.4104557,1573252974.7804441,2019-11-08 23:42:55.128963,ADKYB#####815,judged,1573253869.5222633,A3D8W#####SOH,50,real
35,1.7663033243692394,0.35981104054027524,0.0,0.0,0,379.0,0.6666666666666666,4,1.5810766796714653,6.9831,6.159,5.9388,7.0,4.1583,2.2333,10.22,11.525,3.4167,15.0,2.565,-1.0875,14.8,40,1,3NBFJK3IPKO682PN9TMBMQFXPULGO5,45,27,-2,-1,-1,1,2,-2,-2,-1,-2,-2,1,1,-1,2,2,-2,-1,1,-2,1,1,2,2,-2,-2,-1,2,-1,2,-2,104,15,1.59,1.0499999999999998,1.3299999999999998,2.0,1.9800000000000002,39,1573253165.0586424,1573253179.9328535,2019-11-08 23:46:20.136089,A36O6#####XLJR,judged,1573253996.483823,A3NMQ#####6YE0,50,real
36,0.7862472003636766,-0.14646590795280967,444.0,0.25,1,418.6,0.8333333333333334,5,1.6419113162977828,10.4248,10.872,8.4422,14.0,4.1583,13.0,30.0,14.565,5.16,15.0,2.565,-9.0,14.8,68,15,3NBFJK3IPKO682PN9TMBMQFXPULGO5,40,28,1,2,-2,2,-2,-2,-1,-1,1,-2,2,-2,2,3,2,-2,-1,-3,-2,2,2,2,-3,-2,-1,1,2,3,3,-2,126,8,2.0175,1.0,1.08,2.0,3.9899999999999998,32,1573253941.3728359,1573253949.0241513,2019-11-08 23:59:09.232410,A3NM3#####EI3J,judged,1573254413.6648955,AAAHL#####A2U,50,real
37,0.6262834321863123,-0.4837107830508505,210.5,0.5,2,270.2,0.8333333333333334,5,0.967421566101701,8.3968,9.076,6.1823,14.0,4.1583,13.0,10.22,14.565,5.16,14.5,2.565,-9.0,14.8,131,3,3NBFJK3IPKO682PN9TMBMQFXPULGO5,25,-10,1,-3,1,2,3,1,-1,-2,-3,-2,3,1,2,1,1,-3,1,-3,1,-3,-1,1,-3,1,1,-2,1,2,1,-1,166,28,3.605,1.08,1.3299999999999998,4.0,8.01,97,1573254073.4533567,1573254101.240375,2019-11-09 00:01:41.359404,A2CHD#####3P3E,judged,1573254830.4905295,A28VE#####E3B8,50,real
38,1.1441994342256387,0.12188122545031213,376.0,0.25,1,420.0,0.6666666666666666,4,1.1052170494915392,11.4002,13.342,6.386,14.0,6.5,13.0,30.0,14.565,5.16,14.5,2.565,-1.0875,14.8,198,0,3NBFJK3IPKO682PN9TMBMQFXPULGO5,50,-16,1,-1,2,1,2,1,1,2,-2,-2,3,1,-3,-1,1,-2,2,-2,1,1,1,-1,-2,-2,1,-2,-1,-1,2,-3,161,13,4.645,1.09,1.99,5.5,10.0,58,1573254504.9743419,1573254518.3642282,2019-11-09 00:08:38.569375,ATYVQ#####Y2G,judged,1573255245.808905,A37XJ#####ZYC,50,real
39,0.38429823361288545,-0.691497063550319,282.5,0.5,2,300.3333333333333,1.0,6,1.382994127100638,10.2005,12.037,8.0898,14.0,4.1583,13.0,30.0,14.565,3.4167,14.5,2.565,-9.0,14.8,39,5,3NBFJK3IPKO682PN9TMBMQFXPULGO5,70,4,1,1,1,1,1,-1,1,-1,1,1,1,-1,1,1,1,-1,-1,1,-1,-1,1,-1,1,1,-1,1,-1,1,1,1,112,45,2.3425,1.0499999999999998,1.3299999999999998,3.0,3.9899999999999998,29,1573254881.3271317,1573254926.1972895,2019-11-09 00:15:29.660718,A1IXV#####DXTG,judged,1573255493.5462732,A2J6Q#####TRVM,50,real
40,1.7663033243692394,0.35981104054027524,0.0,0.0,0,273.0,0.6666666666666666,4,1.5810766796714653,11.1661,13.097,6.4523,14.0,4.1583,13.0,30.0,14.565,5.16,14.5,2.565,-1.0875,14.8,119,1,3NBFJK3IPKO682PN9TMBMQFXPULGO5,50,-11,1,-1,2,3,3,1,-1,1,-2,1,2,1,1,1,-2,-2,1,-2,2,-1,-1,2,-2,2,2,-2,3,1,2,-1,194,19,4.645,1.09,1.99,5.5,10.0,122,1573254564.75078,1573254584.1537952,2019-11-09 00:09:44.355607,A28MD#####QHMS,judged,1573255462.6695073,A36FB#####N139,50,real
41,0.6262834321863123,-0.4837107830508505,268.5,0.5,2,197.6,0.8333333333333334,5,0.967421566101701,9.8354,9.72,6.8213,14.0,4.1583,2.2333,30.0,11.525,5.16,15.0,2.565,-1.0875,14.8,59,0,3NBFJK3IPKO682PN9TMBMQFXPULGO5,50,-56,3,-3,3,3,2,-1,1,3,-1,-3,3,3,-2,-3,-2,3,3,-3,3,-2,-3,-2,-1,3,1,-3,1,-2,1,3,106,15,2.595,1.02,1.38,3.0,4.98,35,1573255180.1511507,1573255194.996763,2019-11-09 00:19:55.135963,AH4S2#####26G,judged,1573255751.221921,A2RLY#####6ETD,50,real
42,1.1441994342256387,0.12188122545031213,358.0,0.25,1,339.5,0.6666666666666666,4,1.1052170494915392,8.8841,10.524,4.4613,14.0,4.1583,13.0,10.22,11.525,5.16,14.5,2.565,-1.0875,14.8,111,0,3NBFJK3IPKO682PN9TMBMQFXPULGO5,50,37,-2,2,-1,-3,-2,-3,-3,1,-3,1,-3,1,-1,1,1,-3,2,2,-3,-3,1,3,1,3,-2,-3,2,-1,2,-2,145,10,1.7475,1.0,1.0,1.0,3.9899999999999998,42,1573255199.0117486,1573255209.2181022,2019-11-09 00:20:09.421318,A2NML#####WFN2,judged,1573255770.7951064,A34V3#####3BMF,50,real
43,1.2554175313546803,0.33724487509804085,335.0,0.25,1,275.6666666666667,0.5,3,0.6744897501960817,7.8574,6.784,5.8013,14.0,4.1583,2.2333,10.22,11.525,5.16,15.0,2.565,-1.0875,14.8,110,0,3NBFJK3IPKO682PN9TMBMQFXPULGO5,50,66,-2,3,-2,-2,-3,-3,1,-2,-3,2,-2,-3,2,2,3,-3,-3,2,-3,2,1,3,2,-3,1,-3,2,2,2,-3,122,9,4.2875,1.0499999999999998,1.6,4.5,10.0,59,1573255246.0895548,1573255254.7568033,2019-11-09 00:20:54.910050,A1Y9V#####LS5K,judged,1573255904.5318034,AGY4F#####H9G,50,real
44,0.7447665023958179,1.266671753738323,0.0,0.0,0,0.0,0.0,0,-0.2326447467246302,10.9918,13.122,7.3398,14.0,4.1583,13.0,30.0,14.565,3.4167,14.5,2.565,-1.0875,14.8,61,0,3NBFJK3IPKO682PN9TMBMQFXPULGO5,30,4,1,1,-1,1,-1,-1,1,-1,1,-1,1,-1,-1,1,-1,1,-1,1,-1,1,-1,1,1,1,1,-1,1,-1,1,-1,48,16,3.665,1.05,1.6,4.0,8.01,40,1573255410.550861,1573255426.3209805,2019-11-09 00:23:46.480076,A3AHC#####3Q23,judged,1573255879.9394634,A1X44#####IQ78,50,real
45,1.1441994342256387,0.12188122545031213,269.0,0.25,1,282.75,0.6666666666666666,4,1.1052170494915392,9.7929,13.38,2.8838,14.0,4.1583,2.2333,30.0,11.525,5.16,14.5,2.015,-1.0875,15.425,77,0,3NBFJK3IPKO682PN9TMBMQFXPULGO5,50,-20,2,3,3,-1,3,-3,3,3,3,-3,-1,3,-3,1,-3,3,3,3,3,-1,1,1,3,2,3,-3,3,-1,3,1,202,8,1.0,1.0,1.0,1.0,1.0,25,1573255210.7020016,1573255218.4149554,2019-11-09 00:20:18.590908,A1GKD#####NHRP,judged,1573257133.4542246,AXTFS#####LO5,50,real
46,0.7447665023958179,-0.1163223733623151,0.0,0.0,0,353.5,1.0,6,2.533343507476646,9.8354,9.72,6.8213,14.0,4.1583,2.2333,30.0,11.525,5.16,15.0,2.565,-1.0875,14.8,98,0,3NBFJK3IPKO682PN9TMBMQFXPULGO5,50,36,-1,2,-2,-3,-1,-3,-2,-2,-3,1,-2,-2,-3,2,2,-3,-1,1,2,2,-1,-1,1,-2,2,-3,2,-2,1,-3,124,15,3.915,1.05,1.6,5.0,8.01,52,1573255279.9855807,1573255294.6361926,2019-11-09 00:21:34.794921,AXO22#####NVT,judged,1573255944.5629585,A3CPQ#####J09F,50,real
47,0.7862472003636766,-0.14646590795280967,423.0,0.25,1,356.8,0.8333333333333334,5,1.6419113162977828,9.3482,8.272,8.5422,14.0,4.1583,2.2333,30.0,14.565,5.16,15.0,2.565,-9.0,14.8,132,8,3NBFJK3IPKO682PN9TMBMQFXPULGO5,30,50,-2,-2,-2,-3,-1,-3,-3,-1,-3,-1,-2,-2,1,2,2,-3,-3,1,1,2,2,2,1,-1,-2,-2,2,2,2,-2,156,11,4.645,1.09,1.99,5.5,10.0,75,1573255244.2020938,1573255255.4948072,2019-11-09 00:20:55.646090,A2QCQ#####1QNL,judged,1573256245.6325831,A3T1A#####ZZXY,50,real
48,0.7447665023958179,1.266671753738323,0.0,0.0,0,0.0,0.0,0,-0.2326447467246302,10.0844,9.367,7.4798,14.0,4.1583,2.2333,30.0,14.565,5.16,15.0,2.015,-1.0875,14.8,33,2,3NBFJK3IPKO682PN9TMBMQFXPULGO5,100,8,1,-3,-3,-3,-3,-3,-3,-3,-2,1,1,-1,-3,-3,-3,-3,3,-3,-3,-3,-3,3,1,-3,-2,-3,-3,-3,-3,-3,145,35,2.8075,1.0499999999999998,1.2000000000000002,4.0,4.98,90,1573255329.1719728,1573255363.8381586,2019-11-09 00:22:44.042691,A3POD#####0DIW,judged,1573256352.7422822,A13Y9#####5X5P,50,real
49,0.48245473974625286,-1.0287419386483598,324.3333333333333,0.75,3,298.3333333333333,1.0,6,0.7085043769045564,7.1574,6.134,5.0513,7.0,4.1583,2.2333,10.22,11.525,5.16,15.0,2.565,-1.0875,14.8,62,0,3NBFJK3IPKO682PN9TMBMQFXPULGO5,45,-38,2,-2,1,2,3,-1,2,1,-3,-3,2,3,-1,-1,-1,1,1,-3,-1,-1,-3,-3,-1,3,1,-1,-2,-1,-1,-1,305,17,3.485,1.0499999999999998,1.38,3.5,8.01,89,1573255250.611115,1573255267.2791061,2019-11-09 00:21:07.442600,ATXAV#####2I,judged,1573256692.7477615,A1U3O#####I8JD,50,real
50,1.2137316295023657,0.09146390713715341,0.0,0.0,0,373.4,0.8333333333333334,5,2.117770946477709,9.1262,11.556,5.1748,14.0,4.1583,13.0,10.22,14.565,3.4167,15.0,2.565,-1.0875,15.425,62,0,3NBFJK3IPKO682PN9TMBMQFXPULGO5,60,13,-2,2,-2,2,-2,2,-2,2,-2,-2,2,-2,2,2,3,1,2,1,-2,-2,2,2,-2,-2,2,2,2,-2,2,-2,127,6,3.28,1.02,1.6,3.5,7.0,28,1573257142.6245403,1573257148.325594,2019-11-09 00:52:28.519400,A1KHR#####TDF6,judged,1573257487.7063155,A3DQL#####PEL8,50,real
51,0.7447665023958179,1.266671753738323,0.0,0.0,0,0.0,0.0,0,-0.2326447467246302,10.1394,9.357,7.7922,14.0,4.1583,2.2333,30.0,14.565,5.16,15.0,2.565,-1.0875,14.8,1834,0,3NBFJK3IPKO682PN9TMBMQFXPULGO5,25,33,-1,3,-3,-2,1,-3,3,-3,-3,3,1,-2,-2,3,2,-3,-1,-2,2,1,-1,3,-1,-3,3,-2,3,2,1,-2,278,10,3.1075,1.0499999999999998,1.38,3.0,7.0,175,1573255279.962585,1573255289.7573125,2019-11-09 00:21:30.139064,A6A9J#####9ZQ,judged,1573257810.935462,A23K7#####PV0D,50,real
52,0.7447665023958179,1.266671753738323,0.0,0.0,0,0.0,0.0,0,-0.2326447467246302,10.5286,14.957,3.3173,7.0,4.1583,13.0,30.0,14.565,5.16,14.5,2.565,-1.0875,15.425,130,4,3NBFJK3IPKO682PN9TMBMQFXPULGO5,20,2,-2,-1,-2,-2,-2,-3,1,-2,-2,-3,-1,1,-1,-1,-1,-1,2,-2,-1,1,-1,-2,-1,1,2,-1,1,-3,2,-2,151,18,4.645,1.09,1.99,5.5,10.0,203,1573257052.7580836,1573257070.4898922,2019-11-09 00:51:10.710714,A2WGW#####BDEC,judged,1573257875.5483165,A8KX1#####E2Q,50,real
53,1.9379909592455802,0.5751746901880039,0.0,0.0,0,382.6666666666667,0.5,3,1.1503493803760079,11.4002,13.342,6.386,14.0,6.5,13.0,30.0,14.565,5.16,14.5,2.565,-1.0875,14.8,34,0,3NBFJK3IPKO682PN9TMBMQFXPULGO5,25,16,-1,2,-2,-2,-3,-1,1,-1,-3,-3,3,-2,-1,2,1,-2,1,-2,-1,-2,1,1,-1,-1,1,-2,1,-1,1,-2,131,6,4.375,1.0,1.0,5.5,10.0,20,1573257571.995684,1573257577.7878304,2019-11-09 00:59:38.112825,A1AN6#####U3AT,judged,1573258041.4142268,A2FCQ#####PYHS,50,real
54,1.9379909592455802,0.5751746901880039,0.0,0.0,0,478.0,0.5,3,1.1503493803760079,9.0804,9.08,5.7588,7.0,4.1583,2.2333,30.0,11.525,5.16,15.0,2.015,-1.0875,14.8,113,10,3NBFJK3IPKO682PN9TMBMQFXPULGO5,25,-28,1,-3,1,3,3,3,2,3,-1,-2,-1,3,-1,-3,3,2,1,-1,3,-1,1,-3,-1,1,2,-3,3,1,3,1,312,22,3.25,1.0,1.0,1.0,10.0,105,1573257260.2096362,1573257281.8175545,2019-11-09 00:54:42.070072,A2VED#####2Q9Q,judged,1573258240.3208084,A1LE6#####JNIT,50,real
55,0.7447665023958179,-0.1163223733623151,0.0,0.0,0,244.33333333333334,1.0,6,2.533343507476646,8.658,9.032,7.3735,7.0,6.5,2.2333,30.0,14.565,3.4167,14.5,2.565,-9.0,14.8,121,25,3NBFJK3IPKO682PN9TMBMQFXPULGO5,5,-44,2,-3,3,3,3,3,3,3,3,-1,2,3,1,-1,-1,-2,3,-3,3,-3,-2,1,-2,3,3,-2,3,2,2,1,145,15,2.2225,1.0499999999999998,1.3299999999999998,2.52,3.9899999999999998,120,1573257663.7176304,1573257679.2091343,2019-11-09 01:01:19.401391,AN45K#####3NY,judged,1573258370.6857972,A2XC9#####6PLH,50,real
56,0.7447665023958179,-0.1163223733623151,0.0,0.0,0,414.6666666666667,1.0,6,2.533343507476646,11.2259,13.367,7.2735,14.0,6.5,13.0,30.0,14.565,3.4167,14.5,2.565,-1.0875,14.8,83,0,3NBFJK3IPKO682PN9TMBMQFXPULGO5,40,-49,1,-2,1,2,2,1,1,1,-2,-2,2,2,-2,-1,1,2,2,-2,2,-3,-3,-2,-2,2,1,2,-2,-3,-3,1,83,8,3.4125,1.05,1.6,4.0,7.0,36,1573258345.3142176,1573258353.0829575,2019-11-09 01:12:33.274314,A1T25#####X648,judged,1573259190.8451142,A3VTO#####TBRR,50,real
57,1.7663033243692394,0.7905383398357327,0.0,0.0,0,351.0,0.3333333333333333,2,0.7196220810805503,8.1791,8.744,4.6388,7.0,4.1583,13.0,10.22,11.525,5.16,15.0,2.015,-1.0875,14.8,122,0,3NBFJK3IPKO682PN9TMBMQFXPULGO5,25,-23,2,-2,1,-3,2,-1,2,2,-1,-3,-1,-1,-1,-1,-1,-1,2,-2,2,-1,-2,-2,-1,1,1,1,1,-1,2,1,217,18,3.8225,1.08,1.71,3.5,9.0,138,1573258115.556784,1573258133.1855857,2019-11-09 01:08:53.378123,A20NI#####4775,judged,1573259281.866917,A1ZK0#####6UPY,50,real
58,0.7862472003636766,0.8209556581488914,262.0,0.25,1,194.0,0.16666666666666666,1,-0.29293181590561934,9.5823,8.517,8.476,14.0,6.5,2.2333,30.0,14.565,5.16,15.0,2.565,-9.0,14.8,94,0,3NBFJK3IPKO682PN9TMBMQFXPULGO5,50,-5,1,2,2,1,1,1,2,2,2,1,1,1,2,2,1,2,2,2,2,2,2,2,3,2,1,2,1,1,1,2,95,9,1.0625,1.05,1.2000000000000002,1.0,1.0,110,1573262707.989584,1573262716.5615616,2019-11-09 02:25:16.756778,ADKSM#####0PA,judged,1573263488.2846224,A1YNB#####FUVW,50,real
59,1.2554175313546803,-0.33724487509804085,317.3333333333333,0.75,3,281.6666666666667,0.5,3,-0.6744897501960817,9.9151,10.522,7.4397,14.0,4.1583,2.2333,30.0,14.565,3.4167,14.5,2.565,-1.0875,14.8,23,0,3NBFJK3IPKO682PN9TMBMQFXPULGO5,40,5,-1,1,-2,-2,-2,1,1,-1,1,1,1,-1,1,-1,-1,-1,1,-1,1,1,-1,1,1,-1,-1,1,-1,1,-1,1,61,15,2.4275,1.02,1.2000000000000002,3.5,3.9899999999999998,8,1573263051.6760404,1573263066.788999,2019-11-09 02:31:06.959918,A3PV3#####D2RU,judged,1573264073.1689916,A1842#####Z590,50,real
60,1.0,0.0,281.5,0.5,2,343.3333333333333,0.5,3,0.0,9.613,12.757,6.1948,7.0,4.1583,13.0,30.0,14.565,3.4167,15.0,2.565,-9.0,15.425,84,1,3NBFJK3IPKO682PN9TMBMQFXPULGO5,50,-50,1,-3,1,1,3,-2,1,3,3,-3,3,3,-2,-2,-2,1,3,-3,2,-3,-3,-2,-3,3,1,2,2,2,2,1,84,4,2.2225,1.0499999999999998,1.3299999999999998,2.52,3.9899999999999998,38,1573263448.3630948,1573263452.7954311,2019-11-09 02:37:32.975104,A3OPX#####37M8,judged,1573264127.6191049,A23QI#####SA0I,50,real
61,0.7447665023958179,1.266671753738323,0.0,0.0,0,0.0,0.0,0,-0.2326447467246302,9.1354,9.07,6.0713,7.0,4.1583,2.2333,30.0,11.525,5.16,15.0,2.565,-1.0875,14.8,71,0,3NBFJK3IPKO682PN9TMBMQFXPULGO5,40,32,1,1,-2,-2,-2,-2,1,1,-2,-2,-2,-2,1,1,1,-2,-2,2,-2,1,2,2,-1,-2,-2,-2,1,2,-1,1,133,7,2.3075,1.0499999999999998,1.2000000000000002,2.0,4.98,66,1573264179.6899478,1573264186.6549213,2019-11-09 02:49:46.830323,A2NHW#####YVH0,judged,1573264951.9603856,A3SSE#####7NI7,50,real
62,1.2137316295023657,-1.0588854732388544,291.75,1.0,4,351.0,0.8333333333333334,5,-0.18292781427430682,10.8571,12.33,6.4087,14.0,4.1583,13.0,30.0,11.525,5.16,15.0,2.015,-1.0875,14.8,86,0,3NBFJK3IPKO682PN9TMBMQFXPULGO5,50,-41,2,-2,2,3,3,1,2,2,-3,-3,2,2,-3,2,1,1,2,-3,2,-2,-1,-2,-1,1,2,1,-3,-3,2,-2,117,7,2.7575,1.05,1.5,3.5,4.98,38,1573264388.102265,1573264395.335087,2019-11-09 02:53:15.574971,A3W1M#####YIZI,judged,1573265635.0692852,A1JDE#####1E33,50,real
63,0.7862472003636766,-0.14646590795280967,234.0,0.25,1,336.8,0.8333333333333334,5,1.6419113162977828,7.1958,5.361,8.4097,14.0,4.1583,2.2333,10.22,14.565,3.4167,15.0,2.565,-9.0,14.8,98,0,3NBFJK3IPKO682PN9TMBMQFXPULGO5,45,36,2,2,-3,-3,-2,-3,-1,-3,-3,2,1,-3,-1,2,3,-2,1,-1,-2,-1,1,2,-1,-3,2,-3,2,-3,2,-2,86,6,2.1875,1.04,1.2000000000000002,2.52,3.9899999999999998,22,1573396901.7028477,1573396907.346009,2019-11-10 15:41:47.484938,A2BBD#####77AU,judged,1573397590.8064682,A3QSJ#####0N6V,50,real
64,0.6262834321863123,0.4837107830508505,348.5,0.5,2,293.0,0.16666666666666666,1,-0.967421566101701,8.9341,9.384,5.7012,14.0,4.1583,13.0,10.22,11.525,5.16,15.0,2.565,-1.0875,14.8,34,0,3NBFJK3IPKO682PN9TMBMQFXPULGO5,100,37,-3,2,-3,2,-3,-3,2,-2,-3,2,2,-2,2,3,-3,-3,1,-2,-3,2,3,1,-2,-3,1,-2,2,1,1,-3,135,7,4.645,1.09,1.99,5.5,10.0,14,1573397868.0297692,1573397875.4238036,2019-11-10 15:57:55.571158,A3PIJ#####KNPH,judged,1573398525.6158385,A2Z7S#####5OOI,50,real
65,1.9379909592455802,0.5751746901880039,0.0,0.0,0,345.0,0.5,3,1.1503493803760079,11.4628,15.852,4.001,14.0,6.5,13.0,30.0,14.565,5.16,14.5,2.565,-1.0875,15.425,75,0,3NBFJK3IPKO682PN9TMBMQFXPULGO5,40,-68,2,-3,1,3,3,2,1,3,2,-3,3,3,-3,-2,-3,2,2,-3,2,-3,-3,-3,-3,2,2,1,-2,-3,-2,-2,134,9,2.875,1.0,1.5,3.0,6.0,30,1573397999.6971092,1573398008.8413768,2019-11-10 16:00:08.981537,AOS2P#####YTL,judged,1573398752.0197701,AJ7MW#####3E4,50,real
66,0.38429823361288545,-0.691497063550319,362.0,0.5,2,312.6666666666667,1.0,6,1.382994127100638,11.2161,11.957,7.6922,14.0,4.1583,13.0,30.0,14.565,5.16,15.0,2.565,-1.0875,14.8,118,0,3NBFJK3IPKO682PN9TMBMQFXPULGO5,50,-8,2,1,-1,2,-2,1,-1,1,-2,-2,1,1,-2,-2,-2,-3,-2,1,-2,-2,-1,-2,-2,1,-1,-2,2,-3,1,2,207,26,1.295,1.0,1.2000000000000002,1.0,1.9800000000000002,71,1573398810.1160276,1573398835.7429338,2019-11-10 16:13:56.101165,A2G7N#####X0EE,judged,1573400060.8520505,A5X1K#####REK,50,real
67,0.7862472003636766,-0.14646590795280967,327.0,0.25,1,267.0,0.8333333333333334,5,1.6419113162977828,8.9341,9.384,5.7012,14.0,4.1583,13.0,10.22,11.525,5.16,15.0,2.565,-1.0875,14.8,46,0,3NBFJK3IPKO682PN9TMBMQFXPULGO5,40,-12,-2,-2,3,3,3,1,1,1,-2,-1,-1,2,1,-3,-1,-2,3,1,3,-2,-1,1,1,3,-2,-3,2,2,2,1,93,11,2.3525,1.04,1.38,3.0,3.9899999999999998,33,1573400514.873069,1573400526.0494657,2019-11-10 16:42:06.244631,AU34T#####4Z4,judged,1573400984.1750543,A2ZT5#####K8X9,50,real
68,1.1441994342256387,0.5526085247457696,484.0,0.25,1,411.0,0.3333333333333333,2,0.24376245090062415,9.9715,14.117,4.001,7.0,6.5,13.0,30.0,14.565,5.16,14.5,2.565,-9.0,15.425,81,1,3NBFJK3IPKO682PN9TMBMQFXPULGO5,35,44,-2,2,-2,-2,-2,-2,-2,-2,-2,-2,-2,-2,-2,2,2,-2,-2,2,-2,-2,2,2,2,-2,-2,-2,2,2,2,2,85,10,3.395,1.08,1.5,4.0,7.0,111,1573400568.3536835,1573400578.3913844,2019-11-10 16:42:58.581487,A2SB9#####9QCP,judged,1573401696.1717641,A2SYT#####WJO5,50,real
69,1.9379909592455802,0.5751746901880039,0.0,0.0,0,455.3333333333333,0.5,3,1.1503493803760079,9.7248,10.222,7.6922,7.0,4.1583,13.0,30.0,14.565,5.16,15.0,2.565,-9.0,14.8,96,0,3NBFJK3IPKO682PN9TMBMQFXPULGO5,40,-14,1,1,-2,1,2,-2,3,3,-2,-2,2,1,1,1,2,2,1,-2,2,-1,-1,-1,-2,2,1,2,1,2,2,-2,117,8,3.0125,1.05,1.5,3.5,6.0,41,1573400755.160801,1573400763.0846584,2019-11-10 16:46:03.346926,A2B2H#####LTXU,judged,1573406828.5227559,AMX5R#####A2K,50,real
70,0.7447665023958179,1.266671753738323,0.0,0.0,0,0.0,0.0,0,-0.2326447467246302,7.4614,5.771,6.0223,7.0,4.1583,2.2333,10.22,14.565,5.16,15.0,2.565,-1.0875,14.8,87,10,3NBFJK3IPKO682PN9TMBMQFXPULGO5,40,4,-1,-1,2,-3,-3,-3,2,1,-3,-3,3,2,-2,1,-2,-3,2,1,1,1,1,-1,1,-1,2,-3,2,-2,1,-2,171,14,4.645,1.09,1.99,5.5,10.0,97,1573407644.5997894,1573407658.294631,2019-11-10 18:40:58.496303,AURYD#####UOQ,judged,1573408458.5432653,ATBIP#####KS6,50,real
71,1.1441994342256387,0.12188122545031213,386.0,0.25,1,354.5,0.6666666666666666,4,1.1052170494915392,11.2236,14.477,4.9948,14.0,4.1583,13.0,30.0,14.565,5.16,15.0,2.015,-1.0875,15.425,78,0,3NBFJK3IPKO682PN9TMBMQFXPULGO5,25,46,-2,2,-3,-3,-2,1,-1,2,-2,2,-2,-2,3,3,2,-2,-1,2,-2,2,-1,3,3,-3,3,-2,2,-3,2,-3,387,18,1.2675,0.9900000000000001,1.08,2.0,1.0,32,1573409512.8653502,1573409531.3597865,2019-11-10 19:12:11.581709,A88DX#####WEN,judged,1573410949.4309092,A1PHD#####IK4Q,50,real
72,0.7447665023958179,-0.1163223733623151,0.0,0.0,0,351.5,1.0,6,2.533343507476646,11.4628,15.852,4.001,14.0,6.5,13.0,30.0,14.565,5.16,14.5,2.565,-1.0875,15.425,119,0,3Z33IC0JD3UESCLAZWSJ6J0XASK9VJ,50,-4,2,-2,1,-1,-1,-1,-1,-1,-2,1,1,1,-1,-1,1,-1,1,-1,1,-1,1,1,-1,1,2,-2,1,-2,-1,-1,201,30,4.645,1.09,1.99,5.5,10.0,157,1573425175.8549662,1573425206.265998,2019-11-10 23:33:26.389925,A49MD#####ABO,judged,1573426114.5448017,A1SIS#####2PWH,50,real
73,1.2137316295023657,-1.0588854732388544,322.75,1.0,4,316.0,0.8333333333333334,5,-0.18292781427430682,10.7628,15.202,3.251,7.0,6.5,13.0,30.0,14.565,5.16,14.5,2.565,-1.0875,15.425,41,10,3Z33IC0JD3UESCLAZWSJ6J0XASK9VJ,40,-7,1,1,1,2,1,2,-1,1,1,1,-1,2,1,1,-1,1,1,1,1,1,-1,1,1,1,1,2,1,2,1,1,80,10,3.3525,1.08,1.3299999999999998,4.0,7.0,15,1573426352.7206109,1573426362.2526898,2019-11-10 23:52:42.639654,A3SZF#####QPW3,judged,1573427226.2938902,A3AOV#####XQ51,50,real
74,0.7447665023958179,-0.1163223733623151,0.0,0.0,0,318.1666666666667,1.0,6,2.533343507476646,8.4262,10.906,4.4248,7.0,4.1583,13.0,10.22,14.565,3.4167,15.0,2.565,-1.0875,15.425,106,2,3Z33IC0JD3UESCLAZWSJ6J0XASK9VJ,40,-24,2,-2,3,3,3,3,3,3,-2,1,3,3,1,-3,-1,-1,-1,-3,3,-2,1,3,-2,1,1,1,3,3,2,-3,189,8,1.5575,1.05,1.2000000000000002,2.0,1.9800000000000002,57,1573430099.2011552,1573430106.9462566,2019-11-11 00:55:07.088918,AEM71#####8J1,judged,1573431686.669638,A24LB#####PKKF,50,real
75,1.7663033243692394,0.35981104054027524,0.0,0.0,0,366.75,0.6666666666666666,4,1.5810766796714653,9.4705,11.052,6.9785,14.0,6.5,2.2333,30.0,14.565,3.4167,15.0,2.565,-9.0,15.425,131,0,3IHWR4LC8GL9S1I0VXNMRYFSIKA8I0,30,-52,2,-3,3,3,1,2,2,3,-2,-3,3,-3,-2,-3,-3,-1,3,-3,3,-3,-3,-2,-3,2,2,-2,1,-3,1,2,185,12,2.975,1.02,1.38,3.5,6.0,41,1573433619.8196392,1573433632.3100438,2019-11-11 01:53:52.461444,A150M#####92OT,judged,1573434587.9106593,A17TK#####VH0R,50,real
76,0.7447665023958179,1.266671753738323,0.0,0.0,0,0.0,0.0,0,-0.2326447467246302,9.4469,11.227,4.3447,7.0,4.1583,2.2333,30.0,14.565,5.16,15.0,2.015,-1.0875,15.425,151,0,3IHWR4LC8GL9S1I0VXNMRYFSIKA8I0,5,23,-2,-1,-3,1,2,-2,-2,-3,1,-2,2,-3,-1,2,1,-2,1,-2,2,2,2,2,1,-3,-1,1,1,2,2,-3,174,10,2.21,1.0,1.3299999999999998,2.52,3.9899999999999998,68,1573433688.7296782,1573433698.8971875,2019-11-11 01:54:59.081407,A1131#####GM6R,judged,1573434916.1942902,A1YBG#####80DZ,50,real
77,0.7447665023958179,1.266671753738323,0.0,0.0,0,0.0,0.0,0,-0.2326447467246302,6.9906,8.679,3.2413,7.0,4.1583,2.2333,10.22,11.525,3.4167,15.0,2.015,-1.0875,15.425,27,5,3IHWR4LC8GL9S1I0VXNMRYFSIKA8I0,50,57,-1,2,-2,-2,-1,-2,-3,-3,-3,3,-3,-2,3,3,3,-3,3,3,-3,3,-1,3,2,-2,1,-2,2,-1,2,-2,217,8,3.45,1.09,1.71,4.0,7.0,29,1573434043.7564492,1573434051.4672363,2019-11-11 02:00:51.625194,AUR5K#####SZ9,judged,1573435090.6803548,A1WBG#####NJ9,50,real
78,1.2137316295023657,0.09146390713715341,0.0,0.0,0,397.2,0.8333333333333334,5,2.117770946477709,11.2088,15.075,4.27,14.0,6.5,13.0,30.0,11.525,5.16,15.0,2.565,-1.0875,15.425,101,1,3IHWR4LC8GL9S1I0VXNMRYFSIKA8I0,50,35,1,2,-1,-2,-1,-2,-1,-2,-2,-1,1,1,-1,2,3,-1,-1,3,2,3,1,1,3,-1,-1,-2,1,2,2,-2,150,8,1.8525,1.04,1.3299999999999998,2.0,3.04,67,1573435421.335035,1573435429.043535,2019-11-11 02:23:49.207614,A31JM#####GYEX,judged,1573436082.4521835,A314X#####YL12,50,real
79,1.1441994342256387,0.12188122545031213,394.0,0.25,1,380.5,0.6666666666666666,4,1.1052170494915392,9.613,12.757,6.1947,7.0,4.1583,13.0,30.0,14.565,3.4167,15.0,2.565,-9.0,15.425,91,1,3IHWR4LC8GL9S1I0VXNMRYFSIKA8I0,20,-13,1,-2,-2,-1,-2,-2,1,-1,-2,-2,1,1,-1,-1,-2,-1,1,-2,1,-1,-2,-2,-2,1,1,1,1,-2,1,-2,163,21,3.2625,1.05,1.5,3.5,7.0,60,1573435857.9078913,1573435878.6070151,2019-11-11 02:31:19.014623,A4GGV#####W5C,judged,1573436383.9905956,A3PDH#####CTT5,50,real
80,0.48245473974625286,-1.0287419386483598,273.6666666666667,0.75,3,355.6666666666667,1.0,6,0.7085043769045564,11.2786,14.467,5.3072,14.0,4.1583,13.0,30.0,14.565,5.16,15.0,2.565,-1.0875,15.425,120,100,3IHWR4LC8GL9S1I0VXNMRYFSIKA8I0,40,27,-2,-3,-2,2,2,-3,-2,-2,1,1,-1,-2,2,3,3,-3,-3,1,1,-1,2,2,-1,-3,2,1,2,-3,3,-2,177,15,3.8575,1.0499999999999998,1.38,4.0,9.0,115,1573435844.1990902,1573435858.7742283,2019-11-11 02:30:58.903231,A2TKH#####FAM,judged,1573436551.3741558,A2EEL#####L5SK,50,real
81,1.2554175313546803,0.33724487509804085,450.0,0.25,1,384.0,0.5,3,0.6744897501960817,11.4002,13.342,6.386,14.0,6.5,13.0,30.0,14.565,5.16,14.5,2.565,-1.0875,14.8,102,0,3IHWR4LC8GL9S1I0VXNMRYFSIKA8I0,0,-50,3,-1,3,3,3,-2,3,2,-3,-3,-3,3,-2,1,-2,-1,3,-3,3,-3,-3,-2,-3,3,3,-3,-2,-3,-3,1,178,7,1.0,1.0,1.0,1.0,1.0,83,1573436443.0074165,1573436450.236136,2019-11-11 02:40:50.430350,A8289#####KV4,judged,1573437105.7116463,A15XI#####7SLK,50,real
82,1.2137316295023657,0.09146390713715341,0.0,0.0,0,346.4,0.8333333333333334,5,2.117770946477709,10.609,12.257,7.136,14.0,6.5,13.0,30.0,14.565,5.16,14.5,2.565,-9.0,14.8,33,0,3IHWR4LC8GL9S1I0VXNMRYFSIKA8I0,45,-11,-1,-1,1,1,3,2,-1,1,-1,-1,-3,1,-3,2,1,-1,-1,-3,2,-2,-2,2,-3,1,2,2,3,2,1,-1,370,7,4.645,1.09,1.99,5.5,10.0,403,1573436083.3509755,1573436090.2643714,2019-11-11 02:34:50.455025,A1AUB#####NZLS,judged,1573437210.8787556,A3168#####DIH3,50,real
83,0.7447665023958179,-0.1163223733623151,0.0,0.0,0,239.33333333333334,1.0,6,2.533343507476646,11.2759,12.227,8.5135,14.0,6.5,13.0,30.0,14.565,3.4167,15.0,2.565,-1.0875,14.8,52,5,3IHWR4LC8GL9S1I0VXNMRYFSIKA8I0,30,-35,3,-2,3,1,2,-1,3,2,3,-1,1,2,1,-1,-1,2,2,1,2,-2,1,-1,2,2,3,1,2,-3,1,1,109,14,3.5,1.0,1.0,2.0,10.0,41,1573436802.733482,1573436816.3203423,2019-11-11 02:46:56.478112,ADQED#####7R,judged,1573438021.5309532,A1PIG#####MGNW,50,real
84,0.6262834321863123,-0.4837107830508505,203.5,0.5,2,251.2,0.8333333333333334,5,0.967421566101701,7.8024,6.794,5.4888,14.0,4.1583,2.2333,10.22,11.525,5.16,15.0,2.015,-1.0875,14.8,38,0,3IHWR4LC8GL9S1I0VXNMRYFSIKA8I0,40,-24,2,-2,-3,2,1,-2,2,2,1,-2,2,3,-2,-1,2,3,1,2,1,2,-1,-1,1,2,2,-2,-1,-2,-1,1,141,15,3.155,1.02,1.6,3.0,7.0,128,1573436776.3373008,1573436791.0647388,2019-11-11 02:46:31.308539,A3VL1#####GQK7,judged,1573437485.304484,A136K#####C3G,50,real
85,0.7447665023958179,-0.1163223733623151,0.0,0.0,0,332.8333333333333,1.0,6,2.533343507476646,6.9831,6.159,5.9388,7.0,4.1583,2.2333,10.22,11.525,3.4167,15.0,2.565,-1.0875,14.8,77,0,3IHWR4LC8GL9S1I0VXNMRYFSIKA8I0,35,-22,-1,-1,2,3,3,3,1,2,1,-2,3,1,2,1,3,3,-2,-2,2,-2,-2,2,-2,2,-1,-1,2,-1,2,1,124,9,3.42,1.08,1.6,4.0,7.0,74,1573436879.2836587,1573436888.1619446,2019-11-11 02:48:08.288003,A1VZS#####1JP0,judged,1573437504.9963202,A1F3P#####9HBN,50,real
86,0.7862472003636766,-0.14646590795280967,329.0,0.25,1,379.0,0.8333333333333334,5,1.6419113162977828,11.2161,11.957,7.6923,14.0,4.1583,13.0,30.0,14.565,5.16,15.0,2.565,-1.0875,14.8,89,0,3IHWR4LC8GL9S1I0VXNMRYFSIKA8I0,45,-16,2,1,1,1,1,2,-2,1,-2,-2,1,1,-1,-1,-1,1,1,-1,1,-1,-1,-1,1,-1,2,-1,-1,-2,1,-2,151,9,3.17,1.08,1.6,4.0,6.0,44,1573436907.5247033,1573436916.8203921,2019-11-11 02:48:36.966991,AX4P2#####MQA,judged,1573437694.2028275,A21Y7#####M1PR,50,real
87,0.7862472003636766,-0.14646590795280967,203.0,0.25,1,333.2,0.8333333333333334,5,1.6419113162977828,10.2121,11.67,5.9712,7.0,4.1583,13.0,30.0,11.525,5.16,15.0,2.565,-1.0875,14.8,122,1,3IHWR4LC8GL9S1I0VXNMRYFSIKA8I0,25,-46,1,-2,1,2,3,-1,1,2,2,-3,3,2,-2,-2,1,2,3,-3,2,1,-3,-2,-2,3,2,1,1,-3,1,-1,140,10,3.61,1.05,1.38,4.0,8.01,87,1573437754.4140892,1573437764.109789,2019-11-11 03:02:44.415722,A28U0#####J99R,judged,1573438285.1536667,A17NL#####Y599,50,real
88,0.7447665023958179,-0.1163223733623151,0.0,0.0,0,350.6666666666667,1.0,6,2.533343507476646,7.2871,5.796,6.9098,7.0,4.1583,2.2333,10.22,14.565,3.4167,15.0,2.565,-1.0875,14.8,51,0,3IHWR4LC8GL9S1I0VXNMRYFSIKA8I0,30,24,-2,-1,1,-1,-1,-3,-1,-1,-3,-1,1,-3,-1,2,3,-3,1,-2,2,-1,-1,2,-2,-3,-1,-3,1,1,1,-3,75,10,4.645,1.09,1.99,5.5,10.0,27,1573438089.1442077,1573438099.092306,2019-11-11 03:08:19.231083,A2QAT#####EGUS,judged,1573438591.246419,AVAJT#####XOO,50,real
89,0.7447665023958179,1.266671753738323,0.0,0.0,0,0.0,0.0,0,-0.2326447467246302,10.2196,14.19,3.2738,7.0,4.1583,13.0,30.0,11.525,5.16,15.0,2.015,-1.0875,15.425,53,0,3IHWR4LC8GL9S1I0VXNMRYFSIKA8I0,95,-15,-3,2,1,1,1,1,2,2,-1,1,1,3,1,-2,-1,2,2,1,1,2,1,-1,-1,-1,2,2,-2,2,-1,1,75,6,1.0,1.0,1.0,1.0,1.0,22,1573438116.7985413,1573438122.6351595,2019-11-11 03:08:43.065390,A2D5R#####4AWR,judged,1573438561.9044123,A1BPQ#####7RWS,50,real
90,1.7663033243692394,0.35981104054027524,0.0,0.0,0,355.5,0.6666666666666666,4,1.5810766796714653,9.7804,9.73,6.5088,14.0,4.1583,2.2333,30.0,11.525,5.16,15.0,2.015,-1.0875,14.8,135,0,3IHWR4LC8GL9S1I0VXNMRYFSIKA8I0,50,55,-3,3,-3,-3,-3,-3,-1,-3,-3,3,1,-3,2,1,1,-3,2,2,-3,3,-1,2,1,-3,-1,-3,-2,-1,3,-3,152,17,3.005,1.0499999999999998,1.99,4.0,4.98,62,1573437872.4965293,1573437889.5001497,2019-11-11 03:04:49.758026,A2SAO#####ICGI,judged,1573438589.8551624,A3NXI#####5TXU,50,real
91,0.7447665023958179,1.266671753738323,0.0,0.0,0,0.0,0.0,0,-0.2326447467246302,11.2786,14.467,5.3072,14.0,4.1583,13.0,30.0,14.565,5.16,15.0,2.565,-1.0875,15.425,63,0,3IHWR4LC8GL9S1I0VXNMRYFSIKA8I0,40,-10,2,1,1,-1,1,-2,1,-1,1,-1,-1,1,1,1,1,-1,2,-2,1,1,-1,-1,-2,2,2,-1,-2,-1,1,-1,114,12,2.935,1.04,1.2000000000000002,3.5,6.0,52,1573438107.0456843,1573438119.0649312,2019-11-11 03:08:39.321616,A2MTG#####YFN3,judged,1573438679.8950431,A1WWE#####SVZ0,50,real
92,1.1441994342256387,0.12188122545031213,213.0,0.25,1,153.25,0.6666666666666666,4,1.1052170494915392,8.4258,12.639,0.9475,7.0,6.5,13.0,10.22,11.525,5.16,14.5,2.015,-1.0875,15.425,24,0,3IHWR4LC8GL9S1I0VXNMRYFSIKA8I0,50,-31,1,-1,1,1,3,3,2,1,1,1,3,3,-2,1,3,3,2,-2,2,-3,-3,1,-1,-2,3,3,1,2,-1,-3,173,21,4.645,1.09,1.99,5.5,10.0,46,1573438095.1859396,1573438116.5288427,2019-11-11 03:08:36.663941,A3PRQ#####2718,judged,1573438771.839147,A1N9Z#####R7OU,50,real
93,0.7862472003636766,-0.14646590795280967,211.0,0.25,1,246.4,0.8333333333333334,5,1.6419113162977828,8.6006,10.881,3.5372,7.0,4.1583,13.0,10.22,14.565,5.16,15.0,2.565,-1.0875,15.425,68,0,3IHWR4LC8GL9S1I0VXNMRYFSIKA8I0,40,0,-1,-1,-1,1,-1,-2,2,1,-2,-1,1,1,-1,-1,-1,-1,1,-1,-1,1,1,-1,-1,1,1,-1,2,1,1,-1,148,11,2.2225,1.0499999999999998,1.3299999999999998,2.52,3.9899999999999998,101,1573438093.6580167,1573438104.4977293,2019-11-11 03:08:24.716313,A3GUF#####RGJK,judged,1573439186.3798687,A3HL2#####PZT8,50,real
94,1.2137316295023657,0.09146390713715341,0.0,0.0,0,427.0,0.8333333333333334,5,2.117770946477709,8.4182,10.119,3.645,7.0,6.5,13.0,10.22,11.525,5.16,14.5,2.565,-1.0875,14.8,72,2,3IHWR4LC8GL9S1I0VXNMRYFSIKA8I0,50,-62,3,-3,3,1,3,-2,3,2,-2,-3,3,3,-3,-2,-3,2,3,-3,3,-2,-3,-2,-2,3,3,-1,-2,-3,1,2,211,8,1.6425,1.0,1.0,1.53,3.04,21,1573438146.0108726,1573438153.7975657,2019-11-11 03:09:14.072292,A2AGD#####L1QP,judged,1573439185.0567427,A3TDA#####QFE3,50,real
95,0.6262834321863123,-0.4837107830508505,344.0,0.5,2,323.6,0.8333333333333334,5,0.967421566101701,10.8128,14.062,4.491,7.0,6.5,13.0,30.0,14.565,5.16,15.0,2.565,-1.0875,15.425,138,0,3IHWR4LC8GL9S1I0VXNMRYFSIKA8I0,35,-1,2,1,1,-2,1,-2,-1,1,-2,1,-2,2,1,-2,-1,-2,-1,-1,2,1,-1,-1,-2,1,2,-2,-1,2,1,1,113,19,4.645,1.09,1.99,5.5,10.0,106,1573438147.2665284,1573438166.0739217,2019-11-11 03:09:26.288000,A1IH3#####15YX,judged,1573439320.3523555,A2VTY#####N75V,50,real
96,1.7663033243692394,0.35981104054027524,0.0,0.0,0,339.25,0.6666666666666666,4,1.5810766796714653,10.2121,11.67,5.9712,7.0,4.1583,13.0,30.0,11.525,5.16,15.0,2.565,-1.0875,14.8,75,0,3IHWR4LC8GL9S1I0VXNMRYFSIKA8I0,30,-46,-1,-3,3,3,3,3,2,3,3,-3,3,3,3,3,-2,-1,2,-3,3,-3,-3,1,-3,3,1,1,3,2,-1,3,128,10,1.0,1.0,1.0,1.0,1.0,17,1573438301.954409,1573438312.110518,2019-11-11 03:11:52.650826,AK1Y0#####IQ6,judged,1573439341.54283,AG491#####Q8X,50,real
97,0.7862472003636766,-0.14646590795280967,315.0,0.25,1,395.0,0.8333333333333334,5,1.6419113162977828,10.1394,9.357,7.7923,14.0,4.1583,2.2333,30.0,14.565,5.16,15.0,2.565,-1.0875,14.8,110,0,3IHWR4LC8GL9S1I0VXNMRYFSIKA8I0,50,25,2,-1,-2,-3,2,-3,1,-2,-3,1,-2,1,1,2,1,-2,-1,2,1,2,2,-1,1,2,3,-2,1,2,2,-2,190,12,4.0825,1.0,1.3299999999999998,4.0,10.0,78,1573438179.884077,1573438191.4131403,2019-11-11 03:09:51.570990,A28LJ#####SBSQ,judged,1573439512.567592,A1WEN#####ZZ1U,50,real
98,0.38429823361288545,-0.691497063550319,256.5,0.5,2,348.6666666666667,1.0,6,1.382994127100638,9.7373,13.872,4.0672,7.0,4.1583,13.0,30.0,14.565,5.16,14.5,2.565,-9.0,15.425,148,0,3IHWR4LC8GL9S1I0VXNMRYFSIKA8I0,25,-3,2,1,2,3,-1,1,-2,-3,-2,-1,2,2,2,1,2,2,2,-2,-1,-1,-3,3,-2,-2,1,1,3,-2,1,-2,149,8,2.5875,1.04,1.3299999999999998,3.0,4.98,83,1573438181.2358813,1573438189.7227638,2019-11-11 03:09:50.002624,ARAAV#####YWO,judged,1573439464.9595277,A3HSO#####NZR4,50,real
99,0.7447665023958179,1.266671753738323,0.0,0.0,0,0.0,0.0,0,-0.2326447467246302,9.5432,13.365,5.1575,7.0,6.5,13.0,30.0,11.525,3.4167,15.0,2.565,-9.0,15.425,91,2,3IHWR4LC8GL9S1I0VXNMRYFSIKA8I0,40,-38,3,-2,-1,2,2,2,3,2,-3,-2,3,2,-2,1,-2,3,2,-1,2,3,3,-2,-2,3,1,2,-1,-3,1,1,176,12,3.25,1.0,1.0,1.0,10.0,66,1573438264.2311134,1573438276.7134404,2019-11-11 03:11:16.905791,ATDV8#####O1N,judged,1573439450.8145769,APJ3Z#####UWX,50,real
100,1.7663033243692394,0.35981104054027524,0.0,0.0,0,354.5,0.6666666666666666,4,1.5810766796714653,10.5759,11.577,7.7635,7.0,6.5,13.0,30.0,14.565,3.4167,15.0,2.565,-1.0875,14.8,169,0,3IHWR4LC8GL9S1I0VXNMRYFSIKA8I0,50,20,-2,-2,-2,-3,2,-3,2,2,-2,-2,-2,-1,2,-1,-1,-2,-2,1,-2,1,2,1,1,-1,-1,-1,-2,-2,2,-2,148,9,2.3425,1.0499999999999998,1.3299999999999998,3.0,3.9899999999999998,52,1573439544.7565818,1573439554.1263375,2019-11-11 03:32:34.279237,A31Z1#####NRN9,judged,1573440145.696268,A2FBJ#####9SQ6,50,real
101,0.7862472003636766,0.8209556581488914,359.0,0.25,1,311.0,0.16666666666666666,1,-0.29293181590561934,11.0542,15.632,4.9548,14.0,4.1583,13.0,30.0,14.565,3.4167,14.5,2.565,-1.0875,15.425,240,0,3IHWR4LC8GL9S1I0VXNMRYFSIKA8I0,25,-28,1,1,1,-3,2,-3,2,2,-2,-3,-2,-1,-3,-2,-1,1,2,-2,3,-3,-3,-1,-2,1,3,-2,1,-3,-1,1,293,13,4.645,1.09,1.99,5.5,10.0,196,1573440597.9221427,1573440610.9478974,2019-11-11 03:50:11.083356,A1QBN#####NYYY,judged,1573441854.7700489,A354D#####ODP1,50,real
102,0.7447665023958179,-0.1163223733623151,0.0,0.0,0,340.3333333333333,1.0,6,2.533343507476646,7.7593,10.936,3.0473,7.0,4.1583,13.0,10.22,14.565,5.16,14.5,2.565,-9.0,15.425,124,100,3IHWR4LC8GL9S1I0VXNMRYFSIKA8I0,10,-24,2,-3,2,1,2,1,1,-1,-3,-1,2,1,-2,-2,1,-1,3,-2,2,-1,1,-2,-1,2,1,-1,2,-2,1,-1,125,9,4.475,1.02,1.38,5.5,10.0,96,1573441985.2440696,1573441993.8135896,2019-11-11 04:13:14.048515,AA6RY#####BKM,judged,1573442964.9182994,AVD6H#####LFI,50,real
103,1.2554175313546803,0.33724487509804085,65.0,0.25,1,303.3333333333333,0.5,3,0.6744897501960817,10.0344,10.507,6.2398,14.0,4.1583,2.2333,30.0,14.565,5.16,14.5,2.015,-1.0875,14.8,192,0,3IHWR4LC8GL9S1I0VXNMRYFSIKA8I0,40,2,2,2,-3,-2,1,-2,1,1,-2,-2,2,-2,-3,1,2,2,1,-2,1,-1,2,2,-2,-1,2,-2,-1,-1,2,-2,202,31,2.715,1.0499999999999998,1.3299999999999998,3.5,4.98,215,1573443971.5743406,1573444002.9728167,2019-11-11 04:46:43.306848,A2658#####AR1D,judged,1573447325.2023067,A1FHK#####9RU,50,real
104,1.7663033243692394,0.35981104054027524,0.0,0.0,0,306.75,0.6666666666666666,4,1.5810766796714653,9.8979,12.23,4.4362,14.0,4.1583,2.2333,30.0,11.525,5.16,15.0,2.565,-1.0875,15.425,67,0,3IHWR4LC8GL9S1I0VXNMRYFSIKA8I0,50,-6,1,1,1,3,3,-3,1,1,1,-2,3,-1,-1,3,2,-2,2,-1,2,1,2,-1,-2,-2,2,-2,2,-3,1,-2,121,7,3.315,1.05,1.71,3.5,7.0,35,1573471924.7601852,1573471932.0963488,2019-11-11 12:32:12.254110,A30HU#####X1LK,judged,1573475102.0523796,A1PLZ#####W43J,50,real
