ai_calls_acceptance_probability,ai_calls_best_offer_probability,ai_calls_count_repeated,ai_calls_offers,ai_calls_pauses,ai_nb_calls,ai_offer,completion_code,feedback_accuracy,feedback_explanation,feedback_understanding,job_id,min_offer,min_offer_dss,min_offer_final,offer,offer_dss,offer_final,prop_time_spent,prop_worker_id,resp_time_spent,resp_worker_id,rowid,status,time_start,time_start_dss,time_stop,time_stop_dss,timestamp,updated,worker_id
0.0899:0.1007:0.706:0.1538,0.0013:0.0192:0.8212:0.0767,4,30:35:50:45,24:4:2:3,4,50,respNF:FK1wn,ai_equal_to_proposer,2,5,REFT11B,50,50,50,35,40,40,13,AKNV0#####YAC,9,A2I6Z#####CVSC,1,judgeable,1576875105.6867695,1576875114.6240046,1576875114.4578278,1576875122.8681338,2019-12-20 02:45:27.220014,0,
,,0,,,0,50,respNF:JqgCh,ai_equal_to_proposer,5,3,REFT11B,30,40,40,50,50,50,12,A3T9W#####E2UW,14,A2AM6#####G9MB,2,judgeable,1576875218.4828415,1576875232.8597198,1576875232.6437855,1576875259.709914,2019-12-20 02:50:24.924607,0,
1.0,0.0501,1,100,27,1,50,respNF:7RK38,ai_slighly_better,4,4,REFT11B,20,85,85,100,80,80,13,A2NS7#####ZTE5,7,APNLP#####A53,3,judgeable,1576875583.7488563,1576875590.7634387,1576875590.6090758,1576875599.290601,2019-12-20 03:15:51.971993,0,
0.0782:0.706:0.1007:0.1363:0.1538,0.0007:0.8212:0.0192:0.0336:0.0767,5,20:50:35:40:45,58:7:4:4:4,5,50,respNF:3lJgz,ai_equal_to_proposer,4,5,REFT11B,85,70,70,50,50,50,14,A2SUS#####ZCPM,7,A27PI#####XHRB,4,judgeable,1576877188.5944858,1576877195.3596785,1576877195.209909,1576877202.3035045,2019-12-20 03:18:20.924073,0,
0.1363:0.706,0.0336:0.8212,2,40:50,45:11,2,50,respNF:m2EIj,ai_equal_to_proposer,3,6,REFT11B,50,50,50,50,45,45,10,A1YSY#####BOHW,9,A23CX#####L0CQ,5,judgeable,1576877857.5239468,1576877866.8137522,1576877866.1174085,1576877874.3968089,2019-12-20 03:20:51.747667,0,
,,0,,,0,50,respNF:xo1cH,ai_equal_to_proposer,3,5,REFT11B,50,50,50,40,40,40,22,AFU00#####FXE,7,A3LJE#####RF1G,6,judgeable,1576877941.8098726,1576877949.2928882,1576877948.9111092,1576877963.6285434,2019-12-20 03:29:55.744749,0,
0.706:0.083:0.9277,0.8212:0.0007:0.0528,4,50:25:75,32:12:11,3,50,respNF:Ae9Oq,ai_equal_to_proposer,4,5,REFT11B,50,50,50,50,50,50,12,A2QP9#####R7C2,7,A2ZW2#####HX3G,7,judgeable,1576879050.0083604,1576879056.6832006,1576879056.5097296,1576879076.6721263,2019-12-20 03:34:22.566018,0,
0.706,0.8212,1,50,43,1,50,respNF:0Wjnz,ai_slighly_better,6,4,REFT11B,25,10,10,50,50,50,13,A3KC3#####YEG5,31,A3LT7#####OAKF,8,judgeable,1576880260.899144,1576880291.9848871,1576880291.7121062,1576880356.1059897,2019-12-20 03:36:32.501947,0,
0.706,0.8212,1,50,42,1,50,respNF:vHKWI,ai_better,6,3,REFT11B,50,40,40,50,50,50,16,A3V4A#####BHDO,8,A16AN#####KCVG,9,judgeable,1576881137.5737898,1576881145.526451,1576881145.3765547,1576881172.9611335,2019-12-20 03:36:38.709978,0,
0.083:0.706:0.0899,0.0007:0.8212:0.0013,3,25:50:30,33:10:9,3,50,respNF:HCPTk,ai_sligthly_worse,6,2,REFT11B,45,50,50,25,50,50,18,A1H5Q#####RPZU,10,A26RO#####AXGG,10,judgeable,1576881305.4683409,1576881315.3517728,1576881315.1048858,1576881351.3379102,2019-12-20 03:36:48.289041,0,
0.706:0.7877:0.9556:1.0:0.0899:0.1538,0.8212:0.3978:0.1957:0.0501:0.0013:0.0767,7,50:60:95:100:30:45,48:17:10:7:8:9,6,50,respNF:FUf99,ai_equal_to_proposer,1,7,REFT11B,30,30,30,50,50,50,14,A2AAF#####C1QC,14,A3NKZ#####X0ZP,11,judgeable,1576881422.4581025,1576881436.5496917,1576881436.3932033,1576881462.6613307,2019-12-20 03:37:05.425012,0,
0.706,0.8212,1,50,108,1,50,respNF:cvGQO,ai_sligthly_worse,4,7,REFT11B,50,50,50,50,50,50,18,A30AG#####IEL,13,A21OJ#####LRJ9,12,judgeable,1576881826.8828316,1576881840.3113854,1576881840.126246,1576881867.909907,2019-12-20 03:37:08.681613,0,
0.1363:0.0069:0.706:0.083:0.1538,0.0336:0.0489:0.8212:0.0007:0.0767,6,40:0:50:25:45,45:8:4:11:10,5,50,respNF:RCh1G,ai_much_worse,7,1,REFT11B,50,50,50,40,40,40,14,A1TK4#####CMQJ,13,A2EKR#####0VMV,13,judgeable,1576881965.9515183,1576881979.6068957,1576881979.3010497,1576881994.1266978,2019-12-20 03:37:12.363748,0,
0.706,0.8212,1,50,33,1,50,respNF:OcuZd,ai_equal_to_proposer,3,6,REFT11B,50,50,50,50,50,50,9,AN3F3#####NAM,12,A381D#####MEWZ,14,judgeable,1576882041.1426983,1576882053.206146,1576882053.0648081,1576882063.3409295,2019-12-20 03:37:19.072899,0,
0.706,0.8212,1,50,61,1,50,respNF:3bRIY,ai_equal_to_proposer,3,5,REFT11B,50,50,50,50,50,50,14,A2HJD#####MH8Q,13,A22NU#####OJZ,15,judgeable,1576882108.1723015,1576882121.6784413,1576882121.437729,1576882145.2945702,2019-12-20 03:39:16.889209,0,
0.0628:0.0708:0.1363:0.706:0.1538,0.001:0.0008:0.0336:0.8212:0.0767,6,5:15:40:50:45,73:12:4:10:6,5,50,respNF:qsn6t,ai_sligthly_worse,3,6,REFT11B,30,30,30,30,30,30,19,A2R89#####G05I,14,A3KA3#####PMPA,16,judgeable,1576883128.206219,1576883142.8275943,1576883142.614403,1576883156.551018,2019-12-20 03:39:51.053093,0,
0.0899,0.0013,1,30,65,1,50,respNF:87Sih,ai_slighly_better,3,3,REFT11B,40,45,45,30,35,35,46,A2N67#####Z3Z,11,A2EAI#####SIO5,17,judgeable,1576883123.5576882,1576883134.429995,1576883134.2871933,1576883157.2315934,2019-12-20 03:40:09.547195,0,
0.0782,0.0007,1,20,63,1,50,respNF:f0gai,ai_equal_to_proposer,3,5,REFT11B,50,50,50,25,35,35,49,A31ZL#####6CRY,8,A7SXW#####40R,18,judgeable,1576883185.1363904,1576883193.5217235,1576883193.4074583,1576883203.6738896,2019-12-20 03:41:30.564265,0,
0.706:0.716:0.1363:0.7877,0.8212:0.2681:0.0336:0.3978,5,50:55:40:60,70:22:7:6,4,50,respNF:I4IBo,ai_much_better,2,6,REFT11B,50,50,50,50,50,50,18,A15SJ#####I3B3,13,A3VN7#####NVFQ,19,judgeable,1576883200.3303967,1576883213.6407886,1576883213.5200114,1576883225.849717,2019-12-20 03:41:41.308356,0,
0.1363:0.716:0.706:0.1538,0.0336:0.2681:0.8212:0.0767,5,40:55:50:45,148:47:12:17,4,50,respNF:cP343,ai_slighly_better,4,5,REFT11B,25,50,50,40,50,50,26,A32J0#####D8C0,24,A36U6#####MZ46,20,judgeable,1576883282.9600425,1576883307.012701,1576883306.6396117,1576883359.241007,2019-12-20 03:41:57.588966,0,
0.706:0.1363:0.1538,0.8212:0.0336:0.0767,4,50:40:45,85:21:11,3,50,respNF:D188e,ai_equal_to_proposer,6,4,REFT11B,40,75,75,50,50,50,16,AP9M4#####FYM,5,A1W3Q#####BHWE,21,judgeable,1576883373.0378838,1576883378.5057487,1576883378.3681912,1576883393.1846979,2019-12-20 03:42:02.636925,0,
0.1363:0.706,0.0336:0.8212,2,40:50,73:15,2,50,respNF:cuMNi,ai_equal_to_proposer,2,4,REFT11B,25,50,50,50,50,50,17,ANBWJ#####68T,30,A39EB#####PAFH,22,judgeable,1576883332.7466536,1576883362.7752683,1576883362.5158293,1576883383.2805154,2019-12-20 03:42:41.465096,0,
0.706:0.716:0.1538:0.0899,0.8212:0.2681:0.0767:0.0013,4,50:55:45:30,96:41:26:9,4,50,respNF:NiZuh,ai_much_worse,7,1,REFT11B,50,55,55,50,50,50,17,A1NGI#####YCD9,14,A2E5F#####552,23,judgeable,1576883599.4615579,1576883613.9446602,1576883613.617523,1576883620.723278,2019-12-20 03:42:50.435220,0,
0.0899:0.706,0.0013:0.8212,2,30:50,40:19,2,50,respNF:tRMJO,ai_equal_to_proposer,4,7,REFT11B,45,50,50,30,50,50,14,A342Y#####THWO,16,A2B1X#####NBJM,24,judgeable,1576883714.937001,1576883730.8000228,1576883730.6349888,1576883745.0864217,2019-12-20 03:43:34.040928,0,
0.716:0.1007:0.1538:0.706,0.2681:0.0192:0.0767:0.8212,5,55:35:45:50,128:31:10:12,4,50,respNF:v7Rd0,ai_slighly_better,2,6,REFT11B,10,5,5,55,55,55,48,A1NCW#####AP2K,39,A27GN#####G19C,25,judgeable,1576884055.2038805,1576884094.0063016,1576884093.8688176,1576884109.068371,2019-12-20 03:43:56.465408,0,
0.0069,0.0489,1,0,15,1,50,respNF:vodRj,ai_equal_to_proposer,4,4,REFT11B,50,50,50,0,0,0,7,A2T5N#####NTK2,10,A2FGK#####DFWS,26,judgeable,1576884109.359577,1576884119.632187,1576884119.4753518,1576884140.7496068,2019-12-20 03:44:44.651035,0,
0.0782,0.0007,1,20,51,1,50,respNF:E1qRF,ai_much_worse,6,3,REFT11B,30,35,35,20,20,20,16,ANSS4#####8WM,12,A28P6#####7F9Y,27,judgeable,1576884174.531617,1576884186.9992962,1576884186.7761023,1576884205.4366899,2019-12-20 03:45:03.568715,0,
0.706:0.1363,0.8212:0.0336,3,50:40,100:17,2,50,respNF:25w8a,ai_better,3,5,REFT11B,5,25,25,50,50,50,14,A1CIN#####8SGL,32,A26TP#####66VC,28,judgeable,1576884697.7005906,1576884729.5595658,1576884729.379142,1576884790.802119,2019-12-20 03:45:38.999356,0,
0.7877,0.3978,1,60,16,1,50,respNF:Jud10,ai_better,2,5,REFT11B,50,70,70,50,55,55,10,A1KS9#####53CF,7,A1OPG#####8XOY,29,judgeable,1576884776.0147352,1576884783.2173207,1576884783.0783184,1576884800.7488353,2019-12-20 03:46:06.035295,0,
,,0,,,0,50,respNF:n82hS,ai_slighly_better,3,4,REFT11B,55,50,50,50,50,50,32,APO6K#####O9Q,11,A2Q8N#####OHSY,30,judgeable,1576884983.9843168,1576884995.7069025,1576884995.4148726,1576885007.4057662,2019-12-20 03:46:20.128964,0,
0.9277:0.95:1.0,0.0528:0.0353:0.0501,4,75:90:100,24:7:5,3,50,respNF:RyXaS,ai_worse,5,3,REFT11B,50,50,50,75,75,75,8,AWE9A#####LNU,11,A19DZ#####SBIJ,31,judgeable,1576885143.437885,1576885154.1751637,1576885153.9755316,1576885175.5658422,2019-12-20 03:47:20.286163,0,
0.706:0.0708:0.7877:0.1363,0.8212:0.0008:0.3978:0.0336,5,50:15:60:40,30:6:2:2,4,50,respNF:Ce4Iv,ai_equal_to_proposer,1,6,REFT11B,50,50,50,50,50,50,7,A6FE2#####12V,36,AZ1H5#####9NL,32,judgeable,1576885125.662466,1576885162.3421829,1576885162.0716739,1576885198.0704563,2019-12-20 03:49:07.577990,0,
0.706,0.8212,1,50,29,1,50,respNF:VLcyI,ai_sligthly_worse,3,5,REFT11B,35,30,30,50,50,50,10,A2YV9#####RIRL,7,A2JFR#####YZT2,33,judgeable,1576885247.9026082,1576885254.9781547,1576885254.7900162,1576885280.0587955,2019-12-20 03:50:00.180615,0,
0.706,0.8212,1,50,39,1,50,respNF:4QXeW,ai_equal_to_proposer,2,5,REFT11B,0,0,0,50,40,40,15,A3AG3#####FG1T,39,A30G1#####O3VL,34,judgeable,1576885261.2818,1576885300.097739,1576885299.9243386,1576885359.7959406,2019-12-20 03:50:12.900748,0,
0.716,0.2681,1,55,12,1,50,respNF:515lK,ai_equal_to_proposer,4,3,REFT11B,5,20,20,95,55,55,8,A92XQ#####PVE,16,A3MXB#####G9TA,35,judgeable,1576885460.5392387,1576885476.7295752,1576885476.5330324,1576885493.8155742,2019-12-20 03:50:22.278918,0,
0.083,0.0007,1,25,31,1,50,respNF:f0zn4,ai_equal_to_proposer,6,4,REFT11B,50,50,50,25,20,20,19,AHPHO#####JWE,9,A3U2U#####S933,36,judgeable,1576885493.4972515,1576885502.3840306,1576885502.231105,1576885512.0008059,2019-12-20 03:51:19.354522,0,
0.706,0.8212,1,50,51,1,50,respNF:eTTYn,ai_equal_to_proposer,4,6,REFT11B,50,55,55,50,50,50,10,A2POU#####77VH,11,A15VC#####EPJN,37,judgeable,1576885470.573187,1576885481.4093418,1576885481.2676826,1576885495.9399455,2019-12-20 03:51:21.689213,0,
0.083:0.1363:0.706:0.1538,0.0007:0.0336:0.8212:0.0767,4,25:40:50:45,23:9:5:4,4,50,respNF:lxesX,ai_equal_to_proposer,3,5,REFT11B,40,30,30,25,40,40,10,AK21U#####0ZB,13,A3KQ6#####BOPY,38,judgeable,1576885489.9945621,1576885502.679918,1576885502.4955583,1576885529.2727566,2019-12-20 03:51:56.866620,0,
0.7877,0.3978,1,60,40,1,50,respNF:gKB1k,ai_much_worse,7,2,REFT11B,50,50,50,60,75,75,14,AFM65#####IGP,12,A3CXJ#####DXBN,39,judgeable,1576885614.1053212,1576885626.6077116,1576885626.4063325,1576885634.176063,2019-12-20 03:52:00.673902,0,
0.706,0.8212,1,50,96,1,50,respNF:3OMDt,ai_equal_to_proposer,3,6,REFT11B,25,25,25,50,50,50,19,A13OH#####SCIG,12,A2MSJ#####9T0L,40,judgeable,1576885659.8358157,1576885672.2076461,1576885672.0425985,1576885705.8096907,2019-12-20 03:52:01.969977,0,
0.0681:0.0708:0.0782:0.083:0.706:0.1007,0.0009:0.0008:0.0007:0.0007:0.8212:0.0192,7,10:15:20:25:50:35,41:5:4:9:4:3,6,50,respNF:nE6h9,ai_worse,6,2,REFT11B,30,30,30,25,5,5,17,A31CY#####IG2B,7,A3P27#####XWOC,41,judgeable,1576885901.8513868,1576885909.0543807,1576885908.9119878,1576885920.2557468,2019-12-20 03:52:23.509474,0,
,,0,,,0,50,respNF:3Z0Sl,ai_sligthly_worse,6,4,REFT11B,50,50,50,50,50,50,12,A2X4V#####0HFP,17,A141Q#####E2E,42,judgeable,1576885947.3059256,1576885964.129963,1576885963.9383028,1576886015.632225,2019-12-20 03:52:40.465991,0,
0.706,0.8212,1,50,39,1,50,respNF:ipdbK,ai_equal_to_proposer,3,5,REFT11B,30,25,25,50,50,50,12,A2N93#####SB73,14,AWKUO#####8YI,43,judgeable,1576886078.6190917,1576886093.1540344,1576886092.9940493,1576886122.176328,2019-12-20 03:52:47.680131,0,
0.706:0.1538,0.8212:0.0767,4,50:45,50:5,2,50,respNF:xvr4S,ai_slighly_better,3,6,REFT11B,15,5,5,50,50,50,16,A2RP1#####TEB5,3,A423Q#####3B9,44,judgeable,1576886399.1839626,1576886402.6553502,1576886402.5072699,1576886405.403291,2019-12-20 03:53:29.514518,0,
0.716,0.2681,1,55,70,1,50,respNF:QDgK0,ai_equal_to_proposer,1,7,REFT11B,50,60,60,55,55,55,16,A3B3H#####VD8A,17,A37S0#####6P17,45,judgeable,1576886487.241673,1576886504.1768572,1576886503.8731973,1576886511.4100244,2019-12-20 03:53:50.215089,0,
0.706:0.9277:0.1363,0.8212:0.0528:0.0336,4,50:75:40,52:10:16,3,50,respNF:6c4gW,ai_slighly_better,2,6,REFT11B,45,45,45,50,50,50,17,A3I55#####MWC4,14,A1518#####QYIJ,46,judgeable,1576886486.7935374,1576886501.1364903,1576886500.963086,1576886521.801547,2019-12-20 03:54:04.105520,0,
0.706:0.716:0.1538,0.8212:0.2681:0.0767,4,50:55:45,38:19:6,3,50,respNF:KVjIU,ai_equal_to_proposer,2,6,REFT11B,35,40,40,50,50,50,12,A2HGF#####W1PK,11,A11BA#####5S8M,47,judgeable,1576886566.837714,1576886577.838858,1576886577.5824594,1576886588.564908,2019-12-20 03:54:49.240287,0,
0.706,0.8212,1,50,64,1,50,respNF:KdwCQ,ai_equal_to_proposer,2,6,REFT11B,20,20,20,50,50,50,19,A33VG#####ORMF,8,ADP1Q#####JRS,48,judgeable,1576886569.7841272,1576886577.7047424,1576886577.5580976,1576886598.0642889,2019-12-20 03:55:01.962550,0,
0.706,0.8212,1,50,72,1,50,respNF:Mgzc9,ai_better,2,7,REFT11B,40,35,35,50,50,50,20,A3IMX#####DGAF,8,A28ZP#####S7GZ,49,judgeable,1576886611.4030988,1576886619.2591743,1576886619.1090012,1576886628.6958878,2019-12-20 03:55:33.256106,0,
0.0899:0.706:0.1363,0.0013:0.8212:0.0336,3,30:50:40,61:11:4,3,50,respNF:MTa3m,ai_equal_to_proposer,2,5,REFT11B,50,50,50,50,50,50,12,A27W0#####S1G0,8,A2CY1#####KP5Q,50,judgeable,1576886592.0109951,1576886600.5346975,1576886600.3729172,1576886622.7501056,2019-12-20 03:55:38.409400,0,
,,0,,,0,50,respNF:Gh6di,ai_equal_to_proposer,3,5,REFT11B,25,25,25,50,40,40,9,A23OR#####UVMM,12,A23TH#####OPKP,51,judgeable,1576886584.892479,1576886596.814248,1576886596.5021892,1576886642.3401291,2019-12-20 03:55:52.330531,0,
,,0,,,0,50,respNF:Hwa5F,ai_equal_to_proposer,4,5,REFT11B,25,25,25,50,50,50,14,A2PBI#####M5MD,11,AEQV5#####TPY,52,judgeable,1576886687.0414004,1576886697.852044,1576886697.6509254,1576886713.1248946,2019-12-20 03:56:00.835125,0,
0.716:0.8876,0.2681:0.13,2,55:65,12:2,2,50,respNF:KrPmC,ai_slighly_better,3,4,REFT11B,20,20,20,25,75,75,7,A1L1S#####B4MO,16,A1POA#####TBXB,53,judgeable,1576886685.6366413,1576886702.1989093,1576886702.0251641,1576886725.0915108,2019-12-20 03:56:14.280020,0,
,,0,,,0,50,respNF:iD40V,ai_equal_to_proposer,4,4,REFT11B,20,25,25,45,40,40,26,A2EPB#####I38S,17,A1A3S#####FZEY,54,judgeable,1576886711.2891424,1576886728.7038858,1576886728.457206,1576886748.6981063,2019-12-20 03:56:16.751452,0,
0.1538:0.7877,0.0767:0.3978,2,45:60,35:3,2,50,respNF:4eUrM,ai_equal_to_proposer,4,5,REFT11B,50,50,50,45,50,50,26,A1N1U#####HVMM,39,A15CL#####SJDW,55,judgeable,1576886675.211687,1576886713.913748,1576886713.7505734,1576886743.7204537,2019-12-20 03:56:22.197798,0,
0.706,0.8212,1,50,27,1,50,respNF:eWDRv,ai_equal_to_proposer,6,5,REFT11B,50,50,50,50,50,50,9,A26L0#####7EHQ,14,AUYK3#####O60,56,judgeable,1576886721.5038025,1576886735.9813874,1576886735.7804089,1576886754.9339926,2019-12-20 03:57:17.154480,0,
,,0,,,0,50,respNF:gV7er,ai_much_better,6,5,REFT11B,55,60,60,45,70,70,10,A2RDJ#####BUAW,13,A49A0#####YDU,57,judgeable,1576886736.5034046,1576886749.6126783,1576886749.41352,1576886761.1081712,2019-12-20 03:57:20.900780,0,
,,0,,,0,50,respNF:3nn8Y,ai_sligthly_worse,6,5,REFT11B,50,50,50,35,45,45,22,A2PRL#####EQXI,21,A35ZV#####OBP5,58,judgeable,1576886719.9000785,1576886740.6438634,1576886740.4558046,1576886764.0676928,2019-12-20 03:57:25.968672,0,
0.706,0.8212,1,50,73,1,50,respNF:a4PMV,ai_equal_to_proposer,4,6,REFT11B,25,20,20,50,40,40,23,A3C04#####J66F,13,A28HL#####LSKB,59,judgeable,1576886688.3688474,1576886701.8830056,1576886701.6936839,1576886766.6982644,2019-12-20 03:58:16.155470,0,
0.083:0.1007,0.0007:0.0192,2,25:35,55:14,2,50,respNF:xjAV9,ai_equal_to_proposer,5,5,REFT11B,45,45,45,25,25,25,20,A2YZD#####C65V,20,A3OKW#####VH4F,60,judgeable,1576886726.355018,1576886746.2363641,1576886745.9446564,1576886794.270644,2019-12-20 03:59:30.102351,0,
0.1007:0.706:0.7877:0.1538:0.716,0.0192:0.8212:0.3978:0.0767:0.2681,7,35:50:60:45:55,53:6:5:15:6,5,50,respNF:QON4O,ai_equal_to_proposer,2,5,REFT11B,45,45,45,35,35,35,13,A37UK#####JF4I,15,A1R0N#####GUTE,61,judgeable,1576886809.1090717,1576886824.3189852,1576886824.082631,1576886856.0479429,2019-12-20 04:00:21.413709,0,
0.0681:0.0782:0.706:0.1363:0.1538,0.0009:0.0007:0.8212:0.0336:0.0767,5,10:20:50:40:45,43:10:12:6:9,5,50,respNF:0Nhwc,ai_better,7,5,REFT11B,50,50,50,10,50,50,25,AB1O6#####5EG,10,A3FU3#####5K5F,62,judgeable,1576886850.0096598,1576886860.1576164,1576886860.001532,1576886876.0555828,2019-12-20 04:00:37.348038,0,
0.1363:0.9164,0.0336:0.0548,2,40:70,85:20,2,50,respNF:0OyDi,ai_better,5,6,REFT11B,40,40,40,60,70,70,26,A3VGE#####UP1R,19,A1U69#####IXZ5,63,judgeable,1576886803.796002,1576886823.2306166,1576886822.9704525,1576886861.525938,2019-12-20 04:02:38.055998,0,
0.9277:0.7877:0.706:0.0069:0.0708:0.1007:0.9164:1.0:0.9444:0.95,0.0528:0.3978:0.8212:0.0489:0.0008:0.0192:0.0548:0.0501:0.0338:0.0353,12,75:60:50:0:15:35:70:100:85:90,50:18:5:9:4:11:4:9:8:4,10,50,respNF:VTPkv,ai_equal_to_proposer,5,5,REFT11B,40,40,40,50,100,100,14,A3PQU#####HSCS,20,AJMXU#####DLP,64,judgeable,1576886774.638934,1576886794.6955547,1576886794.5098026,1576886884.3787887,2019-12-20 04:02:53.655624,0,
,,0,,,0,50,respNF:xShMO,ai_better,6,7,REFT11B,30,30,30,15,65,65,6,AP9TU#####GAG,40,A1IIF#####FISQ,65,judgeable,1576886767.22098,1576886807.0157726,1576886806.8582218,1576886849.8012261,2019-12-20 04:03:49.614273,0,
0.706,0.8212,1,50,34,1,50,respNF:mldW8,ai_equal_to_proposer,4,5,REFT11B,30,35,35,50,50,50,8,A13Y5#####6JE4,11,A1U3T#####9FU9,66,judgeable,1576886917.3889081,1576886928.031383,1576886927.900817,1576886935.5048592,2019-12-20 04:04:13.533894,0,
0.0628:0.083:1.0:0.706:0.1363:0.716,0.001:0.0007:0.0501:0.8212:0.0336:0.2681,7,5:25:100:50:40:55,21:7:4:7:13:2,6,50,respNF:XASBH,ai_equal_to_proposer,5,6,REFT11B,50,50,50,30,50,50,10,AUUJ4#####93T,8,A125C#####Q3CY,67,judgeable,1576886891.55994,1576886900.0090618,1576886899.7795913,1576886919.3541806,2019-12-20 04:05:28.861405,0,
0.706,0.8212,1,50,45,1,50,respNF:yOryK,ai_equal_to_proposer,4,6,REFT11B,0,0,0,50,50,50,12,A1GQR#####T2RC,42,ANQYH#####4B1,68,judgeable,1576886796.327079,1576886838.5282595,1576886838.3022556,1576886954.0111923,2019-12-20 04:05:59.633779,0,
0.1007,0.0192,1,35,26,1,50,respNF:ciqOq,ai_worse,4,3,REFT11B,50,75,75,40,40,40,13,A53S7#####G38,14,A3H9M#####IV6V,69,judgeable,1576886931.6812515,1576886945.630393,1576886945.4615982,1576886974.46858,2019-12-20 04:07:32.884409,0,
0.7877,0.3978,1,60,39,1,50,respNF:8mmDK,ai_equal_to_proposer,4,4,REFT11B,45,50,50,40,40,40,31,A2FMS#####2OL7,9,A2NKK#####G50G,70,judgeable,1576886973.2910173,1576886982.134826,1576886981.916216,1576887007.8698206,2019-12-20 04:08:00.743700,0,
1.0,0.0501,1,100,83,1,50,respNF:VKf7f,ai_equal_to_proposer,7,4,REFT11B,30,45,45,100,100,100,42,ACID7#####8QC,17,A1SZ8#####CZH0,71,judgeable,1576887061.7643843,1576887078.5047634,1576887078.2960036,1576887142.6794143,2019-12-20 04:09:25.327436,0,
0.1363:0.7877:0.706,0.0336:0.3978:0.8212,3,40:60:50,55:21:7,3,50,respNF:ecK44,ai_equal_to_proposer,3,6,REFT11B,40,40,40,50,50,50,17,A1CY1#####2TUI,13,A25PQ#####ESAT,72,judgeable,1576887078.1580691,1576887090.8281615,1576887090.6715715,1576887105.5351582,2019-12-20 04:09:44.762299,0,
0.706:0.1538:0.716,0.8212:0.0767:0.2681,4,50:45:55,28:10:5,3,50,respNF:NLLYj,ai_equal_to_proposer,2,6,REFT11B,40,40,40,50,50,50,10,A2KRM#####5ZQJ,17,AOZNG#####2SZ,73,judgeable,1576887149.7966442,1576887166.7236776,1576887166.5386753,1576887190.8299599,2019-12-20 04:09:52.213702,0,
0.1363:0.706,0.0336:0.8212,2,40:50,45:29,2,50,respNF:EnxEc,ai_better,6,5,REFT11B,5,0,0,40,50,50,20,A30MT#####T3F,48,AFWJT#####4SZ,74,judgeable,1576887175.1628385,1576887223.522716,1576887223.2143135,1576887255.0710018,2019-12-20 04:11:31.582713,0,
0.706,0.8212,1,50,55,1,50,respNF:qlE7j,ai_equal_to_proposer,1,7,REFT11B,40,40,40,50,50,50,12,A2KFO#####N0GK,7,A3MAK#####NO62,75,judgeable,1576887447.7947004,1576887454.6354773,1576887454.5041265,1576887470.6480253,2019-12-20 04:12:27.152584,0,
0.8876:0.9164:0.083:0.0782:1.0:0.0628,0.13:0.0548:0.0007:0.0007:0.0501:0.001,6,65:70:25:20:100:5,31:4:6:2:14:5,6,50,respNF:AMCa6,ai_better,6,7,REFT11B,25,25,25,20,60,60,22,A1GEI#####YWCA,10,AI6TD#####8FQ,76,judgeable,1576887456.5378041,1576887466.9490407,1576887466.7082264,1576887484.5878277,2019-12-20 04:13:10.029945,0,
0.706,0.8212,1,50,78,1,50,respNF:oFFKY,ai_equal_to_proposer,3,6,REFT11B,50,45,45,50,50,50,15,A2RJL#####6WQA,9,A1M9D#####KKTC,77,judgeable,1576887510.568886,1576887520.027131,1576887519.8443005,1576887555.2943618,2019-12-20 04:13:44.506281,0,
0.0782,0.0007,1,20,16,1,50,respNF:znCiz,ai_slighly_better,5,5,REFT11B,5,5,5,60,35,35,10,A1CSH#####SFWL,6,A1NF1#####RG1V,78,judgeable,1576887562.5351737,1576887568.8348176,1576887568.6979587,1576887586.7994514,2019-12-20 04:14:03.078740,0,
0.706,0.8212,1,50,28,1,50,respNF:nTpXa,ai_equal_to_proposer,5,6,REFT11B,50,50,50,50,50,50,14,A229S#####QRK5,29,A31QY#####EJH1,79,judgeable,1576887584.1590095,1576887613.3337944,1576887613.1690483,1576887629.3521717,2019-12-20 04:14:08.396859,0,
0.0899:0.706,0.0013:0.8212,2,30:50,14:3,2,50,respNF:LccOw,ai_equal_to_proposer,1,7,REFT11B,50,45,45,0,50,50,6,AOIR8#####MH5,22,A9N9K#####U4W,80,judgeable,1576887603.540658,1576887625.4675977,1576887625.2863805,1576887636.3535097,2019-12-20 04:16:14.426695,0,
0.7877,0.3978,1,60,50,1,50,respNF:reDAM,ai_slighly_better,3,4,REFT11B,45,45,45,30,40,40,21,AC16J#####0LE,19,A1KD8#####5RLM,81,judgeable,1576887671.1606085,1576887689.993287,1576887689.7751734,1576887740.8977714,2019-12-20 04:18:29.112653,0,
0.706:0.1363,0.8212:0.0336,2,50:40,71:15,2,50,respNF:qzaJE,ai_slighly_better,3,5,REFT11B,50,50,50,50,50,50,19,AZY2R#####GMC,6,A2USG#####MM4E,82,judgeable,1576887773.1959813,1576887779.7011404,1576887779.5069962,1576887787.227554,2019-12-20 04:18:59.600851,0,
,,0,,,0,50,respNF:9ByRM,ai_slighly_better,5,5,REFT11B,20,20,20,50,50,50,16,A1580#####M44G,8,AS1IH#####V70,83,judgeable,1576887787.7239661,1576887796.042134,1576887795.8809938,1576887809.7982037,2019-12-20 04:19:54.387478,0,
0.1363:0.706,0.0336:0.8212,2,40:50,46:11,2,50,respNF:cLrp2,ai_slighly_better,7,6,REFT11B,35,40,40,50,50,50,10,A3HHD#####3O7Y,11,A1EAN#####IFA1,84,judgeable,1576887884.4010155,1576887895.5438046,1576887895.3201215,1576887912.2808096,2019-12-20 04:20:44.651066,0,
0.706,0.8212,1,50,44,1,50,respNF:7Xg7R,ai_equal_to_proposer,7,7,REFT11B,50,50,50,50,50,50,11,A2V67#####HNDA,15,A3SKE#####S0DI,85,judgeable,1576887878.56446,1576887893.403838,1576887893.2628512,1576887923.0427773,2019-12-20 04:22:06.563071,0,
0.706:0.9387:0.1363:0.716:0.7877:0.1538,0.8212:0.0316:0.0336:0.2681:0.3978:0.0767,7,50:80:40:55:60:45,58:12:9:5:6:7,6,50,respNF:rpCga,ai_equal_to_proposer,2,6,REFT11B,30,30,30,50,50,50,11,AF18O#####GP2,9,AIHCZ#####PTJ,86,judgeable,1576887915.7770073,1576887925.0751119,1576887924.8862574,1576887944.3947093,2019-12-20 04:23:12.537854,0,
1.0,0.0501,1,100,23,1,50,respNF:x0GN1,ai_slighly_better,4,5,REFT11B,25,25,25,100,50,50,10,A1FL1#####7PZY,22,ARILO#####N64,87,judgeable,1576887877.159887,1576887899.26453,1576887899.108223,1576887933.8443253,2019-12-20 04:23:22.569726,0,
0.706,0.8212,1,50,26,1,50,respNF:JQaqT,ai_equal_to_proposer,3,6,REFT11B,75,75,75,50,50,50,12,A12NO#####REXA,6,A7N3J#####L6M,88,judgeable,1576887953.4754386,1576887960.0230732,1576887959.766915,1576887973.0354617,2019-12-20 04:23:39.157245,0,
0.9277:0.7877:0.706,0.0528:0.3978:0.8212,4,75:60:50,59:26:20,3,50,respNF:mad40,ai_slighly_better,2,5,REFT11B,45,45,45,50,50,50,13,AYIFH#####J6B,20,A27AK#####M9KH,89,judgeable,1576887890.6035237,1576887910.7099013,1576887910.5913393,1576888060.5711484,2019-12-20 04:23:49.891544,0,
0.1538,0.0767,1,45,20,1,50,respNF:UEAzc,ai_sligthly_worse,6,3,REFT11B,40,40,40,50,50,50,6,A37EV#####WT8E,29,A3CAS#####104,90,judgeable,1576887897.5349808,1576887926.7283247,1576887926.365613,1576887967.6405568,2019-12-20 04:24:19.374089,0,
0.1363:0.083:0.9277:0.706,0.0336:0.0007:0.0528:0.8212,4,40:25:75:50,55:8:11:7,4,50,respNF:lFQ4Y,ai_better,2,5,REFT11B,40,40,40,50,50,50,16,A25BR#####0P0A,12,A31VW#####7PP5,91,judgeable,1576888030.2978745,1576888042.5842812,1576888042.1864698,1576888065.3078396,2019-12-20 04:27:08.364365,0,
0.706,0.8212,1,50,41,1,50,respNF:zJJiR,ai_better,2,6,REFT11B,50,50,50,50,50,50,23,A6D5C#####745,14,A7KAE#####X1D,92,judgeable,1576888041.1738913,1576888055.6179123,1576888055.4747522,1576888093.2415802,2019-12-20 04:28:18.336391,0,
0.083,0.0007,1,25,23,1,50,respNF:BwrKF,ai_equal_to_proposer,4,5,REFT11B,50,50,50,25,40,40,14,AKZL9#####YCH,13,A1L2Z#####8MY6,93,judgeable,1576888064.997556,1576888078.2274666,1576888078.0426486,1576888110.2960987,2019-12-20 04:28:41.390603,0,
0.706,0.8212,1,50,55,1,50,respNF:xERYm,ai_equal_to_proposer,4,4,REFT11B,50,50,50,100,60,60,24,A2R9F#####1YV6,16,A2R75#####LBXE,94,judgeable,1576888103.2692535,1576888119.1904993,1576888119.0153852,1576888149.547285,2019-12-20 04:29:33.429864,0,
0.9277,0.0528,1,75,79,1,50,respNF:bYCRW,ai_much_worse,4,4,REFT11B,40,50,50,50,65,65,27,A14TU#####1VAI,16,A1CY7#####H136,95,judgeable,1576888475.0881572,1576888491.5824697,1576888491.3059173,1576888537.0142336,2019-12-20 04:30:23.723490,0,
0.706,0.8212,1,50,47,1,50,respNF:8amu3,ai_equal_to_proposer,3,6,REFT11B,10,10,10,50,50,50,28,A1Z0J#####9FJK,16,A3F51#####A34D,96,judgeable,1576888821.9809747,1576888838.5911677,1576888838.3972127,1576888876.3623943,2019-12-20 04:33:01.005941,0,
0.7877,0.3978,1,60,23,1,50,respNF:0M1Wf,ai_better,5,5,REFT11B,20,20,20,40,70,70,7,A3E8N#####EWXW,17,A34XV#####9Y8C,97,judgeable,1576888923.9288988,1576888941.6115866,1576888941.406287,1576888981.951035,2019-12-20 04:38:49.473081,0,
0.706,0.8212,2,50,23,1,50,respNF:iyQje,ai_slighly_better,2,6,REFT11B,50,50,50,50,50,50,10,A11WC#####5VZP,14,A2I8Y#####JN49,98,judgeable,1576888991.6457705,1576889005.4420989,1576889005.2474535,1576889044.8763828,2019-12-20 04:55:59.764513,0,
0.0782,0.0007,1,20,116,1,50,respNF:vpXky,ai_better,5,6,REFT11B,30,30,30,30,65,65,107,A1JP8#####3R4U,18,A2R94#####G9OR,99,judgeable,1576889276.7559454,1576889295.278872,1576889295.1448796,1576889302.9777012,2019-12-20 04:56:03.308870,0,
,,0,,,0,50,respNF:HvESU,ai_equal_to_proposer,4,3,REFT11B,50,50,50,25,15,15,22,AOSIW#####YUP,12,A1PNY#####8FWF,100,judgeable,1576889380.4089627,1576889392.0685804,1576889391.9234424,1576889419.3375506,2019-12-20 05:06:04.237926,0,
0.083:0.706,0.0007:0.8212,2,25:50,55:10,2,50,respNF:EcT6M,ai_equal_to_proposer,4,6,REFT11B,50,50,50,50,50,50,10,A2A5H#####8TRU,9,A3DK4#####CMM1,101,judgeable,1576889510.8344507,1576889520.3005674,1576889520.1403282,1576889544.97544,2019-12-20 05:08:31.963632,0,
0.706,0.8212,1,50,33,1,50,respNF:Lkqbz,ai_better,6,7,REFT11B,40,40,40,50,50,50,17,AP9NO#####RWI,27,A2VX8#####RN2,102,judgeable,1576890915.5960505,1576890942.794971,1576890942.6323223,1576891007.355246,2019-12-20 05:15:29.984886,0,
1.0,0.0501,1,100,112,1,50,respNF:Zra6B,ai_better,6,6,REFT11B,50,50,50,100,50,50,55,A29KL#####N4CK,16,AWZI6#####EWB,103,judgeable,1576891669.1922188,1576891685.4848673,1576891685.3072286,1576891725.2960267,2019-12-20 05:16:30.928900,0,
0.083,0.0007,1,25,55,1,50,respNF:zwKwF,ai_worse,5,6,REFT11B,50,50,50,50,50,50,34,AJXIC#####76P,11,A3KA0#####AAXO,104,judgeable,1576891970.3068402,1576891981.4586048,1576891981.2903864,1576891994.3911848,2019-12-20 07:02:07.886205,0,
0.706:0.1538:0.716,0.8212:0.0767:0.2681,3,50:45:55,46:11:7,3,50,respNF:nEqke,ai_equal_to_proposer,3,5,REFT11B,50,50,50,50,50,50,12,A379B#####ITYE,20,A2ALY#####PUYQ,105,judgeable,1576893060.1195858,1576893080.710546,1576893080.4397511,1576893110.317915,2019-12-20 07:15:17.742747,0,
